time	EP0	EQ	EP*	[PC]	[PC+]	[Q]	[Q-]	[PC*]	EQh	lambda	Ilamp	Abscoef	k2	Gdiff
1e+08	-0.1	-0.45	-3	0.9989	0.00110004	0.9989	0.00110004	8.99746e-09	-0.275	54392	1	1	1e+08	16000
1e+08	-0.1	-0.45	-2.95	0.9989	0.00110004	0.9989	0.00110004	8.99746e-09	-0.275	54392	1	1	1e+08	16000
1e+08	-0.1	-0.45	-2.9	0.9989	0.00110004	0.9989	0.00110004	8.99746e-09	-0.275	54392	1	1	1e+08	16000
1e+08	-0.1	-0.45	-2.85	0.9989	0.00110004	0.9989	0.00110004	8.99746e-09	-0.275	54392	1	1	1e+08	16000
1e+08	-0.1	-0.45	-2.8	0.9989	0.00110004	0.9989	0.00110004	8.99746e-09	-0.275	54392	1	1	1e+08	16000
1e+08	-0.1	-0.45	-2.75	0.9989	0.00110004	0.9989	0.00110004	8.99746e-09	-0.275	54392	1	1	1e+08	16000
1e+08	-0.1	-0.45	-2.7	0.9989	0.00110004	0.9989	0.00110004	8.99746e-09	-0.275	54392	1	1	1e+08	16000
1e+08	-0.1	-0.45	-2.65	0.9989	0.00110004	0.9989	0.00110004	8.99746e-09	-0.275	54392	1	1	1e+08	16000
1e+08	-0.1	-0.45	-2.6	0.9989	0.00110004	0.9989	0.00110004	8.99746e-09	-0.275	54392	1	1	1e+08	16000
1e+08	-0.1	-0.45	-2.55	0.9989	0.00110004	0.9989	0.00110004	8.99746e-09	-0.275	54392	1	1	1e+08	16000
1e+08	-0.1	-0.45	-2.5	0.9989	0.00110004	0.9989	0.00110004	8.99746e-09	-0.275	54392	1	1	1e+08	16000
1e+08	-0.1	-0.45	-2.45	0.9989	0.00110004	0.9989	0.00110004	8.99746e-09	-0.275	54392	1	1	1e+08	16000
1e+08	-0.1	-0.45	-2.4	0.9989	0.00110004	0.9989	0.00110004	8.99746e-09	-0.275	54392	1	1	1e+08	16000
1e+08	-0.1	-0.45	-2.35	0.9989	0.00110004	0.9989	0.00110004	8.99746e-09	-0.275	54392	1	1	1e+08	16000
1e+08	-0.1	-0.45	-2.3	0.9989	0.00110004	0.9989	0.00110004	8.99746e-09	-0.275	54392	1	1	1e+08	16000
1e+08	-0.1	-0.45	-2.25	0.9989	0.00110004	0.9989	0.00110004	8.99746e-09	-0.275	54392	1	1	1e+08	16000
1e+08	-0.1	-0.45	-2.2	0.9989	0.00110004	0.9989	0.00110004	8.99745e-09	-0.275	54392	1	1	1e+08	16000
1e+08	-0.1	-0.45	-2.15	0.9989	0.00110004	0.9989	0.00110004	8.99735e-09	-0.275	54392	1	1	1e+08	16000
1e+08	-0.1	-0.45	-2.1	0.9989	0.00110004	0.9989	0.00110004	8.99667e-09	-0.275	54392	1	1	1e+08	16000
1e+08	-0.1	-0.45	-2.05	0.9989	0.00110004	0.9989	0.00110004	8.99249e-09	-0.275	54392	1	1	1e+08	16000
1e+08	-0.1	-0.45	-2	0.9989	0.00110004	0.9989	0.00110004	8.96903e-09	-0.275	54392	1	1	1e+08	16000
1e+08	-0.1	-0.45	-1.95	0.9989	0.00110004	0.9989	0.00110004	8.85004e-09	-0.275	54392	1	1	1e+08	16000
1e+08	-0.1	-0.45	-1.9	0.9989	0.00110005	0.9989	0.00110005	8.32864e-09	-0.275	54392	1	1	1e+08	16000
1e+08	-0.1	-0.45	-1.85	0.9989	0.00110005	0.9989	0.00110005	6.63966e-09	-0.275	54392	1	1	1e+08	16000
1e+08	-0.1	-0.45	-1.8	0.9989	0.00110007	0.9989	0.00110007	3.68677e-09	-0.275001	54392	1	1	1e+08	16000
1e+08	-0.1	-0.45	-1.75	0.9989	0.00110008	0.9989	0.00110008	1.41469e-09	-0.275001	54392	1	1	1e+08	16000
1e+08	-0.1	-0.45	-1.7	0.9989	0.00110008	0.9989	0.00110008	4.66294e-10	-0.275001	54392	1	1	1e+08	16000
1e+08	-0.1	-0.45	-1.65	0.9989	0.00110008	0.9989	0.00110008	1.54367e-10	-0.275001	54392	1	1	1e+08	16000
1e+08	-0.1	-0.45	-1.6	0.9989	0.00110008	0.9989	0.00110008	9.11992e-11	-0.275001	54392	1	1	1e+08	16000
1e+08	-0.1	-0.45	-1.55	0.9989	0.00110008	0.9989	0.00110008	9.11992e-11	-0.275001	54392	1	1	1e+08	16000
1e+08	-0.1	-0.45	-1.5	0.9989	0.00110008	0.9989	0.00110008	9.11992e-11	-0.275001	54392	1	1	1e+08	16000
1e+08	-0.1	-0.45	-1.45	0.9989	0.00110008	0.9989	0.00110008	9.11992e-11	-0.275001	54392	1	1	1e+08	16000
1e+08	-0.1	-0.45	-1.4	0.9989	0.00110008	0.9989	0.00110008	9.11992e-11	-0.275001	54392	1	1	1e+08	16000
1e+08	-0.1	-0.45	-1.35	0.9989	0.00110008	0.9989	0.00110008	9.11992e-11	-0.275001	54392	1	1	1e+08	16000
1e+08	-0.1	-0.45	-1.3	0.9989	0.00110008	0.9989	0.00110008	9.11992e-11	-0.275001	54392	1	1	1e+08	16000
1e+08	-0.1	-0.45	-1.25	0.9989	0.00110008	0.9989	0.00110008	9.11992e-11	-0.275001	54392	1	1	1e+08	16000
1e+08	-0.1	-0.45	-1.2	0.9989	0.00110008	0.9989	0.00110008	9.11992e-11	-0.275001	54392	1	1	1e+08	16000
1e+08	-0.1	-0.45	-1.15	0.9989	0.00110008	0.9989	0.00110008	9.11992e-11	-0.275001	54392	1	1	1e+08	16000
1e+08	-0.05	-0.45	-3	0.999584	0.000416025	0.999584	0.000416025	8.99904e-09	-0.25	54392	1	1	1e+08	16000
1e+08	-0.05	-0.45	-2.95	0.999584	0.000416025	0.999584	0.000416025	8.99904e-09	-0.25	54392	1	1	1e+08	16000
1e+08	-0.05	-0.45	-2.9	0.999584	0.000416025	0.999584	0.000416025	8.99904e-09	-0.25	54392	1	1	1e+08	16000
1e+08	-0.05	-0.45	-2.85	0.999584	0.000416025	0.999584	0.000416025	8.99904e-09	-0.25	54392	1	1	1e+08	16000
1e+08	-0.05	-0.45	-2.8	0.999584	0.000416025	0.999584	0.000416025	8.99904e-09	-0.25	54392	1	1	1e+08	16000
1e+08	-0.05	-0.45	-2.75	0.999584	0.000416025	0.999584	0.000416025	8.99904e-09	-0.25	54392	1	1	1e+08	16000
1e+08	-0.05	-0.45	-2.7	0.999584	0.000416025	0.999584	0.000416025	8.99904e-09	-0.25	54392	1	1	1e+08	16000
1e+08	-0.05	-0.45	-2.65	0.999584	0.000416025	0.999584	0.000416025	8.99904e-09	-0.25	54392	1	1	1e+08	16000
1e+08	-0.05	-0.45	-2.6	0.999584	0.000416025	0.999584	0.000416025	8.99904e-09	-0.25	54392	1	1	1e+08	16000
1e+08	-0.05	-0.45	-2.55	0.999584	0.000416025	0.999584	0.000416025	8.99904e-09	-0.25	54392	1	1	1e+08	16000
1e+08	-0.05	-0.45	-2.5	0.999584	0.000416025	0.999584	0.000416025	8.99904e-09	-0.25	54392	1	1	1e+08	16000
1e+08	-0.05	-0.45	-2.45	0.999584	0.000416025	0.999584	0.000416025	8.99904e-09	-0.25	54392	1	1	1e+08	16000
1e+08	-0.05	-0.45	-2.4	0.999584	0.000416025	0.999584	0.000416025	8.99904e-09	-0.25	54392	1	1	1e+08	16000
1e+08	-0.05	-0.45	-2.35	0.999584	0.000416025	0.999584	0.000416025	8.99904e-09	-0.25	54392	1	1	1e+08	16000
1e+08	-0.05	-0.45	-2.3	0.999584	0.000416025	0.999584	0.000416025	8.99904e-09	-0.25	54392	1	1	1e+08	16000
1e+08	-0.05	-0.45	-2.25	0.999584	0.000416025	0.999584	0.000416025	8.99904e-09	-0.25	54392	1	1	1e+08	16000
1e+08	-0.05	-0.45	-2.2	0.999584	0.000416025	0.999584	0.000416025	8.99903e-09	-0.25	54392	1	1	1e+08	16000
1e+08	-0.05	-0.45	-2.15	0.999584	0.000416025	0.999584	0.000416025	8.99892e-09	-0.25	54392	1	1	1e+08	16000
1e+08	-0.05	-0.45	-2.1	0.999584	0.000416025	0.999584	0.000416025	8.99824e-09	-0.25	54392	1	1	1e+08	16000
1e+08	-0.05	-0.45	-2.05	0.999584	0.000416025	0.999584	0.000416025	8.99406e-09	-0.25	54392	1	1	1e+08	16000
1e+08	-0.05	-0.45	-2	0.999584	0.000416025	0.999584	0.000416025	8.97059e-09	-0.25	54392	1	1	1e+08	16000
1e+08	-0.05	-0.45	-1.95	0.999584	0.000416027	0.999584	0.000416027	8.85149e-09	-0.25	54392	1	1	1e+08	16000
1e+08	-0.05	-0.45	-1.9	0.999584	0.000416033	0.999584	0.000416033	8.32968e-09	-0.250001	54392	1	1	1e+08	16000
1e+08	-0.05	-0.45	-1.85	0.999584	0.000416054	0.999584	0.000416054	6.63964e-09	-0.250002	54392	1	1	1e+08	16000
1e+08	-0.05	-0.45	-1.8	0.999584	0.00041609	0.999584	0.00041609	3.68593e-09	-0.250004	54392	1	1	1e+08	16000
1e+08	-0.05	-0.45	-1.75	0.999584	0.000416118	0.999584	0.000416118	1.41412e-09	-0.250006	54392	1	1	1e+08	16000
1e+08	-0.05	-0.45	-1.7	0.999584	0.00041613	0.999584	0.00041613	4.66073e-10	-0.250006	54392	1	1	1e+08	16000
1e+08	-0.05	-0.45	-1.65	0.999584	0.000416134	0.999584	0.000416134	1.54291e-10	-0.250007	54392	1	1	1e+08	16000
1e+08	-0.05	-0.45	-1.6	0.999584	0.000416135	0.999584	0.000416135	9.11535e-11	-0.250007	54392	1	1	1e+08	16000
1e+08	-0.05	-0.45	-1.55	0.999584	0.000416135	0.999584	0.000416135	9.11535e-11	-0.250007	54392	1	1	1e+08	16000
1e+08	-0.05	-0.45	-1.5	0.999584	0.000416135	0.999584	0.000416135	9.11535e-11	-0.250007	54392	1	1	1e+08	16000
1e+08	-0.05	-0.45	-1.45	0.999584	0.000416135	0.999584	0.000416135	9.11535e-11	-0.250007	54392	1	1	1e+08	16000
1e+08	-0.05	-0.45	-1.4	0.999584	0.000416135	0.999584	0.000416135	9.11535e-11	-0.250007	54392	1	1	1e+08	16000
1e+08	-0.05	-0.45	-1.35	0.999584	0.000416135	0.999584	0.000416135	9.11535e-11	-0.250007	54392	1	1	1e+08	16000
1e+08	-0.05	-0.45	-1.3	0.999584	0.000416135	0.999584	0.000416135	9.11535e-11	-0.250007	54392	1	1	1e+08	16000
1e+08	-0.05	-0.45	-1.25	0.999584	0.000416135	0.999584	0.000416135	9.11535e-11	-0.250007	54392	1	1	1e+08	16000
1e+08	-0.05	-0.45	-1.2	0.999584	0.000416135	0.999584	0.000416135	9.11535e-11	-0.250007	54392	1	1	1e+08	16000
1e+08	-0.05	-0.45	-1.15	0.999584	0.000416135	0.999584	0.000416135	9.11535e-11	-0.250007	54392	1	1	1e+08	16000
1e+08	-0.05	-0.45	-1.1	0.999584	0.000416135	0.999584	0.000416135	9.11535e-11	-0.250007	54392	1	1	1e+08	16000
1e+08	0	-0.45	-3	0.999843	0.00015727	0.999843	0.00015727	8.99964e-09	-0.225	54392	1	1	1e+08	16000
1e+08	0	-0.45	-2.95	0.999843	0.00015727	0.999843	0.00015727	8.99964e-09	-0.225	54392	1	1	1e+08	16000
1e+08	0	-0.45	-2.9	0.999843	0.00015727	0.999843	0.00015727	8.99964e-09	-0.225	54392	1	1	1e+08	16000
1e+08	0	-0.45	-2.85	0.999843	0.00015727	0.999843	0.00015727	8.99964e-09	-0.225	54392	1	1	1e+08	16000
1e+08	0	-0.45	-2.8	0.999843	0.00015727	0.999843	0.00015727	8.99964e-09	-0.225	54392	1	1	1e+08	16000
1e+08	0	-0.45	-2.75	0.999843	0.00015727	0.999843	0.00015727	8.99964e-09	-0.225	54392	1	1	1e+08	16000
1e+08	0	-0.45	-2.7	0.999843	0.00015727	0.999843	0.00015727	8.99964e-09	-0.225	54392	1	1	1e+08	16000
1e+08	0	-0.45	-2.65	0.999843	0.00015727	0.999843	0.00015727	8.99964e-09	-0.225	54392	1	1	1e+08	16000
1e+08	0	-0.45	-2.6	0.999843	0.00015727	0.999843	0.00015727	8.99964e-09	-0.225	54392	1	1	1e+08	16000
1e+08	0	-0.45	-2.55	0.999843	0.00015727	0.999843	0.00015727	8.99964e-09	-0.225	54392	1	1	1e+08	16000
1e+08	0	-0.45	-2.5	0.999843	0.00015727	0.999843	0.00015727	8.99964e-09	-0.225	54392	1	1	1e+08	16000
1e+08	0	-0.45	-2.45	0.999843	0.00015727	0.999843	0.00015727	8.99964e-09	-0.225	54392	1	1	1e+08	16000
1e+08	0	-0.45	-2.4	0.999843	0.00015727	0.999843	0.00015727	8.99964e-09	-0.225	54392	1	1	1e+08	16000
1e+08	0	-0.45	-2.35	0.999843	0.00015727	0.999843	0.00015727	8.99964e-09	-0.225	54392	1	1	1e+08	16000
1e+08	0	-0.45	-2.3	0.999843	0.00015727	0.999843	0.00015727	8.99964e-09	-0.225	54392	1	1	1e+08	16000
1e+08	0	-0.45	-2.25	0.999843	0.00015727	0.999843	0.00015727	8.99964e-09	-0.225	54392	1	1	1e+08	16000
1e+08	0	-0.45	-2.2	0.999843	0.00015727	0.999843	0.00015727	8.99962e-09	-0.225	54392	1	1	1e+08	16000
1e+08	0	-0.45	-2.15	0.999843	0.00015727	0.999843	0.00015727	8.99952e-09	-0.225	54392	1	1	1e+08	16000
1e+08	0	-0.45	-2.1	0.999843	0.00015727	0.999843	0.00015727	8.99884e-09	-0.225	54392	1	1	1e+08	16000
1e+08	0	-0.45	-2.05	0.999843	0.00015727	0.999843	0.00015727	8.99466e-09	-0.225	54392	1	1	1e+08	16000
1e+08	0	-0.45	-2	0.999843	0.00015727	0.999843	0.00015727	8.97117e-09	-0.225	54392	1	1	1e+08	16000
1e+08	0	-0.45	-1.95	0.999843	0.000157274	0.999843	0.000157274	8.85204e-09	-0.225001	54392	1	1	1e+08	16000
1e+08	0	-0.45	-1.9	0.999843	0.000157291	0.999843	0.000157291	8.33007e-09	-0.225004	54392	1	1	1e+08	16000
1e+08	0	-0.45	-1.85	0.999843	0.000157346	0.999843	0.000157346	6.63963e-09	-0.225013	54392	1	1	1e+08	16000
1e+08	0	-0.45	-1.8	0.999843	0.000157442	0.999843	0.000157442	3.68561e-09	-0.225028	54392	1	1	1e+08	16000
1e+08	0	-0.45	-1.75	0.999842	0.000157516	0.999843	0.000157516	1.41391e-09	-0.22504	54392	1	1	1e+08	16000
1e+08	0	-0.45	-1.7	0.999842	0.000157547	0.999842	0.000157547	4.6599e-10	-0.225045	54392	1	1	1e+08	16000
1e+08	0	-0.45	-1.65	0.999842	0.000157557	0.999842	0.000157557	1.54262e-10	-0.225047	54392	1	1	1e+08	16000
1e+08	0	-0.45	-1.6	0.999842	0.000157559	0.999842	0.000157559	9.11361e-11	-0.225047	54392	1	1	1e+08	16000
1e+08	0	-0.45	-1.55	0.999842	0.000157559	0.999842	0.000157559	9.11361e-11	-0.225047	54392	1	1	1e+08	16000
1e+08	0	-0.45	-1.5	0.999842	0.000157559	0.999842	0.000157559	9.11361e-11	-0.225047	54392	1	1	1e+08	16000
1e+08	0	-0.45	-1.45	0.999842	0.000157559	0.999842	0.000157559	9.11361e-11	-0.225047	54392	1	1	1e+08	16000
1e+08	0	-0.45	-1.4	0.999842	0.000157559	0.999842	0.000157559	9.11361e-11	-0.225047	54392	1	1	1e+08	16000
1e+08	0	-0.45	-1.35	0.999842	0.000157559	0.999842	0.000157559	9.11361e-11	-0.225047	54392	1	1	1e+08	16000
1e+08	0	-0.45	-1.3	0.999842	0.000157559	0.999842	0.000157559	9.11361e-11	-0.225047	54392	1	1	1e+08	16000
1e+08	0	-0.45	-1.25	0.999842	0.000157559	0.999842	0.000157559	9.11361e-11	-0.225047	54392	1	1	1e+08	16000
1e+08	0	-0.45	-1.2	0.999842	0.000157559	0.999842	0.000157559	9.11361e-11	-0.225047	54392	1	1	1e+08	16000
1e+08	0	-0.45	-1.15	0.999842	0.000157559	0.999842	0.000157559	9.11361e-11	-0.225047	54392	1	1	1e+08	16000
1e+08	0	-0.45	-1.1	0.999842	0.000157559	0.999842	0.000157559	9.11361e-11	-0.225047	54392	1	1	1e+08	16000
1e+08	0	-0.45	-1.05	0.999842	0.000157559	0.999842	0.000157559	9.11362e-11	-0.225047	54392	1	1	1e+08	16000
1e+08	0.05	-0.45	-3	0.999941	5.94428e-05	0.999941	5.94428e-05	8.99986e-09	-0.2	54392	1	1	1e+08	16000
1e+08	0.05	-0.45	-2.95	0.999941	5.94428e-05	0.999941	5.94428e-05	8.99986e-09	-0.2	54392	1	1	1e+08	16000
1e+08	0.05	-0.45	-2.9	0.999941	5.94428e-05	0.999941	5.94428e-05	8.99986e-09	-0.2	54392	1	1	1e+08	16000
1e+08	0.05	-0.45	-2.85	0.999941	5.94428e-05	0.999941	5.94428e-05	8.99986e-09	-0.2	54392	1	1	1e+08	16000
1e+08	0.05	-0.45	-2.8	0.999941	5.94428e-05	0.999941	5.94428e-05	8.99986e-09	-0.2	54392	1	1	1e+08	16000
1e+08	0.05	-0.45	-2.75	0.999941	5.94428e-05	0.999941	5.94428e-05	8.99986e-09	-0.2	54392	1	1	1e+08	16000
1e+08	0.05	-0.45	-2.7	0.999941	5.94428e-05	0.999941	5.94428e-05	8.99986e-09	-0.2	54392	1	1	1e+08	16000
1e+08	0.05	-0.45	-2.65	0.999941	5.94428e-05	0.999941	5.94428e-05	8.99986e-09	-0.2	54392	1	1	1e+08	16000
1e+08	0.05	-0.45	-2.6	0.999941	5.94428e-05	0.999941	5.94428e-05	8.99986e-09	-0.2	54392	1	1	1e+08	16000
1e+08	0.05	-0.45	-2.55	0.999941	5.94428e-05	0.999941	5.94428e-05	8.99986e-09	-0.2	54392	1	1	1e+08	16000
1e+08	0.05	-0.45	-2.5	0.999941	5.94428e-05	0.999941	5.94428e-05	8.99986e-09	-0.2	54392	1	1	1e+08	16000
1e+08	0.05	-0.45	-2.45	0.999941	5.94428e-05	0.999941	5.94428e-05	8.99986e-09	-0.2	54392	1	1	1e+08	16000
1e+08	0.05	-0.45	-2.4	0.999941	5.94428e-05	0.999941	5.94428e-05	8.99986e-09	-0.2	54392	1	1	1e+08	16000
1e+08	0.05	-0.45	-2.35	0.999941	5.94428e-05	0.999941	5.94428e-05	8.99986e-09	-0.2	54392	1	1	1e+08	16000
1e+08	0.05	-0.45	-2.3	0.999941	5.94428e-05	0.999941	5.94428e-05	8.99986e-09	-0.2	54392	1	1	1e+08	16000
1e+08	0.05	-0.45	-2.25	0.999941	5.94428e-05	0.999941	5.94428e-05	8.99986e-09	-0.2	54392	1	1	1e+08	16000
1e+08	0.05	-0.45	-2.2	0.999941	5.94428e-05	0.999941	5.94428e-05	8.99985e-09	-0.2	54392	1	1	1e+08	16000
1e+08	0.05	-0.45	-2.15	0.999941	5.94428e-05	0.999941	5.94428e-05	8.99975e-09	-0.2	54392	1	1	1e+08	16000
1e+08	0.05	-0.45	-2.1	0.999941	5.94429e-05	0.999941	5.94429e-05	8.99907e-09	-0.2	54392	1	1	1e+08	16000
1e+08	0.05	-0.45	-2.05	0.999941	5.94433e-05	0.999941	5.94433e-05	8.99488e-09	-0.2	54392	1	1	1e+08	16000
1e+08	0.05	-0.45	-2	0.999941	5.94453e-05	0.999941	5.94453e-05	8.9714e-09	-0.200001	54392	1	1	1e+08	16000
1e+08	0.05	-0.45	-1.95	0.999941	5.94555e-05	0.999941	5.94555e-05	8.85225e-09	-0.200005	54392	1	1	1e+08	16000
1e+08	0.05	-0.45	-1.9	0.999941	5.95004e-05	0.999941	5.95004e-05	8.33022e-09	-0.200025	54392	1	1	1e+08	16000
1e+08	0.05	-0.45	-1.85	0.99994	5.96456e-05	0.99994	5.96456e-05	6.63962e-09	-0.200087	54392	1	1	1e+08	16000
1e+08	0.05	-0.45	-1.8	0.99994	5.98983e-05	0.99994	5.98983e-05	3.68549e-09	-0.200196	54392	1	1	1e+08	16000
1e+08	0.05	-0.45	-1.75	0.99994	6.00919e-05	0.99994	6.00919e-05	1.41383e-09	-0.200279	54392	1	1	1e+08	16000
1e+08	0.05	-0.45	-1.7	0.99994	6.01726e-05	0.99994	6.01726e-05	4.65959e-10	-0.200313	54392	1	1	1e+08	16000
1e+08	0.05	-0.45	-1.65	0.99994	6.0199e-05	0.99994	6.0199e-05	1.54251e-10	-0.200325	54392	1	1	1e+08	16000
1e+08	0.05	-0.45	-1.6	0.99994	6.02044e-05	0.99994	6.02044e-05	9.11296e-11	-0.200327	54392	1	1	1e+08	16000
1e+08	0.05	-0.45	-1.55	0.99994	6.02044e-05	0.99994	6.02044e-05	9.11296e-11	-0.200327	54392	1	1	1e+08	16000
1e+08	0.05	-0.45	-1.5	0.99994	6.02044e-05	0.99994	6.02044e-05	9.11296e-11	-0.200327	54392	1	1	1e+08	16000
1e+08	0.05	-0.45	-1.45	0.99994	6.02044e-05	0.99994	6.02044e-05	9.11296e-11	-0.200327	54392	1	1	1e+08	16000
1e+08	0.05	-0.45	-1.4	0.99994	6.02044e-05	0.99994	6.02044e-05	9.11296e-11	-0.200327	54392	1	1	1e+08	16000
1e+08	0.05	-0.45	-1.35	0.99994	6.02044e-05	0.99994	6.02044e-05	9.11296e-11	-0.200327	54392	1	1	1e+08	16000
1e+08	0.05	-0.45	-1.3	0.99994	6.02044e-05	0.99994	6.02044e-05	9.11296e-11	-0.200327	54392	1	1	1e+08	16000
1e+08	0.05	-0.45	-1.25	0.99994	6.02044e-05	0.99994	6.02044e-05	9.11296e-11	-0.200327	54392	1	1	1e+08	16000
1e+08	0.05	-0.45	-1.2	0.99994	6.02044e-05	0.99994	6.02044e-05	9.11296e-11	-0.200327	54392	1	1	1e+08	16000
1e+08	0.05	-0.45	-1.15	0.99994	6.02044e-05	0.99994	6.02044e-05	9.11296e-11	-0.200327	54392	1	1	1e+08	16000
1e+08	0.05	-0.45	-1.1	0.99994	6.02044e-05	0.99994	6.02044e-05	9.11296e-11	-0.200327	54392	1	1	1e+08	16000
1e+08	0.05	-0.45	-1.05	0.99994	6.02044e-05	0.99994	6.02044e-05	9.11296e-11	-0.200327	54392	1	1	1e+08	16000
1e+08	0.05	-0.45	-1	0.99994	6.02044e-05	0.99994	6.02044e-05	9.11296e-11	-0.200327	54392	1	1	1e+08	16000
1e+08	0.1	-0.45	-3	0.999978	2.24661e-05	0.999978	2.24661e-05	8.99995e-09	-0.175	54392	1	1	1e+08	16000
1e+08	0.1	-0.45	-2.95	0.999978	2.24661e-05	0.999978	2.24661e-05	8.99995e-09	-0.175	54392	1	1	1e+08	16000
1e+08	0.1	-0.45	-2.9	0.999978	2.24661e-05	0.999978	2.24661e-05	8.99995e-09	-0.175	54392	1	1	1e+08	16000
1e+08	0.1	-0.45	-2.85	0.999978	2.24661e-05	0.999978	2.24661e-05	8.99995e-09	-0.175	54392	1	1	1e+08	16000
1e+08	0.1	-0.45	-2.8	0.999978	2.24661e-05	0.999978	2.24661e-05	8.99995e-09	-0.175	54392	1	1	1e+08	16000
1e+08	0.1	-0.45	-2.75	0.999978	2.24661e-05	0.999978	2.24661e-05	8.99995e-09	-0.175	54392	1	1	1e+08	16000
1e+08	0.1	-0.45	-2.7	0.999978	2.24661e-05	0.999978	2.24661e-05	8.99995e-09	-0.175	54392	1	1	1e+08	16000
1e+08	0.1	-0.45	-2.65	0.999978	2.24661e-05	0.999978	2.24661e-05	8.99995e-09	-0.175	54392	1	1	1e+08	16000
1e+08	0.1	-0.45	-2.6	0.999978	2.24661e-05	0.999978	2.24661e-05	8.99995e-09	-0.175	54392	1	1	1e+08	16000
1e+08	0.1	-0.45	-2.55	0.999978	2.24661e-05	0.999978	2.24661e-05	8.99995e-09	-0.175	54392	1	1	1e+08	16000
1e+08	0.1	-0.45	-2.5	0.999978	2.24661e-05	0.999978	2.24661e-05	8.99995e-09	-0.175	54392	1	1	1e+08	16000
1e+08	0.1	-0.45	-2.45	0.999978	2.24661e-05	0.999978	2.24661e-05	8.99995e-09	-0.175	54392	1	1	1e+08	16000
1e+08	0.1	-0.45	-2.4	0.999978	2.24661e-05	0.999978	2.24661e-05	8.99995e-09	-0.175	54392	1	1	1e+08	16000
1e+08	0.1	-0.45	-2.35	0.999978	2.24661e-05	0.999978	2.24661e-05	8.99995e-09	-0.175	54392	1	1	1e+08	16000
1e+08	0.1	-0.45	-2.3	0.999978	2.24661e-05	0.999978	2.24661e-05	8.99995e-09	-0.175	54392	1	1	1e+08	16000
1e+08	0.1	-0.45	-2.25	0.999978	2.24661e-05	0.999978	2.24661e-05	8.99995e-09	-0.175	54392	1	1	1e+08	16000
1e+08	0.1	-0.45	-2.2	0.999978	2.24661e-05	0.999978	2.24661e-05	8.99993e-09	-0.175	54392	1	1	1e+08	16000
1e+08	0.1	-0.45	-2.15	0.999978	2.24662e-05	0.999978	2.24662e-05	8.99983e-09	-0.175	54392	1	1	1e+08	16000
1e+08	0.1	-0.45	-2.1	0.999978	2.24663e-05	0.999978	2.24663e-05	8.99915e-09	-0.175	54392	1	1	1e+08	16000
1e+08	0.1	-0.45	-2.05	0.999978	2.24673e-05	0.999978	2.24673e-05	8.99497e-09	-0.175001	54392	1	1	1e+08	16000
1e+08	0.1	-0.45	-2	0.999978	2.24726e-05	0.999978	2.24726e-05	8.97148e-09	-0.175007	54392	1	1	1e+08	16000
1e+08	0.1	-0.45	-1.95	0.999978	2.24997e-05	0.999978	2.24997e-05	8.85232e-09	-0.175038	54392	1	1	1e+08	16000
1e+08	0.1	-0.45	-1.9	0.999977	2.26181e-05	0.999977	2.26181e-05	8.33027e-09	-0.175173	54392	1	1	1e+08	16000
1e+08	0.1	-0.45	-1.85	0.999977	2.29972e-05	0.999977	2.29972e-05	6.63962e-09	-0.1756	54392	1	1	1e+08	16000
1e+08	0.1	-0.45	-1.8	0.999976	2.3645e-05	0.999976	2.3645e-05	3.68545e-09	-0.176314	54392	1	1	1e+08	16000
1e+08	0.1	-0.45	-1.75	0.999976	2.41313e-05	0.999976	2.41313e-05	1.4138e-09	-0.176837	54392	1	1	1e+08	16000
1e+08	0.1	-0.45	-1.7	0.999976	2.43314e-05	0.999976	2.43314e-05	4.65947e-10	-0.177049	54392	1	1	1e+08	16000
1e+08	0.1	-0.45	-1.65	0.999976	2.43968e-05	0.999976	2.43968e-05	1.54247e-10	-0.177118	54392	1	1	1e+08	16000
1e+08	0.1	-0.45	-1.6	0.999976	2.441e-05	0.999976	2.441e-05	9.11272e-11	-0.177132	54392	1	1	1e+08	16000
1e+08	0.1	-0.45	-1.55	0.999976	2.441e-05	0.999976	2.441e-05	9.11272e-11	-0.177132	54392	1	1	1e+08	16000
1e+08	0.1	-0.45	-1.5	0.999976	2.441e-05	0.999976	2.441e-05	9.11272e-11	-0.177132	54392	1	1	1e+08	16000
1e+08	0.1	-0.45	-1.45	0.999976	2.441e-05	0.999976	2.441e-05	9.11272e-11	-0.177132	54392	1	1	1e+08	16000
1e+08	0.1	-0.45	-1.4	0.999976	2.441e-05	0.999976	2.441e-05	9.11272e-11	-0.177132	54392	1	1	1e+08	16000
1e+08	0.1	-0.45	-1.35	0.999976	2.441e-05	0.999976	2.441e-05	9.11272e-11	-0.177132	54392	1	1	1e+08	16000
1e+08	0.1	-0.45	-1.3	0.999976	2.441e-05	0.999976	2.441e-05	9.11272e-11	-0.177132	54392	1	1	1e+08	16000
1e+08	0.1	-0.45	-1.25	0.999976	2.441e-05	0.999976	2.441e-05	9.11272e-11	-0.177132	54392	1	1	1e+08	16000
1e+08	0.1	-0.45	-1.2	0.999976	2.441e-05	0.999976	2.441e-05	9.11272e-11	-0.177132	54392	1	1	1e+08	16000
1e+08	0.1	-0.45	-1.15	0.999976	2.441e-05	0.999976	2.441e-05	9.11272e-11	-0.177132	54392	1	1	1e+08	16000
1e+08	0.1	-0.45	-1.1	0.999976	2.441e-05	0.999976	2.441e-05	9.11272e-11	-0.177132	54392	1	1	1e+08	16000
1e+08	0.1	-0.45	-1.05	0.999976	2.441e-05	0.999976	2.441e-05	9.11272e-11	-0.177132	54392	1	1	1e+08	16000
1e+08	0.1	-0.45	-1	0.999976	2.441e-05	0.999976	2.441e-05	9.11272e-11	-0.177132	54392	1	1	1e+08	16000
1e+08	0.1	-0.45	-0.95	0.999976	2.441e-05	0.999976	2.441e-05	9.11272e-11	-0.177132	54392	1	1	1e+08	16000
1e+08	0.15	-0.45	-3	0.999992	8.49076e-06	0.999992	8.49076e-06	8.99998e-09	-0.15	54392	1	1	1e+08	16000
1e+08	0.15	-0.45	-2.95	0.999992	8.49076e-06	0.999992	8.49076e-06	8.99998e-09	-0.15	54392	1	1	1e+08	16000
1e+08	0.15	-0.45	-2.9	0.999992	8.49076e-06	0.999992	8.49076e-06	8.99998e-09	-0.15	54392	1	1	1e+08	16000
1e+08	0.15	-0.45	-2.85	0.999992	8.49076e-06	0.999992	8.49076e-06	8.99998e-09	-0.15	54392	1	1	1e+08	16000
1e+08	0.15	-0.45	-2.8	0.999992	8.49076e-06	0.999992	8.49076e-06	8.99998e-09	-0.15	54392	1	1	1e+08	16000
1e+08	0.15	-0.45	-2.75	0.999992	8.49076e-06	0.999992	8.49076e-06	8.99998e-09	-0.15	54392	1	1	1e+08	16000
1e+08	0.15	-0.45	-2.7	0.999992	8.49076e-06	0.999992	8.49076e-06	8.99998e-09	-0.15	54392	1	1	1e+08	16000
1e+08	0.15	-0.45	-2.65	0.999992	8.49076e-06	0.999992	8.49076e-06	8.99998e-09	-0.15	54392	1	1	1e+08	16000
1e+08	0.15	-0.45	-2.6	0.999992	8.49076e-06	0.999992	8.49076e-06	8.99998e-09	-0.15	54392	1	1	1e+08	16000
1e+08	0.15	-0.45	-2.55	0.999992	8.49076e-06	0.999992	8.49076e-06	8.99998e-09	-0.15	54392	1	1	1e+08	16000
1e+08	0.15	-0.45	-2.5	0.999992	8.49076e-06	0.999992	8.49076e-06	8.99998e-09	-0.15	54392	1	1	1e+08	16000
1e+08	0.15	-0.45	-2.45	0.999992	8.49076e-06	0.999992	8.49076e-06	8.99998e-09	-0.15	54392	1	1	1e+08	16000
1e+08	0.15	-0.45	-2.4	0.999992	8.49076e-06	0.999992	8.49076e-06	8.99998e-09	-0.15	54392	1	1	1e+08	16000
1e+08	0.15	-0.45	-2.35	0.999992	8.49076e-06	0.999992	8.49076e-06	8.99998e-09	-0.15	54392	1	1	1e+08	16000
1e+08	0.15	-0.45	-2.3	0.999992	8.49076e-06	0.999992	8.49076e-06	8.99998e-09	-0.15	54392	1	1	1e+08	16000
1e+08	0.15	-0.45	-2.25	0.999992	8.49076e-06	0.999992	8.49076e-06	8.99998e-09	-0.15	54392	1	1	1e+08	16000
1e+08	0.15	-0.45	-2.2	0.999992	8.49077e-06	0.999992	8.49077e-06	8.99996e-09	-0.15	54392	1	1	1e+08	16000
1e+08	0.15	-0.45	-2.15	0.999992	8.49083e-06	0.999992	8.49083e-06	8.99986e-09	-0.15	54392	1	1	1e+08	16000
1e+08	0.15	-0.45	-2.1	0.999992	8.49124e-06	0.999992	8.49124e-06	8.99918e-09	-0.150001	54392	1	1	1e+08	16000
1e+08	0.15	-0.45	-2.05	0.999992	8.49376e-06	0.999992	8.49376e-06	8.995e-09	-0.150009	54392	1	1	1e+08	16000
1e+08	0.15	-0.45	-2	0.999992	8.50789e-06	0.999992	8.50789e-06	8.97151e-09	-0.150052	54392	1	1	1e+08	16000
1e+08	0.15	-0.45	-1.95	0.999991	8.57922e-06	0.999991	8.57922e-06	8.85235e-09	-0.150266	54392	1	1	1e+08	16000
1e+08	0.15	-0.45	-1.9	0.999991	8.88499e-06	0.999991	8.88499e-06	8.33029e-09	-0.151166	54392	1	1	1e+08	16000
1e+08	0.15	-0.45	-1.85	0.99999	9.81e-06	0.99999	9.81e-06	6.63962e-09	-0.153711	54392	1	1	1e+08	16000
1e+08	0.15	-0.45	-1.8	0.999989	1.12451e-05	0.999989	1.12451e-05	3.68543e-09	-0.157219	54392	1	1	1e+08	16000
1e+08	0.15	-0.45	-1.75	0.999988	1.22347e-05	0.999988	1.22347e-05	1.41379e-09	-0.159386	54392	1	1	1e+08	16000
1e+08	0.15	-0.45	-1.7	0.999987	1.26247e-05	0.999987	1.26247e-05	4.65943e-10	-0.160192	54392	1	1	1e+08	16000
1e+08	0.15	-0.45	-1.65	0.999987	1.27504e-05	0.999987	1.27504e-05	1.54245e-10	-0.160446	54392	1	1	1e+08	16000
1e+08	0.15	-0.45	-1.6	0.999987	1.27757e-05	0.999987	1.27757e-05	9.11265e-11	-0.160497	54392	1	1	1e+08	16000
1e+08	0.15	-0.45	-1.55	0.999987	1.27757e-05	0.999987	1.27757e-05	9.11265e-11	-0.160497	54392	1	1	1e+08	16000
1e+08	0.15	-0.45	-1.5	0.999987	1.27757e-05	0.999987	1.27757e-05	9.11265e-11	-0.160497	54392	1	1	1e+08	16000
1e+08	0.15	-0.45	-1.45	0.999987	1.27757e-05	0.999987	1.27757e-05	9.11265e-11	-0.160497	54392	1	1	1e+08	16000
1e+08	0.15	-0.45	-1.4	0.999987	1.27757e-05	0.999987	1.27757e-05	9.11265e-11	-0.160497	54392	1	1	1e+08	16000
1e+08	0.15	-0.45	-1.35	0.999987	1.27757e-05	0.999987	1.27757e-05	9.11265e-11	-0.160497	54392	1	1	1e+08	16000
1e+08	0.15	-0.45	-1.3	0.999987	1.27757e-05	0.999987	1.27757e-05	9.11265e-11	-0.160497	54392	1	1	1e+08	16000
1e+08	0.15	-0.45	-1.25	0.999987	1.27757e-05	0.999987	1.27757e-05	9.11265e-11	-0.160497	54392	1	1	1e+08	16000
1e+08	0.15	-0.45	-1.2	0.999987	1.27757e-05	0.999987	1.27757e-05	9.11265e-11	-0.160497	54392	1	1	1e+08	16000
1e+08	0.15	-0.45	-1.15	0.999987	1.27757e-05	0.999987	1.27757e-05	9.11265e-11	-0.160497	54392	1	1	1e+08	16000
1e+08	0.15	-0.45	-1.1	0.999987	1.27757e-05	0.999987	1.27757e-05	9.11265e-11	-0.160497	54392	1	1	1e+08	16000
1e+08	0.15	-0.45	-1.05	0.999987	1.27757e-05	0.999987	1.27757e-05	9.11265e-11	-0.160497	54392	1	1	1e+08	16000
1e+08	0.15	-0.45	-1	0.999987	1.27757e-05	0.999987	1.27757e-05	9.11265e-11	-0.160497	54392	1	1	1e+08	16000
1e+08	0.15	-0.45	-0.95	0.999987	1.27757e-05	0.999987	1.27757e-05	9.11265e-11	-0.160497	54392	1	1	1e+08	16000
1e+08	0.15	-0.45	-0.9	0.999987	1.27757e-05	0.999987	1.27757e-05	9.11265e-11	-0.160497	54392	1	1	1e+08	16000
1e+08	0.2	-0.45	-3	0.999997	3.20894e-06	0.999997	3.20894e-06	8.99999e-09	-0.125	54392	1	1	1e+08	16000
1e+08	0.2	-0.45	-2.95	0.999997	3.20894e-06	0.999997	3.20894e-06	8.99999e-09	-0.125	54392	1	1	1e+08	16000
1e+08	0.2	-0.45	-2.9	0.999997	3.20894e-06	0.999997	3.20894e-06	8.99999e-09	-0.125	54392	1	1	1e+08	16000
1e+08	0.2	-0.45	-2.85	0.999997	3.20894e-06	0.999997	3.20894e-06	8.99999e-09	-0.125	54392	1	1	1e+08	16000
1e+08	0.2	-0.45	-2.8	0.999997	3.20894e-06	0.999997	3.20894e-06	8.99999e-09	-0.125	54392	1	1	1e+08	16000
1e+08	0.2	-0.45	-2.75	0.999997	3.20894e-06	0.999997	3.20894e-06	8.99999e-09	-0.125	54392	1	1	1e+08	16000
1e+08	0.2	-0.45	-2.7	0.999997	3.20894e-06	0.999997	3.20894e-06	8.99999e-09	-0.125	54392	1	1	1e+08	16000
1e+08	0.2	-0.45	-2.65	0.999997	3.20894e-06	0.999997	3.20894e-06	8.99999e-09	-0.125	54392	1	1	1e+08	16000
1e+08	0.2	-0.45	-2.6	0.999997	3.20894e-06	0.999997	3.20894e-06	8.99999e-09	-0.125	54392	1	1	1e+08	16000
1e+08	0.2	-0.45	-2.55	0.999997	3.20894e-06	0.999997	3.20894e-06	8.99999e-09	-0.125	54392	1	1	1e+08	16000
1e+08	0.2	-0.45	-2.5	0.999997	3.20894e-06	0.999997	3.20894e-06	8.99999e-09	-0.125	54392	1	1	1e+08	16000
1e+08	0.2	-0.45	-2.45	0.999997	3.20894e-06	0.999997	3.20894e-06	8.99999e-09	-0.125	54392	1	1	1e+08	16000
1e+08	0.2	-0.45	-2.4	0.999997	3.20894e-06	0.999997	3.20894e-06	8.99999e-09	-0.125	54392	1	1	1e+08	16000
1e+08	0.2	-0.45	-2.35	0.999997	3.20894e-06	0.999997	3.20894e-06	8.99999e-09	-0.125	54392	1	1	1e+08	16000
1e+08	0.2	-0.45	-2.3	0.999997	3.20894e-06	0.999997	3.20894e-06	8.99999e-09	-0.125	54392	1	1	1e+08	16000
1e+08	0.2	-0.45	-2.25	0.999997	3.20894e-06	0.999997	3.20894e-06	8.99999e-09	-0.125	54392	1	1	1e+08	16000
1e+08	0.2	-0.45	-2.2	0.999997	3.20897e-06	0.999997	3.20897e-06	8.99998e-09	-0.125	54392	1	1	1e+08	16000
1e+08	0.2	-0.45	-2.15	0.999997	3.20913e-06	0.999997	3.20913e-06	8.99988e-09	-0.125001	54392	1	1	1e+08	16000
1e+08	0.2	-0.45	-2.1	0.999997	3.21021e-06	0.999997	3.21021e-06	8.99919e-09	-0.12501	54392	1	1	1e+08	16000
1e+08	0.2	-0.45	-2.05	0.999997	3.21687e-06	0.999997	3.21687e-06	8.99501e-09	-0.125063	54392	1	1	1e+08	16000
1e+08	0.2	-0.45	-2	0.999997	3.254e-06	0.999997	3.254e-06	8.97152e-09	-0.125358	54392	1	1	1e+08	16000
1e+08	0.2	-0.45	-1.95	0.999997	3.43618e-06	0.999997	3.43618e-06	8.85237e-09	-0.126758	54392	1	1	1e+08	16000
1e+08	0.2	-0.45	-1.9	0.999996	4.14093e-06	0.999996	4.14093e-06	8.3303e-09	-0.131551	54392	1	1	1e+08	16000
1e+08	0.2	-0.45	-1.85	0.999994	5.86861e-06	0.999994	5.86861e-06	6.63962e-09	-0.14051	54392	1	1	1e+08	16000
1e+08	0.2	-0.45	-1.8	0.999992	8.04101e-06	0.999992	8.04101e-06	3.68543e-09	-0.148602	54392	1	1	1e+08	16000
1e+08	0.2	-0.45	-1.75	0.999991	9.37516e-06	0.999991	9.37516e-06	1.41378e-09	-0.152546	54392	1	1	1e+08	16000
1e+08	0.2	-0.45	-1.7	0.99999	9.8787e-06	0.99999	9.8787e-06	4.65942e-10	-0.15389	54392	1	1	1e+08	16000
1e+08	0.2	-0.45	-1.65	0.99999	1.00388e-05	0.99999	1.00388e-05	1.54245e-10	-0.154303	54392	1	1	1e+08	16000
1e+08	0.2	-0.45	-1.6	0.99999	1.00709e-05	0.99999	1.00709e-05	9.11263e-11	-0.154385	54392	1	1	1e+08	16000
1e+08	0.2	-0.45	-1.55	0.99999	1.00709e-05	0.99999	1.00709e-05	9.11263e-11	-0.154385	54392	1	1	1e+08	16000
1e+08	0.2	-0.45	-1.5	0.99999	1.00709e-05	0.99999	1.00709e-05	9.11263e-11	-0.154385	54392	1	1	1e+08	16000
1e+08	0.2	-0.45	-1.45	0.99999	1.00709e-05	0.99999	1.00709e-05	9.11263e-11	-0.154385	54392	1	1	1e+08	16000
1e+08	0.2	-0.45	-1.4	0.99999	1.00709e-05	0.99999	1.00709e-05	9.11263e-11	-0.154385	54392	1	1	1e+08	16000
1e+08	0.2	-0.45	-1.35	0.99999	1.00709e-05	0.99999	1.00709e-05	9.11263e-11	-0.154385	54392	1	1	1e+08	16000
1e+08	0.2	-0.45	-1.3	0.99999	1.00709e-05	0.99999	1.00709e-05	9.11263e-11	-0.154385	54392	1	1	1e+08	16000
1e+08	0.2	-0.45	-1.25	0.99999	1.00709e-05	0.99999	1.00709e-05	9.11263e-11	-0.154385	54392	1	1	1e+08	16000
1e+08	0.2	-0.45	-1.2	0.99999	1.00709e-05	0.99999	1.00709e-05	9.11263e-11	-0.154385	54392	1	1	1e+08	16000
1e+08	0.2	-0.45	-1.15	0.99999	1.00709e-05	0.99999	1.00709e-05	9.11263e-11	-0.154385	54392	1	1	1e+08	16000
1e+08	0.2	-0.45	-1.1	0.99999	1.00709e-05	0.99999	1.00709e-05	9.11263e-11	-0.154385	54392	1	1	1e+08	16000
1e+08	0.2	-0.45	-1.05	0.99999	1.00709e-05	0.99999	1.00709e-05	9.11263e-11	-0.154385	54392	1	1	1e+08	16000
1e+08	0.2	-0.45	-1	0.99999	1.00709e-05	0.99999	1.00709e-05	9.11263e-11	-0.154385	54392	1	1	1e+08	16000
1e+08	0.2	-0.45	-0.95	0.99999	1.00709e-05	0.99999	1.00709e-05	9.11263e-11	-0.154385	54392	1	1	1e+08	16000
1e+08	0.2	-0.45	-0.9	0.99999	1.00709e-05	0.99999	1.00709e-05	9.11263e-11	-0.154385	54392	1	1	1e+08	16000
1e+08	0.2	-0.45	-0.85	0.99999	1.00709e-05	0.99999	1.00709e-05	9.11263e-11	-0.154385	54392	1	1	1e+08	16000
1e+08	0.25	-0.45	-3	0.999999	1.21276e-06	0.999999	1.21276e-06	9e-09	-0.1	54392	1	1	1e+08	16000
1e+08	0.25	-0.45	-2.95	0.999999	1.21276e-06	0.999999	1.21276e-06	9e-09	-0.1	54392	1	1	1e+08	16000
1e+08	0.25	-0.45	-2.9	0.999999	1.21276e-06	0.999999	1.21276e-06	9e-09	-0.1	54392	1	1	1e+08	16000
1e+08	0.25	-0.45	-2.85	0.999999	1.21276e-06	0.999999	1.21276e-06	9e-09	-0.1	54392	1	1	1e+08	16000
1e+08	0.25	-0.45	-2.8	0.999999	1.21276e-06	0.999999	1.21276e-06	9e-09	-0.1	54392	1	1	1e+08	16000
1e+08	0.25	-0.45	-2.75	0.999999	1.21276e-06	0.999999	1.21276e-06	9e-09	-0.1	54392	1	1	1e+08	16000
1e+08	0.25	-0.45	-2.7	0.999999	1.21276e-06	0.999999	1.21276e-06	9e-09	-0.1	54392	1	1	1e+08	16000
1e+08	0.25	-0.45	-2.65	0.999999	1.21276e-06	0.999999	1.21276e-06	9e-09	-0.1	54392	1	1	1e+08	16000
1e+08	0.25	-0.45	-2.6	0.999999	1.21276e-06	0.999999	1.21276e-06	9e-09	-0.1	54392	1	1	1e+08	16000
1e+08	0.25	-0.45	-2.55	0.999999	1.21276e-06	0.999999	1.21276e-06	9e-09	-0.1	54392	1	1	1e+08	16000
1e+08	0.25	-0.45	-2.5	0.999999	1.21276e-06	0.999999	1.21276e-06	9e-09	-0.1	54392	1	1	1e+08	16000
1e+08	0.25	-0.45	-2.45	0.999999	1.21276e-06	0.999999	1.21276e-06	9e-09	-0.1	54392	1	1	1e+08	16000
1e+08	0.25	-0.45	-2.4	0.999999	1.21276e-06	0.999999	1.21276e-06	9e-09	-0.1	54392	1	1	1e+08	16000
1e+08	0.25	-0.45	-2.35	0.999999	1.21276e-06	0.999999	1.21276e-06	9e-09	-0.1	54392	1	1	1e+08	16000
1e+08	0.25	-0.45	-2.3	0.999999	1.21276e-06	0.999999	1.21276e-06	9e-09	-0.1	54392	1	1	1e+08	16000
1e+08	0.25	-0.45	-2.25	0.999999	1.21277e-06	0.999999	1.21277e-06	9e-09	-0.1	54392	1	1	1e+08	16000
1e+08	0.25	-0.45	-2.2	0.999999	1.21283e-06	0.999999	1.21283e-06	8.99998e-09	-0.100001	54392	1	1	1e+08	16000
1e+08	0.25	-0.45	-2.15	0.999999	1.21325e-06	0.999999	1.21325e-06	8.99988e-09	-0.10001	54392	1	1	1e+08	16000
1e+08	0.25	-0.45	-2.1	0.999999	1.21612e-06	0.999999	1.21612e-06	8.9992e-09	-0.100071	54392	1	1	1e+08	16000
1e+08	0.25	-0.45	-2.05	0.999999	1.23359e-06	0.999999	1.23359e-06	8.99501e-09	-0.100438	54392	1	1	1e+08	16000
1e+08	0.25	-0.45	-2	0.999999	1.3274e-06	0.999999	1.3274e-06	8.97153e-09	-0.102321	54392	1	1	1e+08	16000
1e+08	0.25	-0.45	-1.95	0.999998	1.7265e-06	0.999998	1.7265e-06	8.85237e-09	-0.109075	54392	1	1	1e+08	16000
1e+08	0.25	-0.45	-1.9	0.999997	2.88458e-06	0.999997	2.88458e-06	8.3303e-09	-0.122262	54392	1	1	1e+08	16000
1e+08	0.25	-0.45	-1.85	0.999995	5.06104e-06	0.999995	5.06104e-06	6.63962e-09	-0.136706	54392	1	1	1e+08	16000
1e+08	0.25	-0.45	-1.8	0.999993	7.47204e-06	0.999993	7.47204e-06	3.68543e-09	-0.146716	54392	1	1	1e+08	16000
1e+08	0.25	-0.45	-1.75	0.999991	8.89197e-06	0.999991	8.89197e-06	1.41378e-09	-0.151186	54392	1	1	1e+08	16000
1e+08	0.25	-0.45	-1.7	0.999991	9.42137e-06	0.999991	9.42137e-06	4.65942e-10	-0.152672	54392	1	1	1e+08	16000
1e+08	0.25	-0.45	-1.65	0.99999	9.58908e-06	0.99999	9.58908e-06	1.54245e-10	-0.153125	54392	1	1	1e+08	16000
1e+08	0.25	-0.45	-1.6	0.99999	9.62269e-06	0.99999	9.62269e-06	9.11263e-11	-0.153215	54392	1	1	1e+08	16000
1e+08	0.25	-0.45	-1.55	0.99999	9.62269e-06	0.99999	9.62269e-06	9.11263e-11	-0.153215	54392	1	1	1e+08	16000
1e+08	0.25	-0.45	-1.5	0.99999	9.62269e-06	0.99999	9.62269e-06	9.11263e-11	-0.153215	54392	1	1	1e+08	16000
1e+08	0.25	-0.45	-1.45	0.99999	9.62269e-06	0.99999	9.62269e-06	9.11263e-11	-0.153215	54392	1	1	1e+08	16000
1e+08	0.25	-0.45	-1.4	0.99999	9.62269e-06	0.99999	9.62269e-06	9.11263e-11	-0.153215	54392	1	1	1e+08	16000
1e+08	0.25	-0.45	-1.35	0.99999	9.62269e-06	0.99999	9.62269e-06	9.11263e-11	-0.153215	54392	1	1	1e+08	16000
1e+08	0.25	-0.45	-1.3	0.99999	9.62269e-06	0.99999	9.62269e-06	9.11263e-11	-0.153215	54392	1	1	1e+08	16000
1e+08	0.25	-0.45	-1.25	0.99999	9.62269e-06	0.99999	9.62269e-06	9.11263e-11	-0.153215	54392	1	1	1e+08	16000
1e+08	0.25	-0.45	-1.2	0.99999	9.62269e-06	0.99999	9.62269e-06	9.11263e-11	-0.153215	54392	1	1	1e+08	16000
1e+08	0.25	-0.45	-1.15	0.99999	9.62269e-06	0.99999	9.62269e-06	9.11263e-11	-0.153215	54392	1	1	1e+08	16000
1e+08	0.25	-0.45	-1.1	0.99999	9.62269e-06	0.99999	9.62269e-06	9.11263e-11	-0.153215	54392	1	1	1e+08	16000
1e+08	0.25	-0.45	-1.05	0.99999	9.62269e-06	0.99999	9.62269e-06	9.11263e-11	-0.153215	54392	1	1	1e+08	16000
1e+08	0.25	-0.45	-1	0.99999	9.62269e-06	0.99999	9.62269e-06	9.11263e-11	-0.153215	54392	1	1	1e+08	16000
1e+08	0.25	-0.45	-0.95	0.99999	9.62269e-06	0.99999	9.62269e-06	9.11263e-11	-0.153215	54392	1	1	1e+08	16000
1e+08	0.25	-0.45	-0.9	0.99999	9.62269e-06	0.99999	9.62269e-06	9.11263e-11	-0.153215	54392	1	1	1e+08	16000
1e+08	0.25	-0.45	-0.85	0.99999	9.62269e-06	0.99999	9.62269e-06	9.11263e-11	-0.153215	54392	1	1	1e+08	16000
1e+08	0.25	-0.45	-0.8	0.99999	9.62269e-06	0.99999	9.62269e-06	9.11264e-11	-0.153215	54392	1	1	1e+08	16000
1e+08	0.3	-0.45	-3	1	4.5834e-07	1	4.5834e-07	9e-09	-0.075	54392	1	1	1e+08	16000
1e+08	0.3	-0.45	-2.95	1	4.5834e-07	1	4.5834e-07	9e-09	-0.075	54392	1	1	1e+08	16000
1e+08	0.3	-0.45	-2.9	1	4.5834e-07	1	4.5834e-07	9e-09	-0.075	54392	1	1	1e+08	16000
1e+08	0.3	-0.45	-2.85	1	4.5834e-07	1	4.5834e-07	9e-09	-0.075	54392	1	1	1e+08	16000
1e+08	0.3	-0.45	-2.8	1	4.5834e-07	1	4.5834e-07	9e-09	-0.075	54392	1	1	1e+08	16000
1e+08	0.3	-0.45	-2.75	1	4.5834e-07	1	4.5834e-07	9e-09	-0.075	54392	1	1	1e+08	16000
1e+08	0.3	-0.45	-2.7	1	4.5834e-07	1	4.5834e-07	9e-09	-0.075	54392	1	1	1e+08	16000
1e+08	0.3	-0.45	-2.65	1	4.5834e-07	1	4.5834e-07	9e-09	-0.075	54392	1	1	1e+08	16000
1e+08	0.3	-0.45	-2.6	1	4.5834e-07	1	4.5834e-07	9e-09	-0.075	54392	1	1	1e+08	16000
1e+08	0.3	-0.45	-2.55	1	4.5834e-07	1	4.5834e-07	9e-09	-0.075	54392	1	1	1e+08	16000
1e+08	0.3	-0.45	-2.5	1	4.5834e-07	1	4.5834e-07	9e-09	-0.075	54392	1	1	1e+08	16000
1e+08	0.3	-0.45	-2.45	1	4.5834e-07	1	4.5834e-07	9e-09	-0.075	54392	1	1	1e+08	16000
1e+08	0.3	-0.45	-2.4	1	4.5834e-07	1	4.5834e-07	9e-09	-0.075	54392	1	1	1e+08	16000
1e+08	0.3	-0.45	-2.35	1	4.5834e-07	1	4.5834e-07	9e-09	-0.075	54392	1	1	1e+08	16000
1e+08	0.3	-0.45	-2.3	1	4.58343e-07	1	4.58343e-07	9e-09	-0.0750001	54392	1	1	1e+08	16000
1e+08	0.3	-0.45	-2.25	1	4.58362e-07	1	4.58362e-07	9e-09	-0.0750012	54392	1	1	1e+08	16000
1e+08	0.3	-0.45	-2.2	1	4.58516e-07	1	4.58516e-07	8.99998e-09	-0.0750099	54392	1	1	1e+08	16000
1e+08	0.3	-0.45	-2.15	1	4.59647e-07	1	4.59647e-07	8.99988e-09	-0.0750731	54392	1	1	1e+08	16000
1e+08	0.3	-0.45	-2.1	1	4.67162e-07	1	4.67162e-07	8.9992e-09	-0.0754898	54392	1	1	1e+08	16000
1e+08	0.3	-0.45	-2.05	0.999999	5.10921e-07	1	5.10921e-07	8.99502e-09	-0.0777903	54392	1	1	1e+08	16000
1e+08	0.3	-0.45	-2	0.999999	7.08014e-07	0.999999	7.08014e-07	8.97153e-09	-0.0861725	54392	1	1	1e+08	16000
1e+08	0.3	-0.45	-1.95	0.999999	1.31153e-06	0.999999	1.31153e-06	8.85237e-09	-0.102012	54392	1	1	1e+08	16000
1e+08	0.3	-0.45	-1.9	0.999997	2.65708e-06	0.999997	2.65708e-06	8.3303e-09	-0.120151	54392	1	1	1e+08	16000
1e+08	0.3	-0.45	-1.85	0.999995	4.93492e-06	0.999995	4.93492e-06	6.63962e-09	-0.136058	54392	1	1	1e+08	16000
1e+08	0.3	-0.45	-1.8	0.999993	7.3872e-06	0.999993	7.3872e-06	3.68543e-09	-0.146423	54392	1	1	1e+08	16000
1e+08	0.3	-0.45	-1.75	0.999991	8.8208e-06	0.999991	8.8208e-06	1.41378e-09	-0.15098	54392	1	1	1e+08	16000
1e+08	0.3	-0.45	-1.7	0.999991	9.35423e-06	0.999991	9.35423e-06	4.65942e-10	-0.152488	54392	1	1	1e+08	16000
1e+08	0.3	-0.45	-1.65	0.99999	9.52312e-06	0.99999	9.52312e-06	1.54245e-10	-0.152948	54392	1	1	1e+08	16000
1e+08	0.3	-0.45	-1.6	0.99999	9.55696e-06	0.99999	9.55696e-06	9.11262e-11	-0.153039	54392	1	1	1e+08	16000
1e+08	0.3	-0.45	-1.55	0.99999	9.55696e-06	0.99999	9.55696e-06	9.11262e-11	-0.153039	54392	1	1	1e+08	16000
1e+08	0.3	-0.45	-1.5	0.99999	9.55696e-06	0.99999	9.55696e-06	9.11262e-11	-0.153039	54392	1	1	1e+08	16000
1e+08	0.3	-0.45	-1.45	0.99999	9.55696e-06	0.99999	9.55696e-06	9.11262e-11	-0.153039	54392	1	1	1e+08	16000
1e+08	0.3	-0.45	-1.4	0.99999	9.55696e-06	0.99999	9.55696e-06	9.11262e-11	-0.153039	54392	1	1	1e+08	16000
1e+08	0.3	-0.45	-1.35	0.99999	9.55696e-06	0.99999	9.55696e-06	9.11262e-11	-0.153039	54392	1	1	1e+08	16000
1e+08	0.3	-0.45	-1.3	0.99999	9.55696e-06	0.99999	9.55696e-06	9.11262e-11	-0.153039	54392	1	1	1e+08	16000
1e+08	0.3	-0.45	-1.25	0.99999	9.55696e-06	0.99999	9.55696e-06	9.11262e-11	-0.153039	54392	1	1	1e+08	16000
1e+08	0.3	-0.45	-1.2	0.99999	9.55696e-06	0.99999	9.55696e-06	9.11262e-11	-0.153039	54392	1	1	1e+08	16000
1e+08	0.3	-0.45	-1.15	0.99999	9.55696e-06	0.99999	9.55696e-06	9.11262e-11	-0.153039	54392	1	1	1e+08	16000
1e+08	0.3	-0.45	-1.1	0.99999	9.55696e-06	0.99999	9.55696e-06	9.11262e-11	-0.153039	54392	1	1	1e+08	16000
1e+08	0.3	-0.45	-1.05	0.99999	9.55696e-06	0.99999	9.55696e-06	9.11262e-11	-0.153039	54392	1	1	1e+08	16000
1e+08	0.3	-0.45	-1	0.99999	9.55696e-06	0.99999	9.55696e-06	9.11262e-11	-0.153039	54392	1	1	1e+08	16000
1e+08	0.3	-0.45	-0.95	0.99999	9.55696e-06	0.99999	9.55696e-06	9.11262e-11	-0.153039	54392	1	1	1e+08	16000
1e+08	0.3	-0.45	-0.9	0.99999	9.55696e-06	0.99999	9.55696e-06	9.11263e-11	-0.153039	54392	1	1	1e+08	16000
1e+08	0.3	-0.45	-0.85	0.99999	9.55696e-06	0.99999	9.55696e-06	9.11263e-11	-0.153039	54392	1	1	1e+08	16000
1e+08	0.3	-0.45	-0.8	0.99999	9.55696e-06	0.99999	9.55696e-06	9.11264e-11	-0.153039	54392	1	1	1e+08	16000
1e+08	0.3	-0.45	-0.75	0.99999	9.55696e-06	0.99999	9.55696e-06	9.1127e-11	-0.153039	54392	1	1	1e+08	16000
1e+08	0.35	-0.45	-3	1	1.73221e-07	1	1.73221e-07	9e-09	-0.05	54392	1	1	1e+08	16000
1e+08	0.35	-0.45	-2.95	1	1.73221e-07	1	1.73221e-07	9e-09	-0.05	54392	1	1	1e+08	16000
1e+08	0.35	-0.45	-2.9	1	1.73221e-07	1	1.73221e-07	9e-09	-0.05	54392	1	1	1e+08	16000
1e+08	0.35	-0.45	-2.85	1	1.73221e-07	1	1.73221e-07	9e-09	-0.05	54392	1	1	1e+08	16000
1e+08	0.35	-0.45	-2.8	1	1.73221e-07	1	1.73221e-07	9e-09	-0.05	54392	1	1	1e+08	16000
1e+08	0.35	-0.45	-2.75	1	1.73221e-07	1	1.73221e-07	9e-09	-0.05	54392	1	1	1e+08	16000
1e+08	0.35	-0.45	-2.7	1	1.73221e-07	1	1.73221e-07	9e-09	-0.05	54392	1	1	1e+08	16000
1e+08	0.35	-0.45	-2.65	1	1.73221e-07	1	1.73221e-07	9e-09	-0.05	54392	1	1	1e+08	16000
1e+08	0.35	-0.45	-2.6	1	1.73221e-07	1	1.73221e-07	9e-09	-0.05	54392	1	1	1e+08	16000
1e+08	0.35	-0.45	-2.55	1	1.73221e-07	1	1.73221e-07	9e-09	-0.05	54392	1	1	1e+08	16000
1e+08	0.35	-0.45	-2.5	1	1.73221e-07	1	1.73221e-07	9e-09	-0.05	54392	1	1	1e+08	16000
1e+08	0.35	-0.45	-2.45	1	1.73221e-07	1	1.73221e-07	9e-09	-0.05	54392	1	1	1e+08	16000
1e+08	0.35	-0.45	-2.4	1	1.73221e-07	1	1.73221e-07	9e-09	-0.05	54392	1	1	1e+08	16000
1e+08	0.35	-0.45	-2.35	1	1.73222e-07	1	1.73222e-07	9e-09	-0.0500001	54392	1	1	1e+08	16000
1e+08	0.35	-0.45	-2.3	1	1.73228e-07	1	1.73228e-07	9e-09	-0.050001	54392	1	1	1e+08	16000
1e+08	0.35	-0.45	-2.25	1	1.73279e-07	1	1.73279e-07	9e-09	-0.0500085	54392	1	1	1e+08	16000
1e+08	0.35	-0.45	-2.2	1	1.73687e-07	1	1.73687e-07	8.99998e-09	-0.050069	54392	1	1	1e+08	16000
1e+08	0.35	-0.45	-2.15	1	1.76649e-07	1	1.76649e-07	8.99988e-09	-0.0505035	54392	1	1	1e+08	16000
1e+08	0.35	-0.45	-2.1	1	1.95371e-07	1	1.95371e-07	8.9992e-09	-0.0530917	54392	1	1	1e+08	16000
1e+08	0.35	-0.45	-2.05	1	2.84553e-07	1	2.84553e-07	8.99502e-09	-0.0627526	54392	1	1	1e+08	16000
1e+08	0.35	-0.45	-2	0.999999	5.66758e-07	0.999999	5.66758e-07	8.97153e-09	-0.0804551	54392	1	1	1e+08	16000
1e+08	0.35	-0.45	-1.95	0.999999	1.24098e-06	0.999999	1.24098e-06	8.85237e-09	-0.100591	54392	1	1	1e+08	16000
1e+08	0.35	-0.45	-1.9	0.999997	2.62298e-06	0.999997	2.62298e-06	8.3303e-09	-0.11982	54392	1	1	1e+08	16000
1e+08	0.35	-0.45	-1.85	0.999995	4.91664e-06	0.999995	4.91664e-06	6.63962e-09	-0.135963	54392	1	1	1e+08	16000
1e+08	0.35	-0.45	-1.8	0.999993	7.375e-06	0.999993	7.375e-06	3.68543e-09	-0.14638	54392	1	1	1e+08	16000
1e+08	0.35	-0.45	-1.75	0.999991	8.81059e-06	0.999991	8.81059e-06	1.41378e-09	-0.15095	54392	1	1	1e+08	16000
1e+08	0.35	-0.45	-1.7	0.999991	9.3446e-06	0.999991	9.3446e-06	4.65942e-10	-0.152462	54392	1	1	1e+08	16000
1e+08	0.35	-0.45	-1.65	0.999991	9.51366e-06	0.999991	9.51366e-06	1.54245e-10	-0.152923	54392	1	1	1e+08	16000
1e+08	0.35	-0.45	-1.6	0.99999	9.54753e-06	0.99999	9.54753e-06	9.11262e-11	-0.153014	54392	1	1	1e+08	16000
1e+08	0.35	-0.45	-1.55	0.99999	9.54753e-06	0.99999	9.54753e-06	9.11262e-11	-0.153014	54392	1	1	1e+08	16000
1e+08	0.35	-0.45	-1.5	0.99999	9.54753e-06	0.99999	9.54753e-06	9.11262e-11	-0.153014	54392	1	1	1e+08	16000
1e+08	0.35	-0.45	-1.45	0.99999	9.54753e-06	0.99999	9.54753e-06	9.11262e-11	-0.153014	54392	1	1	1e+08	16000
1e+08	0.35	-0.45	-1.4	0.99999	9.54753e-06	0.99999	9.54753e-06	9.11262e-11	-0.153014	54392	1	1	1e+08	16000
1e+08	0.35	-0.45	-1.35	0.99999	9.54753e-06	0.99999	9.54753e-06	9.11262e-11	-0.153014	54392	1	1	1e+08	16000
1e+08	0.35	-0.45	-1.3	0.99999	9.54753e-06	0.99999	9.54753e-06	9.11262e-11	-0.153014	54392	1	1	1e+08	16000
1e+08	0.35	-0.45	-1.25	0.99999	9.54753e-06	0.99999	9.54753e-06	9.11262e-11	-0.153014	54392	1	1	1e+08	16000
1e+08	0.35	-0.45	-1.2	0.99999	9.54753e-06	0.99999	9.54753e-06	9.11262e-11	-0.153014	54392	1	1	1e+08	16000
1e+08	0.35	-0.45	-1.15	0.99999	9.54753e-06	0.99999	9.54753e-06	9.11262e-11	-0.153014	54392	1	1	1e+08	16000
1e+08	0.35	-0.45	-1.1	0.99999	9.54753e-06	0.99999	9.54753e-06	9.11262e-11	-0.153014	54392	1	1	1e+08	16000
1e+08	0.35	-0.45	-1.05	0.99999	9.54753e-06	0.99999	9.54753e-06	9.11262e-11	-0.153014	54392	1	1	1e+08	16000
1e+08	0.35	-0.45	-1	0.99999	9.54753e-06	0.99999	9.54753e-06	9.11262e-11	-0.153014	54392	1	1	1e+08	16000
1e+08	0.35	-0.45	-0.95	0.99999	9.54753e-06	0.99999	9.54753e-06	9.11262e-11	-0.153014	54392	1	1	1e+08	16000
1e+08	0.35	-0.45	-0.9	0.99999	9.54753e-06	0.99999	9.54753e-06	9.11262e-11	-0.153014	54392	1	1	1e+08	16000
1e+08	0.35	-0.45	-0.85	0.99999	9.54753e-06	0.99999	9.54753e-06	9.11263e-11	-0.153014	54392	1	1	1e+08	16000
1e+08	0.35	-0.45	-0.8	0.99999	9.54753e-06	0.99999	9.54753e-06	9.11264e-11	-0.153014	54392	1	1	1e+08	16000
1e+08	0.35	-0.45	-0.75	0.99999	9.54753e-06	0.99999	9.54753e-06	9.1127e-11	-0.153014	54392	1	1	1e+08	16000
1e+08	0.35	-0.45	-0.7	0.99999	9.54753e-06	0.99999	9.54753e-06	9.11316e-11	-0.153014	54392	1	1	1e+08	16000
1e+08	0.4	-0.45	-3	1	6.54656e-08	1	6.54656e-08	9e-09	-0.025	54392	1	1	1e+08	16000
1e+08	0.4	-0.45	-2.95	1	6.54656e-08	1	6.54656e-08	9e-09	-0.025	54392	1	1	1e+08	16000
1e+08	0.4	-0.45	-2.9	1	6.54656e-08	1	6.54656e-08	9e-09	-0.025	54392	1	1	1e+08	16000
1e+08	0.4	-0.45	-2.85	1	6.54656e-08	1	6.54656e-08	9e-09	-0.025	54392	1	1	1e+08	16000
1e+08	0.4	-0.45	-2.8	1	6.54656e-08	1	6.54656e-08	9e-09	-0.025	54392	1	1	1e+08	16000
1e+08	0.4	-0.45	-2.75	1	6.54656e-08	1	6.54656e-08	9e-09	-0.025	54392	1	1	1e+08	16000
1e+08	0.4	-0.45	-2.7	1	6.54656e-08	1	6.54656e-08	9e-09	-0.025	54392	1	1	1e+08	16000
1e+08	0.4	-0.45	-2.65	1	6.54656e-08	1	6.54656e-08	9e-09	-0.025	54392	1	1	1e+08	16000
1e+08	0.4	-0.45	-2.6	1	6.54656e-08	1	6.54656e-08	9e-09	-0.025	54392	1	1	1e+08	16000
1e+08	0.4	-0.45	-2.55	1	6.54656e-08	1	6.54656e-08	9e-09	-0.025	54392	1	1	1e+08	16000
1e+08	0.4	-0.45	-2.5	1	6.54656e-08	1	6.54656e-08	9e-09	-0.025	54392	1	1	1e+08	16000
1e+08	0.4	-0.45	-2.45	1	6.54656e-08	1	6.54656e-08	9e-09	-0.025	54392	1	1	1e+08	16000
1e+08	0.4	-0.45	-2.4	1	6.54658e-08	1	6.54658e-08	9e-09	-0.0250001	54392	1	1	1e+08	16000
1e+08	0.4	-0.45	-2.35	1	6.54674e-08	1	6.54674e-08	9e-09	-0.0250007	54392	1	1	1e+08	16000
1e+08	0.4	-0.45	-2.3	1	6.54829e-08	1	6.54829e-08	9e-09	-0.0250068	54392	1	1	1e+08	16000
1e+08	0.4	-0.45	-2.25	1	6.5618e-08	1	6.5618e-08	9e-09	-0.0250597	54392	1	1	1e+08	16000
1e+08	0.4	-0.45	-2.2	1	6.66883e-08	1	6.66883e-08	8.99998e-09	-0.0254755	54392	1	1	1e+08	16000
1e+08	0.4	-0.45	-2.15	1	7.40611e-08	1	7.40611e-08	8.99988e-09	-0.0281696	54392	1	1	1e+08	16000
1e+08	0.4	-0.45	-2.1	1	1.1158e-07	1	1.1158e-07	8.9992e-09	-0.0386998	54392	1	1	1e+08	16000
1e+08	0.4	-0.45	-2.05	1	2.35055e-07	1	2.35055e-07	8.99502e-09	-0.0578427	54392	1	1	1e+08	16000
1e+08	0.4	-0.45	-2	0.999999	5.43594e-07	0.999999	5.43594e-07	8.97153e-09	-0.0793829	54392	1	1	1e+08	16000
1e+08	0.4	-0.45	-1.95	0.999999	1.23057e-06	0.999999	1.23057e-06	8.85237e-09	-0.100375	54392	1	1	1e+08	16000
1e+08	0.4	-0.45	-1.9	0.999997	2.61807e-06	0.999997	2.61807e-06	8.3303e-09	-0.119771	54392	1	1	1e+08	16000
1e+08	0.4	-0.45	-1.85	0.999995	4.91402e-06	0.999995	4.91402e-06	6.63962e-09	-0.135949	54392	1	1	1e+08	16000
1e+08	0.4	-0.45	-1.8	0.999993	7.37326e-06	0.999993	7.37326e-06	3.68543e-09	-0.146374	54392	1	1	1e+08	16000
1e+08	0.4	-0.45	-1.75	0.999991	8.80913e-06	0.999991	8.80913e-06	1.41378e-09	-0.150946	54392	1	1	1e+08	16000
1e+08	0.4	-0.45	-1.7	0.999991	9.34322e-06	0.999991	9.34322e-06	4.65942e-10	-0.152458	54392	1	1	1e+08	16000
1e+08	0.4	-0.45	-1.65	0.999991	9.51231e-06	0.999991	9.51231e-06	1.54245e-10	-0.152919	54392	1	1	1e+08	16000
1e+08	0.4	-0.45	-1.6	0.99999	9.54619e-06	0.99999	9.54619e-06	9.11262e-11	-0.15301	54392	1	1	1e+08	16000
1e+08	0.4	-0.45	-1.55	0.99999	9.54619e-06	0.99999	9.54619e-06	9.11262e-11	-0.15301	54392	1	1	1e+08	16000
1e+08	0.4	-0.45	-1.5	0.99999	9.54619e-06	0.99999	9.54619e-06	9.11262e-11	-0.15301	54392	1	1	1e+08	16000
1e+08	0.4	-0.45	-1.45	0.99999	9.54619e-06	0.99999	9.54619e-06	9.11262e-11	-0.15301	54392	1	1	1e+08	16000
1e+08	0.4	-0.45	-1.4	0.99999	9.54619e-06	0.99999	9.54619e-06	9.11262e-11	-0.15301	54392	1	1	1e+08	16000
1e+08	0.4	-0.45	-1.35	0.99999	9.54619e-06	0.99999	9.54619e-06	9.11262e-11	-0.15301	54392	1	1	1e+08	16000
1e+08	0.4	-0.45	-1.3	0.99999	9.54619e-06	0.99999	9.54619e-06	9.11262e-11	-0.15301	54392	1	1	1e+08	16000
1e+08	0.4	-0.45	-1.25	0.99999	9.54619e-06	0.99999	9.54619e-06	9.11262e-11	-0.15301	54392	1	1	1e+08	16000
1e+08	0.4	-0.45	-1.2	0.99999	9.54619e-06	0.99999	9.54619e-06	9.11262e-11	-0.15301	54392	1	1	1e+08	16000
1e+08	0.4	-0.45	-1.15	0.99999	9.54619e-06	0.99999	9.54619e-06	9.11262e-11	-0.15301	54392	1	1	1e+08	16000
1e+08	0.4	-0.45	-1.1	0.99999	9.54619e-06	0.99999	9.54619e-06	9.11262e-11	-0.15301	54392	1	1	1e+08	16000
1e+08	0.4	-0.45	-1.05	0.99999	9.54619e-06	0.99999	9.54619e-06	9.11262e-11	-0.15301	54392	1	1	1e+08	16000
1e+08	0.4	-0.45	-1	0.99999	9.54619e-06	0.99999	9.54619e-06	9.11262e-11	-0.15301	54392	1	1	1e+08	16000
1e+08	0.4	-0.45	-0.95	0.99999	9.54619e-06	0.99999	9.54619e-06	9.11262e-11	-0.15301	54392	1	1	1e+08	16000
1e+08	0.4	-0.45	-0.9	0.99999	9.54619e-06	0.99999	9.54619e-06	9.11262e-11	-0.15301	54392	1	1	1e+08	16000
1e+08	0.4	-0.45	-0.85	0.99999	9.54619e-06	0.99999	9.54619e-06	9.11263e-11	-0.15301	54392	1	1	1e+08	16000
1e+08	0.4	-0.45	-0.8	0.99999	9.54619e-06	0.99999	9.54619e-06	9.11264e-11	-0.15301	54392	1	1	1e+08	16000
1e+08	0.4	-0.45	-0.75	0.99999	9.54619e-06	0.99999	9.54619e-06	9.1127e-11	-0.15301	54392	1	1	1e+08	16000
1e+08	0.4	-0.45	-0.7	0.99999	9.54618e-06	0.99999	9.54618e-06	9.11316e-11	-0.15301	54392	1	1	1e+08	16000
1e+08	0.4	-0.45	-0.65	0.99999	9.54617e-06	0.99999	9.54617e-06	9.11638e-11	-0.15301	54392	1	1	1e+08	16000
1e+08	0.45	-0.45	-3	1	2.47415e-08	1	2.47415e-08	9e-09	1.15612e-10	54392	1	1	1e+08	16000
1e+08	0.45	-0.45	-2.95	1	2.47415e-08	1	2.47415e-08	9e-09	1.15617e-10	54392	1	1	1e+08	16000
1e+08	0.45	-0.45	-2.9	1	2.47415e-08	1	2.47415e-08	9e-09	1.15611e-10	54392	1	1	1e+08	16000
1e+08	0.45	-0.45	-2.85	1	2.47415e-08	1	2.47415e-08	9e-09	1.15606e-10	54392	1	1	1e+08	16000
1e+08	0.45	-0.45	-2.8	1	2.47415e-08	1	2.47415e-08	9e-09	1.15604e-10	54392	1	1	1e+08	16000
1e+08	0.45	-0.45	-2.75	1	2.47415e-08	1	2.47415e-08	9e-09	1.13802e-10	54392	1	1	1e+08	16000
1e+08	0.45	-0.45	-2.7	1	2.47415e-08	1	2.47415e-08	9e-09	1.15559e-10	54392	1	1	1e+08	16000
1e+08	0.45	-0.45	-2.65	1	2.47415e-08	1	2.47415e-08	9e-09	1.14595e-10	54392	1	1	1e+08	16000
1e+08	0.45	-0.45	-2.6	1	2.47415e-08	1	2.47415e-08	9e-09	9.91298e-11	54392	1	1	1e+08	16000
1e+08	0.45	-0.45	-2.55	1	2.47415e-08	1	2.47415e-08	9e-09	-1.01503e-10	54392	1	1	1e+08	16000
1e+08	0.45	-0.45	-2.5	1	2.47415e-08	1	2.47415e-08	9e-09	-3.19698e-09	54392	1	1	1e+08	16000
1e+08	0.45	-0.45	-2.45	1	2.47415e-08	1	2.47415e-08	9e-09	-4.11483e-08	54392	1	1	1e+08	16000
1e+08	0.45	-0.45	-2.4	1	2.47419e-08	1	2.47419e-08	9e-09	-4.71384e-07	54392	1	1	1e+08	16000
1e+08	0.45	-0.45	-2.35	1	2.47462e-08	1	2.47462e-08	9e-09	-4.94119e-06	54392	1	1	1e+08	16000
1e+08	0.45	-0.45	-2.3	1	2.47872e-08	1	2.47872e-08	9e-09	-4.74326e-05	54392	1	1	1e+08	16000
1e+08	0.45	-0.45	-2.25	1	2.51419e-08	1	2.51419e-08	9e-09	-0.000412443	54392	1	1	1e+08	16000
1e+08	0.45	-0.45	-2.2	1	2.78161e-08	1	2.78161e-08	8.99998e-09	-0.00300943	54392	1	1	1e+08	16000
1e+08	0.45	-0.45	-2.15	1	4.2561e-08	1	4.2561e-08	8.99988e-09	-0.0139371	54392	1	1	1e+08	16000
1e+08	0.45	-0.45	-2.1	1	9.36832e-08	1	9.36832e-08	8.9992e-09	-0.0342081	54392	1	1	1e+08	16000
1e+08	0.45	-0.45	-2.05	1	2.27106e-07	1	2.27106e-07	8.99502e-09	-0.0569588	54392	1	1	1e+08	16000
1e+08	0.45	-0.45	-2	0.999999	5.40204e-07	0.999999	5.40204e-07	8.97153e-09	-0.0792222	54392	1	1	1e+08	16000
1e+08	0.45	-0.45	-1.95	0.999999	1.22908e-06	0.999999	1.22908e-06	8.85237e-09	-0.100343	54392	1	1	1e+08	16000
1e+08	0.45	-0.45	-1.9	0.999997	2.61737e-06	0.999997	2.61737e-06	8.3303e-09	-0.119765	54392	1	1	1e+08	16000
1e+08	0.45	-0.45	-1.85	0.999995	4.91365e-06	0.999995	4.91365e-06	6.63962e-09	-0.135947	54392	1	1	1e+08	16000
1e+08	0.45	-0.45	-1.8	0.999993	7.37301e-06	0.999993	7.37301e-06	3.68543e-09	-0.146373	54392	1	1	1e+08	16000
1e+08	0.45	-0.45	-1.75	0.999991	8.80892e-06	0.999991	8.80892e-06	1.41378e-09	-0.150945	54392	1	1	1e+08	16000
1e+08	0.45	-0.45	-1.7	0.999991	9.34303e-06	0.999991	9.34303e-06	4.65942e-10	-0.152458	54392	1	1	1e+08	16000
1e+08	0.45	-0.45	-1.65	0.999991	9.51212e-06	0.999991	9.51212e-06	1.54245e-10	-0.152918	54392	1	1	1e+08	16000
1e+08	0.45	-0.45	-1.6	0.99999	9.54599e-06	0.99999	9.54599e-06	9.11262e-11	-0.15301	54392	1	1	1e+08	16000
1e+08	0.45	-0.45	-1.55	0.99999	9.54599e-06	0.99999	9.54599e-06	9.11262e-11	-0.15301	54392	1	1	1e+08	16000
1e+08	0.45	-0.45	-1.5	0.99999	9.54599e-06	0.99999	9.54599e-06	9.11262e-11	-0.15301	54392	1	1	1e+08	16000
1e+08	0.45	-0.45	-1.45	0.99999	9.54599e-06	0.99999	9.54599e-06	9.11262e-11	-0.15301	54392	1	1	1e+08	16000
1e+08	0.45	-0.45	-1.4	0.99999	9.54599e-06	0.99999	9.54599e-06	9.11262e-11	-0.15301	54392	1	1	1e+08	16000
1e+08	0.45	-0.45	-1.35	0.99999	9.54599e-06	0.99999	9.54599e-06	9.11262e-11	-0.15301	54392	1	1	1e+08	16000
1e+08	0.45	-0.45	-1.3	0.99999	9.54599e-06	0.99999	9.54599e-06	9.11262e-11	-0.15301	54392	1	1	1e+08	16000
1e+08	0.45	-0.45	-1.25	0.99999	9.54599e-06	0.99999	9.54599e-06	9.11262e-11	-0.15301	54392	1	1	1e+08	16000
1e+08	0.45	-0.45	-1.2	0.99999	9.54599e-06	0.99999	9.54599e-06	9.11262e-11	-0.15301	54392	1	1	1e+08	16000
1e+08	0.45	-0.45	-1.15	0.99999	9.54599e-06	0.99999	9.54599e-06	9.11262e-11	-0.15301	54392	1	1	1e+08	16000
1e+08	0.45	-0.45	-1.1	0.99999	9.54599e-06	0.99999	9.54599e-06	9.11262e-11	-0.15301	54392	1	1	1e+08	16000
1e+08	0.45	-0.45	-1.05	0.99999	9.54599e-06	0.99999	9.54599e-06	9.11262e-11	-0.15301	54392	1	1	1e+08	16000
1e+08	0.45	-0.45	-1	0.99999	9.54599e-06	0.99999	9.54599e-06	9.11262e-11	-0.15301	54392	1	1	1e+08	16000
1e+08	0.45	-0.45	-0.95	0.99999	9.54599e-06	0.99999	9.54599e-06	9.11262e-11	-0.15301	54392	1	1	1e+08	16000
1e+08	0.45	-0.45	-0.9	0.99999	9.54599e-06	0.99999	9.54599e-06	9.11262e-11	-0.15301	54392	1	1	1e+08	16000
1e+08	0.45	-0.45	-0.85	0.99999	9.54599e-06	0.99999	9.54599e-06	9.11263e-11	-0.15301	54392	1	1	1e+08	16000
1e+08	0.45	-0.45	-0.8	0.99999	9.54599e-06	0.99999	9.54599e-06	9.11264e-11	-0.15301	54392	1	1	1e+08	16000
1e+08	0.45	-0.45	-0.75	0.99999	9.54599e-06	0.99999	9.54599e-06	9.1127e-11	-0.15301	54392	1	1	1e+08	16000
1e+08	0.45	-0.45	-0.7	0.99999	9.54599e-06	0.99999	9.54599e-06	9.11316e-11	-0.15301	54392	1	1	1e+08	16000
1e+08	0.45	-0.45	-0.65	0.99999	9.54597e-06	0.99999	9.54597e-06	9.11638e-11	-0.15301	54392	1	1	1e+08	16000
1e+08	0.45	-0.45	-0.6	0.99999	9.54585e-06	0.99999	9.54585e-06	9.13891e-11	-0.153009	54392	1	1	1e+08	16000
1e+08	0.5	-0.45	-3	1	9.35057e-09	1	9.35057e-09	9e-09	0.025	54392	1	1	1e+08	16000
1e+08	0.5	-0.45	-2.95	1	9.35057e-09	1	9.35057e-09	9e-09	0.025	54392	1	1	1e+08	16000
1e+08	0.5	-0.45	-2.9	1	9.35057e-09	1	9.35057e-09	9e-09	0.025	54392	1	1	1e+08	16000
1e+08	0.5	-0.45	-2.85	1	9.35057e-09	1	9.35057e-09	9e-09	0.025	54392	1	1	1e+08	16000
1e+08	0.5	-0.45	-2.8	1	9.35057e-09	1	9.35057e-09	9e-09	0.025	54392	1	1	1e+08	16000
1e+08	0.5	-0.45	-2.75	1	9.35057e-09	1	9.35057e-09	9e-09	0.025	54392	1	1	1e+08	16000
1e+08	0.5	-0.45	-2.7	1	9.35057e-09	1	9.35057e-09	9e-09	0.025	54392	1	1	1e+08	16000
1e+08	0.5	-0.45	-2.65	1	9.35057e-09	1	9.35057e-09	9e-09	0.025	54392	1	1	1e+08	16000
1e+08	0.5	-0.45	-2.6	1	9.35057e-09	1	9.35057e-09	9e-09	0.025	54392	1	1	1e+08	16000
1e+08	0.5	-0.45	-2.55	1	9.35057e-09	1	9.35057e-09	9e-09	0.025	54392	1	1	1e+08	16000
1e+08	0.5	-0.45	-2.5	1	9.35058e-09	1	9.35058e-09	9e-09	0.025	54392	1	1	1e+08	16000
1e+08	0.5	-0.45	-2.45	1	9.35068e-09	1	9.35068e-09	9e-09	0.0249997	54392	1	1	1e+08	16000
1e+08	0.5	-0.45	-2.4	1	9.35177e-09	1	9.35177e-09	9e-09	0.0249967	54392	1	1	1e+08	16000
1e+08	0.5	-0.45	-2.35	1	9.36316e-09	1	9.36316e-09	9e-09	0.0249654	54392	1	1	1e+08	16000
1e+08	0.5	-0.45	-2.3	1	9.47088e-09	1	9.47088e-09	9e-09	0.0246715	54392	1	1	1e+08	16000
1e+08	0.5	-0.45	-2.25	1	1.03637e-08	1	1.03637e-08	9e-09	0.0223571	54392	1	1	1e+08	16000
1e+08	0.5	-0.45	-2.2	1	1.57805e-08	1	1.57805e-08	8.99998e-09	0.0115541	54392	1	1	1e+08	16000
1e+08	0.5	-0.45	-2.15	1	3.5871e-08	1	3.5871e-08	8.99988e-09	-0.00954347	54392	1	1	1e+08	16000
1e+08	0.5	-0.45	-2.1	1	9.08396e-08	1	9.08396e-08	8.9992e-09	-0.0334161	54392	1	1	1e+08	16000
1e+08	0.5	-0.45	-2.05	1	2.25948e-07	1	2.25948e-07	8.99502e-09	-0.0568274	54392	1	1	1e+08	16000
1e+08	0.5	-0.45	-2	0.999999	5.39719e-07	0.999999	5.39719e-07	8.97153e-09	-0.0791991	54392	1	1	1e+08	16000
1e+08	0.5	-0.45	-1.95	0.999999	1.22887e-06	0.999999	1.22887e-06	8.85237e-09	-0.100339	54392	1	1	1e+08	16000
1e+08	0.5	-0.45	-1.9	0.999997	2.61727e-06	0.999997	2.61727e-06	8.3303e-09	-0.119764	54392	1	1	1e+08	16000
1e+08	0.5	-0.45	-1.85	0.999995	4.9136e-06	0.999995	4.9136e-06	6.63962e-09	-0.135947	54392	1	1	1e+08	16000
1e+08	0.5	-0.45	-1.8	0.999993	7.37297e-06	0.999993	7.37297e-06	3.68543e-09	-0.146373	54392	1	1	1e+08	16000
1e+08	0.5	-0.45	-1.75	0.999991	8.80889e-06	0.999991	8.80889e-06	1.41378e-09	-0.150945	54392	1	1	1e+08	16000
1e+08	0.5	-0.45	-1.7	0.999991	9.343e-06	0.999991	9.343e-06	4.65942e-10	-0.152457	54392	1	1	1e+08	16000
1e+08	0.5	-0.45	-1.65	0.999991	9.51209e-06	0.999991	9.51209e-06	1.54245e-10	-0.152918	54392	1	1	1e+08	16000
1e+08	0.5	-0.45	-1.6	0.99999	9.54597e-06	0.99999	9.54597e-06	9.11262e-11	-0.15301	54392	1	1	1e+08	16000
1e+08	0.5	-0.45	-1.55	0.99999	9.54597e-06	0.99999	9.54597e-06	9.11262e-11	-0.15301	54392	1	1	1e+08	16000
1e+08	0.5	-0.45	-1.5	0.99999	9.54597e-06	0.99999	9.54597e-06	9.11262e-11	-0.15301	54392	1	1	1e+08	16000
1e+08	0.5	-0.45	-1.45	0.99999	9.54597e-06	0.99999	9.54597e-06	9.11262e-11	-0.15301	54392	1	1	1e+08	16000
1e+08	0.5	-0.45	-1.4	0.99999	9.54597e-06	0.99999	9.54597e-06	9.11262e-11	-0.15301	54392	1	1	1e+08	16000
1e+08	0.5	-0.45	-1.35	0.99999	9.54597e-06	0.99999	9.54597e-06	9.11262e-11	-0.15301	54392	1	1	1e+08	16000
1e+08	0.5	-0.45	-1.3	0.99999	9.54597e-06	0.99999	9.54597e-06	9.11262e-11	-0.15301	54392	1	1	1e+08	16000
1e+08	0.5	-0.45	-1.25	0.99999	9.54597e-06	0.99999	9.54597e-06	9.11262e-11	-0.15301	54392	1	1	1e+08	16000
1e+08	0.5	-0.45	-1.2	0.99999	9.54597e-06	0.99999	9.54597e-06	9.11262e-11	-0.15301	54392	1	1	1e+08	16000
1e+08	0.5	-0.45	-1.15	0.99999	9.54597e-06	0.99999	9.54597e-06	9.11262e-11	-0.15301	54392	1	1	1e+08	16000
1e+08	0.5	-0.45	-1.1	0.99999	9.54597e-06	0.99999	9.54597e-06	9.11262e-11	-0.15301	54392	1	1	1e+08	16000
1e+08	0.5	-0.45	-1.05	0.99999	9.54597e-06	0.99999	9.54597e-06	9.11262e-11	-0.15301	54392	1	1	1e+08	16000
1e+08	0.5	-0.45	-1	0.99999	9.54597e-06	0.99999	9.54597e-06	9.11262e-11	-0.15301	54392	1	1	1e+08	16000
1e+08	0.5	-0.45	-0.95	0.99999	9.54597e-06	0.99999	9.54597e-06	9.11262e-11	-0.15301	54392	1	1	1e+08	16000
1e+08	0.5	-0.45	-0.9	0.99999	9.54597e-06	0.99999	9.54597e-06	9.11262e-11	-0.15301	54392	1	1	1e+08	16000
1e+08	0.5	-0.45	-0.85	0.99999	9.54597e-06	0.99999	9.54597e-06	9.11263e-11	-0.15301	54392	1	1	1e+08	16000
1e+08	0.5	-0.45	-0.8	0.99999	9.54597e-06	0.99999	9.54597e-06	9.11264e-11	-0.15301	54392	1	1	1e+08	16000
1e+08	0.5	-0.45	-0.75	0.99999	9.54597e-06	0.99999	9.54597e-06	9.1127e-11	-0.15301	54392	1	1	1e+08	16000
1e+08	0.5	-0.45	-0.7	0.99999	9.54596e-06	0.99999	9.54596e-06	9.11316e-11	-0.15301	54392	1	1	1e+08	16000
1e+08	0.5	-0.45	-0.65	0.99999	9.54595e-06	0.99999	9.54595e-06	9.11638e-11	-0.15301	54392	1	1	1e+08	16000
1e+08	0.5	-0.45	-0.6	0.99999	9.54583e-06	0.99999	9.54583e-06	9.13891e-11	-0.153009	54392	1	1	1e+08	16000
1e+08	0.5	-0.45	-0.55	0.99999	9.54498e-06	0.99999	9.54498e-06	9.29661e-11	-0.153007	54392	1	1	1e+08	16000
1e+08	0.55	-0.45	-3	1	3.53387e-09	1	3.53387e-09	9e-09	0.05	54392	1	1	1e+08	16000
1e+08	0.55	-0.45	-2.95	1	3.53387e-09	1	3.53387e-09	9e-09	0.05	54392	1	1	1e+08	16000
1e+08	0.55	-0.45	-2.9	1	3.53387e-09	1	3.53387e-09	9e-09	0.05	54392	1	1	1e+08	16000
1e+08	0.55	-0.45	-2.85	1	3.53387e-09	1	3.53387e-09	9e-09	0.05	54392	1	1	1e+08	16000
1e+08	0.55	-0.45	-2.8	1	3.53387e-09	1	3.53387e-09	9e-09	0.05	54392	1	1	1e+08	16000
1e+08	0.55	-0.45	-2.75	1	3.53387e-09	1	3.53387e-09	9e-09	0.05	54392	1	1	1e+08	16000
1e+08	0.55	-0.45	-2.7	1	3.53387e-09	1	3.53387e-09	9e-09	0.05	54392	1	1	1e+08	16000
1e+08	0.55	-0.45	-2.65	1	3.53387e-09	1	3.53387e-09	9e-09	0.05	54392	1	1	1e+08	16000
1e+08	0.55	-0.45	-2.6	1	3.53387e-09	1	3.53387e-09	9e-09	0.05	54392	1	1	1e+08	16000
1e+08	0.55	-0.45	-2.55	1	3.53387e-09	1	3.53387e-09	9e-09	0.05	54392	1	1	1e+08	16000
1e+08	0.55	-0.45	-2.5	1	3.53389e-09	1	3.53389e-09	9e-09	0.0499998	54392	1	1	1e+08	16000
1e+08	0.55	-0.45	-2.45	1	3.53415e-09	1	3.53415e-09	9e-09	0.049998	54392	1	1	1e+08	16000
1e+08	0.55	-0.45	-2.4	1	3.53705e-09	1	3.53705e-09	9e-09	0.0499769	54392	1	1	1e+08	16000
1e+08	0.55	-0.45	-2.35	1	3.56704e-09	1	3.56704e-09	9e-09	0.04976	54392	1	1	1e+08	16000
1e+08	0.55	-0.45	-2.3	1	3.84092e-09	1	3.84092e-09	9e-09	0.0478594	54392	1	1	1e+08	16000
1e+08	0.55	-0.45	-2.25	1	5.69741e-09	1	5.69741e-09	9e-09	0.0377287	54392	1	1	1e+08	16000
1e+08	0.55	-0.45	-2.2	1	1.31939e-08	1	1.31939e-08	8.99998e-09	0.0161535	54392	1	1	1e+08	16000
1e+08	0.55	-0.45	-2.15	1	3.48107e-08	1	3.48107e-08	8.99988e-09	-0.00877257	54392	1	1	1e+08	16000
1e+08	0.55	-0.45	-2.1	1	9.04262e-08	1	9.04262e-08	8.9992e-09	-0.0332989	54392	1	1	1e+08	16000
1e+08	0.55	-0.45	-2.05	1	2.25782e-07	1	2.25782e-07	8.99502e-09	-0.0568086	54392	1	1	1e+08	16000
1e+08	0.55	-0.45	-2	0.999999	5.39649e-07	0.999999	5.39649e-07	8.97153e-09	-0.0791958	54392	1	1	1e+08	16000
1e+08	0.55	-0.45	-1.95	0.999999	1.22884e-06	0.999999	1.22884e-06	8.85237e-09	-0.100338	54392	1	1	1e+08	16000
1e+08	0.55	-0.45	-1.9	0.999997	2.61725e-06	0.999997	2.61725e-06	8.3303e-09	-0.119763	54392	1	1	1e+08	16000
1e+08	0.55	-0.45	-1.85	0.999995	4.91359e-06	0.999995	4.91359e-06	6.63962e-09	-0.135947	54392	1	1	1e+08	16000
1e+08	0.55	-0.45	-1.8	0.999993	7.37297e-06	0.999993	7.37297e-06	3.68543e-09	-0.146373	54392	1	1	1e+08	16000
1e+08	0.55	-0.45	-1.75	0.999991	8.80888e-06	0.999991	8.80888e-06	1.41378e-09	-0.150945	54392	1	1	1e+08	16000
1e+08	0.55	-0.45	-1.7	0.999991	9.34299e-06	0.999991	9.34299e-06	4.65942e-10	-0.152457	54392	1	1	1e+08	16000
1e+08	0.55	-0.45	-1.65	0.999991	9.51209e-06	0.999991	9.51209e-06	1.54245e-10	-0.152918	54392	1	1	1e+08	16000
1e+08	0.55	-0.45	-1.6	0.99999	9.54596e-06	0.99999	9.54596e-06	9.11262e-11	-0.15301	54392	1	1	1e+08	16000
1e+08	0.55	-0.45	-1.55	0.99999	9.54596e-06	0.99999	9.54596e-06	9.11262e-11	-0.15301	54392	1	1	1e+08	16000
1e+08	0.55	-0.45	-1.5	0.99999	9.54596e-06	0.99999	9.54596e-06	9.11262e-11	-0.15301	54392	1	1	1e+08	16000
1e+08	0.55	-0.45	-1.45	0.99999	9.54596e-06	0.99999	9.54596e-06	9.11262e-11	-0.15301	54392	1	1	1e+08	16000
1e+08	0.55	-0.45	-1.4	0.99999	9.54596e-06	0.99999	9.54596e-06	9.11262e-11	-0.15301	54392	1	1	1e+08	16000
1e+08	0.55	-0.45	-1.35	0.99999	9.54596e-06	0.99999	9.54596e-06	9.11262e-11	-0.15301	54392	1	1	1e+08	16000
1e+08	0.55	-0.45	-1.3	0.99999	9.54596e-06	0.99999	9.54596e-06	9.11262e-11	-0.15301	54392	1	1	1e+08	16000
1e+08	0.55	-0.45	-1.25	0.99999	9.54596e-06	0.99999	9.54596e-06	9.11262e-11	-0.15301	54392	1	1	1e+08	16000
1e+08	0.55	-0.45	-1.2	0.99999	9.54596e-06	0.99999	9.54596e-06	9.11262e-11	-0.15301	54392	1	1	1e+08	16000
1e+08	0.55	-0.45	-1.15	0.99999	9.54596e-06	0.99999	9.54596e-06	9.11262e-11	-0.15301	54392	1	1	1e+08	16000
1e+08	0.55	-0.45	-1.1	0.99999	9.54596e-06	0.99999	9.54596e-06	9.11262e-11	-0.15301	54392	1	1	1e+08	16000
1e+08	0.55	-0.45	-1.05	0.99999	9.54596e-06	0.99999	9.54596e-06	9.11262e-11	-0.15301	54392	1	1	1e+08	16000
1e+08	0.55	-0.45	-1	0.99999	9.54596e-06	0.99999	9.54596e-06	9.11262e-11	-0.15301	54392	1	1	1e+08	16000
1e+08	0.55	-0.45	-0.95	0.99999	9.54596e-06	0.99999	9.54596e-06	9.11262e-11	-0.15301	54392	1	1	1e+08	16000
1e+08	0.55	-0.45	-0.9	0.99999	9.54596e-06	0.99999	9.54596e-06	9.11262e-11	-0.15301	54392	1	1	1e+08	16000
1e+08	0.55	-0.45	-0.85	0.99999	9.54596e-06	0.99999	9.54596e-06	9.11263e-11	-0.15301	54392	1	1	1e+08	16000
1e+08	0.55	-0.45	-0.8	0.99999	9.54596e-06	0.99999	9.54596e-06	9.11264e-11	-0.15301	54392	1	1	1e+08	16000
1e+08	0.55	-0.45	-0.75	0.99999	9.54596e-06	0.99999	9.54596e-06	9.1127e-11	-0.15301	54392	1	1	1e+08	16000
1e+08	0.55	-0.45	-0.7	0.99999	9.54596e-06	0.99999	9.54596e-06	9.11316e-11	-0.15301	54392	1	1	1e+08	16000
1e+08	0.55	-0.45	-0.65	0.99999	9.54594e-06	0.99999	9.54594e-06	9.11638e-11	-0.15301	54392	1	1	1e+08	16000
1e+08	0.55	-0.45	-0.6	0.99999	9.54582e-06	0.99999	9.54582e-06	9.13891e-11	-0.153009	54392	1	1	1e+08	16000
1e+08	0.55	-0.45	-0.55	0.99999	9.54498e-06	0.99999	9.54498e-06	9.29661e-11	-0.153007	54392	1	1	1e+08	16000
1e+08	0.55	-0.45	-0.5	0.99999	9.53907e-06	0.99999	9.53907e-06	1.03992e-10	-0.152991	54392	1	1	1e+08	16000
1e+08	0.55	-0.45	-0.45	0.999991	9.498e-06	0.999991	9.498e-06	1.80426e-10	-0.15288	54392	1	1	1e+08	16000
1e+08	0.6	-0.45	-3	1	1.33556e-09	1	1.33556e-09	9e-09	0.075	54392	1	1	1e+08	16000
1e+08	0.6	-0.45	-2.95	1	1.33556e-09	1	1.33556e-09	9e-09	0.075	54392	1	1	1e+08	16000
1e+08	0.6	-0.45	-2.9	1	1.33556e-09	1	1.33556e-09	9e-09	0.075	54392	1	1	1e+08	16000
1e+08	0.6	-0.45	-2.85	1	1.33556e-09	1	1.33556e-09	9e-09	0.075	54392	1	1	1e+08	16000
1e+08	0.6	-0.45	-2.8	1	1.33556e-09	1	1.33556e-09	9e-09	0.075	54392	1	1	1e+08	16000
1e+08	0.6	-0.45	-2.75	1	1.33556e-09	1	1.33556e-09	9e-09	0.075	54392	1	1	1e+08	16000
1e+08	0.6	-0.45	-2.7	1	1.33556e-09	1	1.33556e-09	9e-09	0.075	54392	1	1	1e+08	16000
1e+08	0.6	-0.45	-2.65	1	1.33556e-09	1	1.33556e-09	9e-09	0.075	54392	1	1	1e+08	16000
1e+08	0.6	-0.45	-2.6	1	1.33556e-09	1	1.33556e-09	9e-09	0.075	54392	1	1	1e+08	16000
1e+08	0.6	-0.45	-2.55	1	1.33556e-09	1	1.33556e-09	9e-09	0.0749999	54392	1	1	1e+08	16000
1e+08	0.6	-0.45	-2.5	1	1.33562e-09	1	1.33562e-09	9e-09	0.0749989	54392	1	1	1e+08	16000
1e+08	0.6	-0.45	-2.45	1	1.3363e-09	1	1.3363e-09	9e-09	0.0749858	54392	1	1	1e+08	16000
1e+08	0.6	-0.45	-2.4	1	1.34394e-09	1	1.34394e-09	9e-09	0.0748392	54392	1	1	1e+08	16000
1e+08	0.6	-0.45	-2.35	1	1.42099e-09	1	1.42099e-09	9e-09	0.0734069	54392	1	1	1e+08	16000
1e+08	0.6	-0.45	-2.3	1	2.01199e-09	1	2.01199e-09	9e-09	0.0644718	54392	1	1	1e+08	16000
1e+08	0.6	-0.45	-2.25	1	4.66433e-09	1	4.66433e-09	9e-09	0.042869	54392	1	1	1e+08	16000
1e+08	0.6	-0.45	-2.2	1	1.27819e-08	1	1.27819e-08	8.99998e-09	0.0169688	54392	1	1	1e+08	16000
1e+08	0.6	-0.45	-2.15	1	3.46566e-08	1	3.46566e-08	8.99988e-09	-0.00865859	54392	1	1	1e+08	16000
1e+08	0.6	-0.45	-2.1	1	9.0367e-08	1	9.0367e-08	8.9992e-09	-0.0332821	54392	1	1	1e+08	16000
1e+08	0.6	-0.45	-2.05	1	2.25758e-07	1	2.25758e-07	8.99502e-09	-0.0568059	54392	1	1	1e+08	16000
1e+08	0.6	-0.45	-2	0.999999	5.39639e-07	0.999999	5.39639e-07	8.97153e-09	-0.0791953	54392	1	1	1e+08	16000
1e+08	0.6	-0.45	-1.95	0.999999	1.22883e-06	0.999999	1.22883e-06	8.85237e-09	-0.100338	54392	1	1	1e+08	16000
1e+08	0.6	-0.45	-1.9	0.999997	2.61725e-06	0.999997	2.61725e-06	8.3303e-09	-0.119763	54392	1	1	1e+08	16000
1e+08	0.6	-0.45	-1.85	0.999995	4.91359e-06	0.999995	4.91359e-06	6.63962e-09	-0.135947	54392	1	1	1e+08	16000
1e+08	0.6	-0.45	-1.8	0.999993	7.37297e-06	0.999993	7.37297e-06	3.68543e-09	-0.146373	54392	1	1	1e+08	16000
1e+08	0.6	-0.45	-1.75	0.999991	8.80888e-06	0.999991	8.80888e-06	1.41378e-09	-0.150945	54392	1	1	1e+08	16000
1e+08	0.6	-0.45	-1.7	0.999991	9.34299e-06	0.999991	9.34299e-06	4.65942e-10	-0.152457	54392	1	1	1e+08	16000
1e+08	0.6	-0.45	-1.65	0.999991	9.51209e-06	0.999991	9.51209e-06	1.54245e-10	-0.152918	54392	1	1	1e+08	16000
1e+08	0.6	-0.45	-1.6	0.99999	9.54596e-06	0.99999	9.54596e-06	9.11262e-11	-0.15301	54392	1	1	1e+08	16000
1e+08	0.6	-0.45	-1.55	0.99999	9.54596e-06	0.99999	9.54596e-06	9.11262e-11	-0.15301	54392	1	1	1e+08	16000
1e+08	0.6	-0.45	-1.5	0.99999	9.54596e-06	0.99999	9.54596e-06	9.11262e-11	-0.15301	54392	1	1	1e+08	16000
1e+08	0.6	-0.45	-1.45	0.99999	9.54596e-06	0.99999	9.54596e-06	9.11262e-11	-0.15301	54392	1	1	1e+08	16000
1e+08	0.6	-0.45	-1.4	0.99999	9.54596e-06	0.99999	9.54596e-06	9.11262e-11	-0.15301	54392	1	1	1e+08	16000
1e+08	0.6	-0.45	-1.35	0.99999	9.54596e-06	0.99999	9.54596e-06	9.11262e-11	-0.15301	54392	1	1	1e+08	16000
1e+08	0.6	-0.45	-1.3	0.99999	9.54596e-06	0.99999	9.54596e-06	9.11262e-11	-0.15301	54392	1	1	1e+08	16000
1e+08	0.6	-0.45	-1.25	0.99999	9.54596e-06	0.99999	9.54596e-06	9.11262e-11	-0.15301	54392	1	1	1e+08	16000
1e+08	0.6	-0.45	-1.2	0.99999	9.54596e-06	0.99999	9.54596e-06	9.11262e-11	-0.15301	54392	1	1	1e+08	16000
1e+08	0.6	-0.45	-1.15	0.99999	9.54596e-06	0.99999	9.54596e-06	9.11262e-11	-0.15301	54392	1	1	1e+08	16000
1e+08	0.6	-0.45	-1.1	0.99999	9.54596e-06	0.99999	9.54596e-06	9.11262e-11	-0.15301	54392	1	1	1e+08	16000
1e+08	0.6	-0.45	-1.05	0.99999	9.54596e-06	0.99999	9.54596e-06	9.11262e-11	-0.15301	54392	1	1	1e+08	16000
1e+08	0.6	-0.45	-1	0.99999	9.54596e-06	0.99999	9.54596e-06	9.11262e-11	-0.15301	54392	1	1	1e+08	16000
1e+08	0.6	-0.45	-0.95	0.99999	9.54596e-06	0.99999	9.54596e-06	9.11262e-11	-0.15301	54392	1	1	1e+08	16000
1e+08	0.6	-0.45	-0.9	0.99999	9.54596e-06	0.99999	9.54596e-06	9.11262e-11	-0.15301	54392	1	1	1e+08	16000
1e+08	0.6	-0.45	-0.85	0.99999	9.54596e-06	0.99999	9.54596e-06	9.11263e-11	-0.15301	54392	1	1	1e+08	16000
1e+08	0.6	-0.45	-0.8	0.99999	9.54596e-06	0.99999	9.54596e-06	9.11264e-11	-0.15301	54392	1	1	1e+08	16000
1e+08	0.6	-0.45	-0.75	0.99999	9.54596e-06	0.99999	9.54596e-06	9.1127e-11	-0.15301	54392	1	1	1e+08	16000
1e+08	0.6	-0.45	-0.7	0.99999	9.54596e-06	0.99999	9.54596e-06	9.11316e-11	-0.15301	54392	1	1	1e+08	16000
1e+08	0.6	-0.45	-0.65	0.99999	9.54594e-06	0.99999	9.54594e-06	9.11638e-11	-0.15301	54392	1	1	1e+08	16000
1e+08	0.6	-0.45	-0.6	0.99999	9.54582e-06	0.99999	9.54582e-06	9.13891e-11	-0.153009	54392	1	1	1e+08	16000
1e+08	0.6	-0.45	-0.55	0.99999	9.54498e-06	0.99999	9.54498e-06	9.29661e-11	-0.153007	54392	1	1	1e+08	16000
1e+08	0.6	-0.45	-0.5	0.99999	9.53907e-06	0.99999	9.53907e-06	1.03992e-10	-0.152991	54392	1	1	1e+08	16000
1e+08	0.6	-0.45	-0.45	0.999991	9.498e-06	0.999991	9.498e-06	1.80426e-10	-0.15288	54392	1	1	1e+08	16000
1e+08	0.65	-0.45	-3	1	5.04749e-10	1	5.04749e-10	9e-09	0.1	54392	1	1	1e+08	16000
1e+08	0.65	-0.45	-2.95	1	5.04749e-10	1	5.04749e-10	9e-09	0.1	54392	1	1	1e+08	16000
1e+08	0.65	-0.45	-2.9	1	5.04749e-10	1	5.04749e-10	9e-09	0.1	54392	1	1	1e+08	16000
1e+08	0.65	-0.45	-2.85	1	5.04749e-10	1	5.04749e-10	9e-09	0.1	54392	1	1	1e+08	16000
1e+08	0.65	-0.45	-2.8	1	5.04749e-10	1	5.04749e-10	9e-09	0.1	54392	1	1	1e+08	16000
1e+08	0.65	-0.45	-2.75	1	5.04749e-10	1	5.04749e-10	9e-09	0.1	54392	1	1	1e+08	16000
1e+08	0.65	-0.45	-2.7	1	5.04749e-10	1	5.04749e-10	9e-09	0.1	54392	1	1	1e+08	16000
1e+08	0.65	-0.45	-2.65	1	5.04749e-10	1	5.04749e-10	9e-09	0.1	54392	1	1	1e+08	16000
1e+08	0.65	-0.45	-2.6	1	5.0475e-10	1	5.0475e-10	9e-09	0.1	54392	1	1	1e+08	16000
1e+08	0.65	-0.45	-2.55	1	5.04761e-10	1	5.04761e-10	9e-09	0.0999994	54392	1	1	1e+08	16000
1e+08	0.65	-0.45	-2.5	1	5.04906e-10	1	5.04906e-10	9e-09	0.099992	54392	1	1	1e+08	16000
1e+08	0.65	-0.45	-2.45	1	5.06693e-10	1	5.06693e-10	9e-09	0.0999012	54392	1	1	1e+08	16000
1e+08	0.65	-0.45	-2.4	1	5.26536e-10	1	5.26536e-10	9e-09	0.0989143	54392	1	1	1e+08	16000
1e+08	0.65	-0.45	-2.35	1	7.00197e-10	1	7.00197e-10	9e-09	0.0915908	54392	1	1	1e+08	16000
1e+08	0.65	-0.45	-2.3	1	1.58719e-09	1	1.58719e-09	9e-09	0.0705651	54392	1	1	1e+08	16000
1e+08	0.65	-0.45	-2.25	1	4.49745e-09	1	4.49745e-09	9e-09	0.0438051	54392	1	1	1e+08	16000
1e+08	0.65	-0.45	-2.2	1	1.27219e-08	1	1.27219e-08	8.99998e-09	0.0170896	54392	1	1	1e+08	16000
1e+08	0.65	-0.45	-2.15	1	3.46345e-08	1	3.46345e-08	8.99988e-09	-0.00864223	54392	1	1	1e+08	16000
1e+08	0.65	-0.45	-2.1	1	9.03585e-08	1	9.03585e-08	8.9992e-09	-0.0332797	54392	1	1	1e+08	16000
1e+08	0.65	-0.45	-2.05	1	2.25755e-07	1	2.25755e-07	8.99502e-09	-0.0568055	54392	1	1	1e+08	16000
1e+08	0.65	-0.45	-2	0.999999	5.39638e-07	0.999999	5.39638e-07	8.97153e-09	-0.0791953	54392	1	1	1e+08	16000
1e+08	0.65	-0.45	-1.95	0.999999	1.22883e-06	0.999999	1.22883e-06	8.85237e-09	-0.100338	54392	1	1	1e+08	16000
1e+08	0.65	-0.45	-1.9	0.999997	2.61725e-06	0.999997	2.61725e-06	8.3303e-09	-0.119763	54392	1	1	1e+08	16000
1e+08	0.65	-0.45	-1.85	0.999995	4.91359e-06	0.999995	4.91359e-06	6.63962e-09	-0.135947	54392	1	1	1e+08	16000
1e+08	0.65	-0.45	-1.8	0.999993	7.37297e-06	0.999993	7.37297e-06	3.68543e-09	-0.146373	54392	1	1	1e+08	16000
1e+08	0.65	-0.45	-1.75	0.999991	8.80888e-06	0.999991	8.80888e-06	1.41378e-09	-0.150945	54392	1	1	1e+08	16000
1e+08	0.65	-0.45	-1.7	0.999991	9.34299e-06	0.999991	9.34299e-06	4.65942e-10	-0.152457	54392	1	1	1e+08	16000
1e+08	0.65	-0.45	-1.65	0.999991	9.51209e-06	0.999991	9.51209e-06	1.54245e-10	-0.152918	54392	1	1	1e+08	16000
1e+08	0.65	-0.45	-1.6	0.99999	9.54596e-06	0.99999	9.54596e-06	9.11262e-11	-0.15301	54392	1	1	1e+08	16000
1e+08	0.65	-0.45	-1.55	0.99999	9.54596e-06	0.99999	9.54596e-06	9.11262e-11	-0.15301	54392	1	1	1e+08	16000
1e+08	0.65	-0.45	-1.5	0.99999	9.54596e-06	0.99999	9.54596e-06	9.11262e-11	-0.15301	54392	1	1	1e+08	16000
1e+08	0.65	-0.45	-1.45	0.99999	9.54596e-06	0.99999	9.54596e-06	9.11262e-11	-0.15301	54392	1	1	1e+08	16000
1e+08	0.65	-0.45	-1.4	0.99999	9.54596e-06	0.99999	9.54596e-06	9.11262e-11	-0.15301	54392	1	1	1e+08	16000
1e+08	0.65	-0.45	-1.35	0.99999	9.54596e-06	0.99999	9.54596e-06	9.11262e-11	-0.15301	54392	1	1	1e+08	16000
1e+08	0.65	-0.45	-1.3	0.99999	9.54596e-06	0.99999	9.54596e-06	9.11262e-11	-0.15301	54392	1	1	1e+08	16000
1e+08	0.65	-0.45	-1.25	0.99999	9.54596e-06	0.99999	9.54596e-06	9.11262e-11	-0.15301	54392	1	1	1e+08	16000
1e+08	0.65	-0.45	-1.2	0.99999	9.54596e-06	0.99999	9.54596e-06	9.11262e-11	-0.15301	54392	1	1	1e+08	16000
1e+08	0.65	-0.45	-1.15	0.99999	9.54596e-06	0.99999	9.54596e-06	9.11262e-11	-0.15301	54392	1	1	1e+08	16000
1e+08	0.65	-0.45	-1.1	0.99999	9.54596e-06	0.99999	9.54596e-06	9.11262e-11	-0.15301	54392	1	1	1e+08	16000
1e+08	0.65	-0.45	-1.05	0.99999	9.54596e-06	0.99999	9.54596e-06	9.11262e-11	-0.15301	54392	1	1	1e+08	16000
1e+08	0.65	-0.45	-1	0.99999	9.54596e-06	0.99999	9.54596e-06	9.11262e-11	-0.15301	54392	1	1	1e+08	16000
1e+08	0.65	-0.45	-0.95	0.99999	9.54596e-06	0.99999	9.54596e-06	9.11262e-11	-0.15301	54392	1	1	1e+08	16000
1e+08	0.65	-0.45	-0.9	0.99999	9.54596e-06	0.99999	9.54596e-06	9.11262e-11	-0.15301	54392	1	1	1e+08	16000
1e+08	0.65	-0.45	-0.85	0.99999	9.54596e-06	0.99999	9.54596e-06	9.11263e-11	-0.15301	54392	1	1	1e+08	16000
1e+08	0.65	-0.45	-0.8	0.99999	9.54596e-06	0.99999	9.54596e-06	9.11264e-11	-0.15301	54392	1	1	1e+08	16000
1e+08	0.65	-0.45	-0.75	0.99999	9.54596e-06	0.99999	9.54596e-06	9.1127e-11	-0.15301	54392	1	1	1e+08	16000
1e+08	0.65	-0.45	-0.7	0.99999	9.54596e-06	0.99999	9.54596e-06	9.11316e-11	-0.15301	54392	1	1	1e+08	16000
1e+08	0.65	-0.45	-0.65	0.99999	9.54594e-06	0.99999	9.54594e-06	9.11638e-11	-0.15301	54392	1	1	1e+08	16000
1e+08	0.65	-0.45	-0.6	0.99999	9.54582e-06	0.99999	9.54582e-06	9.13891e-11	-0.153009	54392	1	1	1e+08	16000
1e+08	0.65	-0.45	-0.55	0.99999	9.54498e-06	0.99999	9.54498e-06	9.29661e-11	-0.153007	54392	1	1	1e+08	16000
1e+08	0.65	-0.45	-0.5	0.99999	9.53907e-06	0.99999	9.53907e-06	1.03992e-10	-0.152991	54392	1	1	1e+08	16000
1e+08	0.65	-0.45	-0.45	0.999991	9.498e-06	0.999991	9.498e-06	1.80426e-10	-0.15288	54392	1	1	1e+08	16000
1e+08	0.65	-0.45	-0.4	0.999991	8.97353e-06	0.999991	8.97353e-06	1.12755e-09	-0.151421	54392	1	1	1e+08	16000
1e+08	0.7	-0.45	-3	1	1.9076e-10	1	1.9076e-10	9e-09	0.125	54392	1	1	1e+08	16000
1e+08	0.7	-0.45	-2.95	1	1.9076e-10	1	1.9076e-10	9e-09	0.125	54392	1	1	1e+08	16000
1e+08	0.7	-0.45	-2.9	1	1.9076e-10	1	1.9076e-10	9e-09	0.125	54392	1	1	1e+08	16000
1e+08	0.7	-0.45	-2.85	1	1.9076e-10	1	1.9076e-10	9e-09	0.125	54392	1	1	1e+08	16000
1e+08	0.7	-0.45	-2.8	1	1.9076e-10	1	1.9076e-10	9e-09	0.125	54392	1	1	1e+08	16000
1e+08	0.7	-0.45	-2.75	1	1.9076e-10	1	1.9076e-10	9e-09	0.125	54392	1	1	1e+08	16000
1e+08	0.7	-0.45	-2.7	1	1.9076e-10	1	1.9076e-10	9e-09	0.125	54392	1	1	1e+08	16000
1e+08	0.7	-0.45	-2.65	1	1.90761e-10	1	1.90761e-10	9e-09	0.125	54392	1	1	1e+08	16000
1e+08	0.7	-0.45	-2.6	1	1.90763e-10	1	1.90763e-10	9e-09	0.125	54392	1	1	1e+08	16000
1e+08	0.7	-0.45	-2.55	1	1.90791e-10	1	1.90791e-10	9e-09	0.124996	54392	1	1	1e+08	16000
1e+08	0.7	-0.45	-2.5	1	1.91174e-10	1	1.91174e-10	9e-09	0.124944	54392	1	1	1e+08	16000
1e+08	0.7	-0.45	-2.45	1	1.95846e-10	1	1.95846e-10	9e-09	0.124324	54392	1	1	1e+08	16000
1e+08	0.7	-0.45	-2.4	1	2.42606e-10	1	2.42606e-10	9e-09	0.118823	54392	1	1	1e+08	16000
1e+08	0.7	-0.45	-2.35	1	5.21434e-10	1	5.21434e-10	9e-09	0.0991644	54392	1	1	1e+08	16000
1e+08	0.7	-0.45	-2.3	1	1.51684e-09	1	1.51684e-09	9e-09	0.0717299	54392	1	1	1e+08	16000
1e+08	0.7	-0.45	-2.25	1	4.47311e-09	1	4.47311e-09	9e-09	0.0439445	54392	1	1	1e+08	16000
1e+08	0.7	-0.45	-2.2	1	1.27133e-08	1	1.27133e-08	8.99998e-09	0.0171069	54392	1	1	1e+08	16000
1e+08	0.7	-0.45	-2.15	1	3.46314e-08	1	3.46314e-08	8.99988e-09	-0.00863989	54392	1	1	1e+08	16000
1e+08	0.7	-0.45	-2.1	1	9.03573e-08	1	9.03573e-08	8.9992e-09	-0.0332794	54392	1	1	1e+08	16000
1e+08	0.7	-0.45	-2.05	1	2.25754e-07	1	2.25754e-07	8.99502e-09	-0.0568054	54392	1	1	1e+08	16000
1e+08	0.7	-0.45	-2	0.999999	5.39638e-07	0.999999	5.39638e-07	8.97153e-09	-0.0791953	54392	1	1	1e+08	16000
1e+08	0.7	-0.45	-1.95	0.999999	1.22883e-06	0.999999	1.22883e-06	8.85237e-09	-0.100338	54392	1	1	1e+08	16000
1e+08	0.7	-0.45	-1.9	0.999997	2.61725e-06	0.999997	2.61725e-06	8.3303e-09	-0.119763	54392	1	1	1e+08	16000
1e+08	0.7	-0.45	-1.85	0.999995	4.91359e-06	0.999995	4.91359e-06	6.63962e-09	-0.135947	54392	1	1	1e+08	16000
1e+08	0.7	-0.45	-1.8	0.999993	7.37297e-06	0.999993	7.37297e-06	3.68543e-09	-0.146373	54392	1	1	1e+08	16000
1e+08	0.7	-0.45	-1.75	0.999991	8.80888e-06	0.999991	8.80888e-06	1.41378e-09	-0.150945	54392	1	1	1e+08	16000
1e+08	0.7	-0.45	-1.7	0.999991	9.34299e-06	0.999991	9.34299e-06	4.65942e-10	-0.152457	54392	1	1	1e+08	16000
1e+08	0.7	-0.45	-1.65	0.999991	9.51209e-06	0.999991	9.51209e-06	1.54245e-10	-0.152918	54392	1	1	1e+08	16000
1e+08	0.7	-0.45	-1.6	0.99999	9.54596e-06	0.99999	9.54596e-06	9.11262e-11	-0.15301	54392	1	1	1e+08	16000
1e+08	0.7	-0.45	-1.55	0.99999	9.54596e-06	0.99999	9.54596e-06	9.11262e-11	-0.15301	54392	1	1	1e+08	16000
1e+08	0.7	-0.45	-1.5	0.99999	9.54596e-06	0.99999	9.54596e-06	9.11262e-11	-0.15301	54392	1	1	1e+08	16000
1e+08	0.7	-0.45	-1.45	0.99999	9.54596e-06	0.99999	9.54596e-06	9.11262e-11	-0.15301	54392	1	1	1e+08	16000
1e+08	0.7	-0.45	-1.4	0.99999	9.54596e-06	0.99999	9.54596e-06	9.11262e-11	-0.15301	54392	1	1	1e+08	16000
1e+08	0.7	-0.45	-1.35	0.99999	9.54596e-06	0.99999	9.54596e-06	9.11262e-11	-0.15301	54392	1	1	1e+08	16000
1e+08	0.7	-0.45	-1.3	0.99999	9.54596e-06	0.99999	9.54596e-06	9.11262e-11	-0.15301	54392	1	1	1e+08	16000
1e+08	0.7	-0.45	-1.25	0.99999	9.54596e-06	0.99999	9.54596e-06	9.11262e-11	-0.15301	54392	1	1	1e+08	16000
1e+08	0.7	-0.45	-1.2	0.99999	9.54596e-06	0.99999	9.54596e-06	9.11262e-11	-0.15301	54392	1	1	1e+08	16000
1e+08	0.7	-0.45	-1.15	0.99999	9.54596e-06	0.99999	9.54596e-06	9.11262e-11	-0.15301	54392	1	1	1e+08	16000
1e+08	0.7	-0.45	-1.1	0.99999	9.54596e-06	0.99999	9.54596e-06	9.11262e-11	-0.15301	54392	1	1	1e+08	16000
1e+08	0.7	-0.45	-1.05	0.99999	9.54596e-06	0.99999	9.54596e-06	9.11262e-11	-0.15301	54392	1	1	1e+08	16000
1e+08	0.7	-0.45	-1	0.99999	9.54596e-06	0.99999	9.54596e-06	9.11262e-11	-0.15301	54392	1	1	1e+08	16000
1e+08	0.7	-0.45	-0.95	0.99999	9.54596e-06	0.99999	9.54596e-06	9.11262e-11	-0.15301	54392	1	1	1e+08	16000
1e+08	0.7	-0.45	-0.9	0.99999	9.54596e-06	0.99999	9.54596e-06	9.11262e-11	-0.15301	54392	1	1	1e+08	16000
1e+08	0.7	-0.45	-0.85	0.99999	9.54596e-06	0.99999	9.54596e-06	9.11263e-11	-0.15301	54392	1	1	1e+08	16000
1e+08	0.7	-0.45	-0.8	0.99999	9.54596e-06	0.99999	9.54596e-06	9.11264e-11	-0.15301	54392	1	1	1e+08	16000
1e+08	0.7	-0.45	-0.75	0.99999	9.54596e-06	0.99999	9.54596e-06	9.1127e-11	-0.15301	54392	1	1	1e+08	16000
1e+08	0.7	-0.45	-0.7	0.99999	9.54596e-06	0.99999	9.54596e-06	9.11316e-11	-0.15301	54392	1	1	1e+08	16000
1e+08	0.7	-0.45	-0.65	0.99999	9.54594e-06	0.99999	9.54594e-06	9.11638e-11	-0.15301	54392	1	1	1e+08	16000
1e+08	0.7	-0.45	-0.6	0.99999	9.54582e-06	0.99999	9.54582e-06	9.13891e-11	-0.153009	54392	1	1	1e+08	16000
1e+08	0.7	-0.45	-0.55	0.99999	9.54498e-06	0.99999	9.54498e-06	9.29661e-11	-0.153007	54392	1	1	1e+08	16000
1e+08	0.7	-0.45	-0.5	0.99999	9.53907e-06	0.99999	9.53907e-06	1.03992e-10	-0.152991	54392	1	1	1e+08	16000
1e+08	0.7	-0.45	-0.45	0.999991	9.498e-06	0.999991	9.498e-06	1.80426e-10	-0.15288	54392	1	1	1e+08	16000
1e+08	0.7	-0.45	-0.4	0.999991	8.97353e-06	0.999991	8.97353e-06	1.12755e-09	-0.151421	54392	1	1	1e+08	16000
1e+08	0.7	-0.45	-0.35	0.999993	6.77976e-06	0.999993	6.77976e-06	4.50621e-09	-0.144218	54392	1	1	1e+08	16000
1e+08	0.75	-0.45	-3	1	7.20943e-11	1	7.20943e-11	9e-09	0.15	54392	1	1	1e+08	16000
1e+08	0.75	-0.45	-2.95	1	7.20943e-11	1	7.20943e-11	9e-09	0.15	54392	1	1	1e+08	16000
1e+08	0.75	-0.45	-2.9	1	7.20943e-11	1	7.20943e-11	9e-09	0.15	54392	1	1	1e+08	16000
1e+08	0.75	-0.45	-2.85	1	7.20943e-11	1	7.20943e-11	9e-09	0.15	54392	1	1	1e+08	16000
1e+08	0.75	-0.45	-2.8	1	7.20943e-11	1	7.20943e-11	9e-09	0.15	54392	1	1	1e+08	16000
1e+08	0.75	-0.45	-2.75	1	7.20943e-11	1	7.20943e-11	9e-09	0.15	54392	1	1	1e+08	16000
1e+08	0.75	-0.45	-2.7	1	7.20943e-11	1	7.20943e-11	9e-09	0.15	54392	1	1	1e+08	16000
1e+08	0.75	-0.45	-2.65	1	7.20949e-11	1	7.20949e-11	9e-09	0.15	54392	1	1	1e+08	16000
1e+08	0.75	-0.45	-2.6	1	7.21036e-11	1	7.21036e-11	9e-09	0.149997	54392	1	1	1e+08	16000
1e+08	0.75	-0.45	-2.55	1	7.22316e-11	1	7.22316e-11	9e-09	0.149951	54392	1	1	1e+08	16000
1e+08	0.75	-0.45	-2.5	1	7.3937e-11	1	7.3937e-11	9e-09	0.149352	54392	1	1	1e+08	16000
1e+08	0.75	-0.45	-2.45	1	9.24638e-11	1	9.24638e-11	9e-09	0.143607	54392	1	1	1e+08	16000
1e+08	0.75	-0.45	-2.4	1	2.08565e-10	1	2.08565e-10	9e-09	0.122707	54392	1	1	1e+08	16000
1e+08	0.75	-0.45	-2.35	1	6.37706e-10	1	6.37706e-10	9e-09	0.0939927	54392	1	1	1e+08	16000
1e+08	0.75	-0.45	-2.3	1	1.96606e-09	1	1.96606e-09	9e-09	0.0650652	54392	1	1	1e+08	16000
1e+08	0.75	-0.45	-2.25	1	5.83546e-09	1	5.83546e-09	9e-09	0.0371137	54392	1	1	1e+08	16000
1e+08	0.75	-0.45	-2.2	1	1.65975e-08	1	1.65975e-08	8.99998e-09	0.0102573	54392	1	1	1e+08	16000
1e+08	0.75	-0.45	-2.15	1	4.5216e-08	1	4.5216e-08	8.99988e-09	-0.0154918	54392	1	1	1e+08	16000
1e+08	0.75	-0.45	-2.1	1	1.17975e-07	1	1.17975e-07	8.9992e-09	-0.0401316	54392	1	1	1e+08	16000
1e+08	0.75	-0.45	-2.05	1	2.94757e-07	1	2.94757e-07	8.99502e-09	-0.0636577	54392	1	1	1e+08	16000
1e+08	0.75	-0.45	-2	0.999999	7.04579e-07	0.999999	7.04579e-07	8.97153e-09	-0.0860475	54392	1	1	1e+08	16000
1e+08	0.75	-0.45	-1.95	0.999998	1.60443e-06	0.999998	1.60443e-06	8.85237e-09	-0.107191	54392	1	1	1e+08	16000
1e+08	0.75	-0.45	-1.9	0.999997	3.41722e-06	0.999997	3.41722e-06	8.3303e-09	-0.126616	54392	1	1	1e+08	16000
1e+08	0.75	-0.45	-1.85	0.999994	6.41544e-06	0.999994	6.41544e-06	6.63962e-09	-0.142799	54392	1	1	1e+08	16000
1e+08	0.75	-0.45	-1.8	0.99999	9.62653e-06	0.99999	9.62653e-06	3.68543e-09	-0.153226	54392	1	1	1e+08	16000
1e+08	0.75	-0.45	-1.75	0.999989	1.15013e-05	0.999989	1.15013e-05	1.41379e-09	-0.157797	54392	1	1	1e+08	16000
1e+08	0.75	-0.45	-1.7	0.999988	1.21987e-05	0.999988	1.21987e-05	4.65943e-10	-0.15931	54392	1	1	1e+08	16000
1e+08	0.75	-0.45	-1.65	0.999988	1.24195e-05	0.999988	1.24195e-05	1.54245e-10	-0.159771	54392	1	1	1e+08	16000
1e+08	0.75	-0.45	-1.6	0.999988	1.24637e-05	0.999988	1.24637e-05	9.11264e-11	-0.159862	54392	1	1	1e+08	16000
1e+08	0.75	-0.45	-1.55	0.999988	1.24637e-05	0.999988	1.24637e-05	9.11264e-11	-0.159862	54392	1	1	1e+08	16000
1e+08	0.75	-0.45	-1.5	0.999988	1.24637e-05	0.999988	1.24637e-05	9.11264e-11	-0.159862	54392	1	1	1e+08	16000
1e+08	0.75	-0.45	-1.45	0.999988	1.24637e-05	0.999988	1.24637e-05	9.11264e-11	-0.159862	54392	1	1	1e+08	16000
1e+08	0.75	-0.45	-1.4	0.999988	1.24637e-05	0.999988	1.24637e-05	9.11264e-11	-0.159862	54392	1	1	1e+08	16000
1e+08	0.75	-0.45	-1.35	0.999988	1.24637e-05	0.999988	1.24637e-05	9.11264e-11	-0.159862	54392	1	1	1e+08	16000
1e+08	0.75	-0.45	-1.3	0.999988	1.24637e-05	0.999988	1.24637e-05	9.11264e-11	-0.159862	54392	1	1	1e+08	16000
1e+08	0.75	-0.45	-1.25	0.999988	1.24637e-05	0.999988	1.24637e-05	9.11264e-11	-0.159862	54392	1	1	1e+08	16000
1e+08	0.75	-0.45	-1.2	0.999988	1.24637e-05	0.999988	1.24637e-05	9.11264e-11	-0.159862	54392	1	1	1e+08	16000
1e+08	0.75	-0.45	-1.15	0.999988	1.24637e-05	0.999988	1.24637e-05	9.11264e-11	-0.159862	54392	1	1	1e+08	16000
1e+08	0.75	-0.45	-1.1	0.999988	1.24637e-05	0.999988	1.24637e-05	9.11264e-11	-0.159862	54392	1	1	1e+08	16000
1e+08	0.75	-0.45	-1.05	0.999988	1.24637e-05	0.999988	1.24637e-05	9.11264e-11	-0.159862	54392	1	1	1e+08	16000
1e+08	0.75	-0.45	-1	0.999988	1.24637e-05	0.999988	1.24637e-05	9.11264e-11	-0.159862	54392	1	1	1e+08	16000
1e+08	0.75	-0.45	-0.95	0.999988	1.24637e-05	0.999988	1.24637e-05	9.11264e-11	-0.159862	54392	1	1	1e+08	16000
1e+08	0.75	-0.45	-0.9	0.999988	1.24637e-05	0.999988	1.24637e-05	9.11264e-11	-0.159862	54392	1	1	1e+08	16000
1e+08	0.75	-0.45	-0.85	0.999988	1.24637e-05	0.999988	1.24637e-05	9.11265e-11	-0.159862	54392	1	1	1e+08	16000
1e+08	0.75	-0.45	-0.8	0.999988	1.24637e-05	0.999988	1.24637e-05	9.11266e-11	-0.159862	54392	1	1	1e+08	16000
1e+08	0.75	-0.45	-0.75	0.999988	1.24637e-05	0.999988	1.24637e-05	9.11277e-11	-0.159862	54392	1	1	1e+08	16000
1e+08	0.75	-0.45	-0.7	0.999988	1.24637e-05	0.999988	1.24637e-05	9.11356e-11	-0.159862	54392	1	1	1e+08	16000
1e+08	0.75	-0.45	-0.65	0.999988	1.24637e-05	0.999988	1.24637e-05	9.11904e-11	-0.159862	54392	1	1	1e+08	16000
1e+08	0.75	-0.45	-0.6	0.999988	1.24634e-05	0.999988	1.24634e-05	9.15745e-11	-0.159861	54392	1	1	1e+08	16000
1e+08	0.75	-0.45	-0.55	0.999988	1.24615e-05	0.999988	1.24615e-05	9.42625e-11	-0.159857	54392	1	1	1e+08	16000
1e+08	0.75	-0.45	-0.5	0.999988	1.24484e-05	0.999988	1.24484e-05	1.13036e-10	-0.15983	54392	1	1	1e+08	16000
1e+08	0.75	-0.45	-0.45	0.999988	1.23575e-05	0.999988	1.23575e-05	2.4229e-10	-0.159642	54392	1	1	1e+08	16000
1e+08	0.75	-0.45	-0.4	0.999989	1.1466e-05	0.999989	1.1466e-05	1.46039e-09	-0.157718	54392	1	1	1e+08	16000
1e+08	0.75	-0.45	-0.35	0.999992	8.1613e-06	0.999992	8.1613e-06	5.18013e-09	-0.148983	54392	1	1	1e+08	16000
1e+08	0.75	-0.45	-0.3	0.999996	3.86704e-06	0.999996	3.86704e-06	8.14239e-09	-0.129793	54392	1	1	1e+08	16000
1e+08	0.8	-0.45	-3	1	2.72467e-11	1	2.72467e-11	9e-09	0.175	54392	1	1	1e+08	16000
1e+08	0.8	-0.45	-2.95	1	2.72467e-11	1	2.72467e-11	9e-09	0.175	54392	1	1	1e+08	16000
1e+08	0.8	-0.45	-2.9	1	2.72467e-11	1	2.72467e-11	9e-09	0.175	54392	1	1	1e+08	16000
1e+08	0.8	-0.45	-2.85	1	2.72467e-11	1	2.72467e-11	9e-09	0.175	54392	1	1	1e+08	16000
1e+08	0.8	-0.45	-2.8	1	2.72467e-11	1	2.72467e-11	9e-09	0.175	54392	1	1	1e+08	16000
1e+08	0.8	-0.45	-2.75	1	2.72467e-11	1	2.72467e-11	9e-09	0.175	54392	1	1	1e+08	16000
1e+08	0.8	-0.45	-2.7	1	2.72469e-11	1	2.72469e-11	9e-09	0.175	54392	1	1	1e+08	16000
1e+08	0.8	-0.45	-2.65	1	2.72514e-11	1	2.72514e-11	9e-09	0.174996	54392	1	1	1e+08	16000
1e+08	0.8	-0.45	-2.6	1	2.73235e-11	1	2.73235e-11	9e-09	0.174928	54392	1	1	1e+08	16000
1e+08	0.8	-0.45	-2.55	1	2.83624e-11	1	2.83624e-11	9e-09	0.173969	54392	1	1	1e+08	16000
1e+08	0.8	-0.45	-2.5	1	3.98114e-11	1	3.98114e-11	9e-09	0.165257	54392	1	1	1e+08	16000
1e+08	0.8	-0.45	-2.45	1	1.06009e-10	1	1.06009e-10	9e-09	0.140094	54392	1	1	1e+08	16000
1e+08	0.8	-0.45	-2.4	1	3.47376e-10	1	3.47376e-10	9e-09	0.1096	54392	1	1	1e+08	16000
1e+08	0.8	-0.45	-2.35	1	1.12152e-09	1	1.12152e-09	9e-09	0.0794877	54392	1	1	1e+08	16000
1e+08	0.8	-0.45	-2.3	1	3.47671e-09	1	3.47671e-09	9e-09	0.050419	54392	1	1	1e+08	16000
1e+08	0.8	-0.45	-2.25	1	1.03251e-08	1	1.03251e-08	9e-09	0.0224529	54392	1	1	1e+08	16000
1e+08	0.8	-0.45	-2.2	1	2.93689e-08	1	2.93689e-08	8.99998e-09	-0.00440515	54392	1	1	1e+08	16000
1e+08	0.8	-0.45	-2.15	1	8.00095e-08	1	8.00095e-08	8.99988e-09	-0.0301544	54392	1	1	1e+08	16000
1e+08	0.8	-0.45	-2.1	1	2.08757e-07	1	2.08757e-07	8.9992e-09	-0.0547943	54392	1	1	1e+08	16000
1e+08	0.8	-0.45	-2.05	0.999999	5.21571e-07	0.999999	5.21571e-07	8.99502e-09	-0.0783204	54392	1	1	1e+08	16000
1e+08	0.8	-0.45	-2	0.999999	1.24675e-06	0.999999	1.24675e-06	8.97153e-09	-0.10071	54392	1	1	1e+08	16000
1e+08	0.8	-0.45	-1.95	0.999997	2.83903e-06	0.999997	2.83903e-06	8.85237e-09	-0.121853	54392	1	1	1e+08	16000
1e+08	0.8	-0.45	-1.9	0.999994	6.04676e-06	0.999994	6.04676e-06	8.3303e-09	-0.141278	54392	1	1	1e+08	16000
1e+08	0.8	-0.45	-1.85	0.999989	1.13521e-05	0.999989	1.13521e-05	6.63962e-09	-0.157462	54392	1	1	1e+08	16000
1e+08	0.8	-0.45	-1.8	0.999983	1.70341e-05	0.999983	1.70341e-05	3.68544e-09	-0.167888	54392	1	1	1e+08	16000
1e+08	0.8	-0.45	-1.75	0.99998	2.03516e-05	0.99998	2.03516e-05	1.41379e-09	-0.17246	54392	1	1	1e+08	16000
1e+08	0.8	-0.45	-1.7	0.999978	2.15856e-05	0.999978	2.15856e-05	4.65946e-10	-0.173973	54392	1	1	1e+08	16000
1e+08	0.8	-0.45	-1.65	0.999978	2.19762e-05	0.999978	2.19762e-05	1.54246e-10	-0.174434	54392	1	1	1e+08	16000
1e+08	0.8	-0.45	-1.6	0.999978	2.20545e-05	0.999978	2.20545e-05	9.11271e-11	-0.174525	54392	1	1	1e+08	16000
1e+08	0.8	-0.45	-1.55	0.999978	2.20545e-05	0.999978	2.20545e-05	9.11271e-11	-0.174525	54392	1	1	1e+08	16000
1e+08	0.8	-0.45	-1.5	0.999978	2.20545e-05	0.999978	2.20545e-05	9.11271e-11	-0.174525	54392	1	1	1e+08	16000
1e+08	0.8	-0.45	-1.45	0.999978	2.20545e-05	0.999978	2.20545e-05	9.11271e-11	-0.174525	54392	1	1	1e+08	16000
1e+08	0.8	-0.45	-1.4	0.999978	2.20545e-05	0.999978	2.20545e-05	9.11271e-11	-0.174525	54392	1	1	1e+08	16000
1e+08	0.8	-0.45	-1.35	0.999978	2.20545e-05	0.999978	2.20545e-05	9.11271e-11	-0.174525	54392	1	1	1e+08	16000
1e+08	0.8	-0.45	-1.3	0.999978	2.20545e-05	0.999978	2.20545e-05	9.11271e-11	-0.174525	54392	1	1	1e+08	16000
1e+08	0.8	-0.45	-1.25	0.999978	2.20545e-05	0.999978	2.20545e-05	9.11271e-11	-0.174525	54392	1	1	1e+08	16000
1e+08	0.8	-0.45	-1.2	0.999978	2.20545e-05	0.999978	2.20545e-05	9.11271e-11	-0.174525	54392	1	1	1e+08	16000
1e+08	0.8	-0.45	-1.15	0.999978	2.20545e-05	0.999978	2.20545e-05	9.11271e-11	-0.174525	54392	1	1	1e+08	16000
1e+08	0.8	-0.45	-1.1	0.999978	2.20545e-05	0.999978	2.20545e-05	9.11271e-11	-0.174525	54392	1	1	1e+08	16000
1e+08	0.8	-0.45	-1.05	0.999978	2.20545e-05	0.999978	2.20545e-05	9.11271e-11	-0.174525	54392	1	1	1e+08	16000
1e+08	0.8	-0.45	-1	0.999978	2.20545e-05	0.999978	2.20545e-05	9.11271e-11	-0.174525	54392	1	1	1e+08	16000
1e+08	0.8	-0.45	-0.95	0.999978	2.20545e-05	0.999978	2.20545e-05	9.11271e-11	-0.174525	54392	1	1	1e+08	16000
1e+08	0.8	-0.45	-0.9	0.999978	2.20545e-05	0.999978	2.20545e-05	9.11271e-11	-0.174525	54392	1	1	1e+08	16000
1e+08	0.8	-0.45	-0.85	0.999978	2.20545e-05	0.999978	2.20545e-05	9.11272e-11	-0.174525	54392	1	1	1e+08	16000
1e+08	0.8	-0.45	-0.8	0.999978	2.20545e-05	0.999978	2.20545e-05	9.11277e-11	-0.174525	54392	1	1	1e+08	16000
1e+08	0.8	-0.45	-0.75	0.999978	2.20545e-05	0.999978	2.20545e-05	9.11312e-11	-0.174525	54392	1	1	1e+08	16000
1e+08	0.8	-0.45	-0.7	0.999978	2.20544e-05	0.999978	2.20544e-05	9.11557e-11	-0.174525	54392	1	1	1e+08	16000
1e+08	0.8	-0.45	-0.65	0.999978	2.20542e-05	0.999978	2.20542e-05	9.13275e-11	-0.174525	54392	1	1	1e+08	16000
1e+08	0.8	-0.45	-0.6	0.999978	2.20527e-05	0.999978	2.20527e-05	9.25299e-11	-0.174523	54392	1	1	1e+08	16000
1e+08	0.8	-0.45	-0.55	0.999978	2.20423e-05	0.999978	2.20423e-05	1.00939e-10	-0.174511	54392	1	1	1e+08	16000
1e+08	0.8	-0.45	-0.5	0.999978	2.19698e-05	0.999978	2.19698e-05	1.59372e-10	-0.174426	54392	1	1	1e+08	16000
1e+08	0.8	-0.45	-0.45	0.999979	2.14816e-05	0.999979	2.14816e-05	5.47925e-10	-0.173849	54392	1	1	1e+08	16000
1e+08	0.8	-0.45	-0.4	0.999982	1.83842e-05	0.999982	1.83842e-05	2.80962e-09	-0.169848	54392	1	1	1e+08	16000
1e+08	0.8	-0.45	-0.35	0.999989	1.08453e-05	0.999989	1.08453e-05	6.84566e-09	-0.156288	54392	1	1	1e+08	16000
1e+08	0.8	-0.45	-0.3	0.999995	4.5975e-06	0.999995	4.5975e-06	8.61285e-09	-0.134238	54392	1	1	1e+08	16000
1e+08	0.8	-0.45	-0.25	0.999998	1.77049e-06	0.999998	1.77049e-06	8.94258e-09	-0.109721	54392	1	1	1e+08	16000
1e+08	0.8	-0.45	-0.2	0.999999	6.70959e-07	0.999999	6.70959e-07	8.99175e-09	-0.0847914	54392	1	1	1e+08	16000
1e+08	0.85	-0.45	-3	1	1.02974e-11	1	1.02974e-11	9e-09	0.2	54392	1	1	1e+08	16000
1e+08	0.85	-0.45	-2.95	1	1.02974e-11	1	1.02974e-11	9e-09	0.2	54392	1	1	1e+08	16000
1e+08	0.85	-0.45	-2.9	1	1.02974e-11	1	1.02974e-11	9e-09	0.2	54392	1	1	1e+08	16000
1e+08	0.85	-0.45	-2.85	1	1.02974e-11	1	1.02974e-11	9e-09	0.2	54392	1	1	1e+08	16000
1e+08	0.85	-0.45	-2.8	1	1.02974e-11	1	1.02974e-11	9e-09	0.2	54392	1	1	1e+08	16000
1e+08	0.85	-0.45	-2.75	1	1.02975e-11	1	1.02975e-11	9e-09	0.2	54392	1	1	1e+08	16000
1e+08	0.85	-0.45	-2.7	1	1.02998e-11	1	1.02998e-11	9e-09	0.199994	54392	1	1	1e+08	16000
1e+08	0.85	-0.45	-2.65	1	1.03403e-11	1	1.03403e-11	9e-09	0.199893	54392	1	1	1e+08	16000
1e+08	0.85	-0.45	-2.6	1	1.09701e-11	1	1.09701e-11	9e-09	0.198374	54392	1	1	1e+08	16000
1e+08	0.85	-0.45	-2.55	1	1.78276e-11	1	1.78276e-11	9e-09	0.185898	54392	1	1	1e+08	16000
1e+08	0.85	-0.45	-2.5	1	5.46077e-11	1	5.46077e-11	9e-09	0.157137	54392	1	1	1e+08	16000
1e+08	0.85	-0.45	-2.45	1	1.89554e-10	1	1.89554e-10	9e-09	0.125163	54392	1	1	1e+08	16000
1e+08	0.85	-0.45	-2.4	1	6.39891e-10	1	6.39891e-10	9e-09	0.0939048	54392	1	1	1e+08	16000
1e+08	0.85	-0.45	-2.35	1	2.07145e-09	1	2.07145e-09	9e-09	0.0637236	54392	1	1	1e+08	16000
1e+08	0.85	-0.45	-2.3	1	6.42312e-09	1	6.42312e-09	9e-09	0.0346484	54392	1	1	1e+08	16000
1e+08	0.85	-0.45	-2.25	1	1.90758e-08	1	1.90758e-08	9e-09	0.00668164	54392	1	1	1e+08	16000
1e+08	0.85	-0.45	-2.2	1	5.42599e-08	1	5.42599e-08	8.99998e-09	-0.0201765	54392	1	1	1e+08	16000
1e+08	0.85	-0.45	-2.15	1	1.4782e-07	1	1.4782e-07	8.99988e-09	-0.0459258	54392	1	1	1e+08	16000
1e+08	0.85	-0.45	-2.1	1	3.85683e-07	1	3.85683e-07	8.9992e-09	-0.0705656	54392	1	1	1e+08	16000
1e+08	0.85	-0.45	-2.05	0.999999	9.63617e-07	0.999999	9.63617e-07	8.99502e-09	-0.0940917	54392	1	1	1e+08	16000
1e+08	0.85	-0.45	-2	0.999998	2.30341e-06	0.999998	2.30341e-06	8.97152e-09	-0.116482	54392	1	1	1e+08	16000
1e+08	0.85	-0.45	-1.95	0.999995	5.24517e-06	0.999995	5.24517e-06	8.85236e-09	-0.137625	54392	1	1	1e+08	16000
1e+08	0.85	-0.45	-1.9	0.999989	1.11715e-05	0.999989	1.11715e-05	8.33029e-09	-0.15705	54392	1	1	1e+08	16000
1e+08	0.85	-0.45	-1.85	0.999979	2.09732e-05	0.999979	2.09732e-05	6.63962e-09	-0.173233	54392	1	1	1e+08	16000
1e+08	0.85	-0.45	-1.8	0.999969	3.14708e-05	0.999969	3.14708e-05	3.68546e-09	-0.18366	54392	1	1	1e+08	16000
1e+08	0.85	-0.45	-1.75	0.999962	3.75999e-05	0.999962	3.75999e-05	1.41381e-09	-0.188232	54392	1	1	1e+08	16000
1e+08	0.85	-0.45	-1.7	0.99996	3.98798e-05	0.99996	3.98798e-05	4.65952e-10	-0.189744	54392	1	1	1e+08	16000
1e+08	0.85	-0.45	-1.65	0.999959	4.06015e-05	0.999959	4.06015e-05	1.54248e-10	-0.190205	54392	1	1	1e+08	16000
1e+08	0.85	-0.45	-1.6	0.999959	4.07461e-05	0.999959	4.07461e-05	9.11283e-11	-0.190297	54392	1	1	1e+08	16000
1e+08	0.85	-0.45	-1.55	0.999959	4.07461e-05	0.999959	4.07461e-05	9.11283e-11	-0.190297	54392	1	1	1e+08	16000
1e+08	0.85	-0.45	-1.5	0.999959	4.07461e-05	0.999959	4.07461e-05	9.11283e-11	-0.190297	54392	1	1	1e+08	16000
1e+08	0.85	-0.45	-1.45	0.999959	4.07461e-05	0.999959	4.07461e-05	9.11283e-11	-0.190297	54392	1	1	1e+08	16000
1e+08	0.85	-0.45	-1.4	0.999959	4.07461e-05	0.999959	4.07461e-05	9.11283e-11	-0.190297	54392	1	1	1e+08	16000
1e+08	0.85	-0.45	-1.35	0.999959	4.07461e-05	0.999959	4.07461e-05	9.11283e-11	-0.190297	54392	1	1	1e+08	16000
1e+08	0.85	-0.45	-1.3	0.999959	4.07461e-05	0.999959	4.07461e-05	9.11283e-11	-0.190297	54392	1	1	1e+08	16000
1e+08	0.85	-0.45	-1.25	0.999959	4.07461e-05	0.999959	4.07461e-05	9.11283e-11	-0.190297	54392	1	1	1e+08	16000
1e+08	0.85	-0.45	-1.2	0.999959	4.07461e-05	0.999959	4.07461e-05	9.11283e-11	-0.190297	54392	1	1	1e+08	16000
1e+08	0.85	-0.45	-1.15	0.999959	4.07461e-05	0.999959	4.07461e-05	9.11283e-11	-0.190297	54392	1	1	1e+08	16000
1e+08	0.85	-0.45	-1.1	0.999959	4.07461e-05	0.999959	4.07461e-05	9.11283e-11	-0.190297	54392	1	1	1e+08	16000
1e+08	0.85	-0.45	-1.05	0.999959	4.07461e-05	0.999959	4.07461e-05	9.11283e-11	-0.190297	54392	1	1	1e+08	16000
1e+08	0.85	-0.45	-1	0.999959	4.07461e-05	0.999959	4.07461e-05	9.11283e-11	-0.190297	54392	1	1	1e+08	16000
1e+08	0.85	-0.45	-0.95	0.999959	4.07461e-05	0.999959	4.07461e-05	9.11283e-11	-0.190297	54392	1	1	1e+08	16000
1e+08	0.85	-0.45	-0.9	0.999959	4.07461e-05	0.999959	4.07461e-05	9.11284e-11	-0.190297	54392	1	1	1e+08	16000
1e+08	0.85	-0.45	-0.85	0.999959	4.07461e-05	0.999959	4.07461e-05	9.11286e-11	-0.190297	54392	1	1	1e+08	16000
1e+08	0.85	-0.45	-0.8	0.999959	4.07461e-05	0.999959	4.07461e-05	9.11303e-11	-0.190297	54392	1	1	1e+08	16000
1e+08	0.85	-0.45	-0.75	0.999959	4.07461e-05	0.999959	4.07461e-05	9.11423e-11	-0.190297	54392	1	1	1e+08	16000
1e+08	0.85	-0.45	-0.7	0.999959	4.07459e-05	0.999959	4.07459e-05	9.1226e-11	-0.190296	54392	1	1	1e+08	16000
1e+08	0.85	-0.45	-0.65	0.999959	4.07446e-05	0.999959	4.07446e-05	9.18123e-11	-0.190296	54392	1	1	1e+08	16000
1e+08	0.85	-0.45	-0.6	0.999959	4.07352e-05	0.999959	4.07352e-05	9.59148e-11	-0.19029	54392	1	1	1e+08	16000
1e+08	0.85	-0.45	-0.55	0.999959	4.06697e-05	0.999959	4.06697e-05	1.24532e-10	-0.190248	54392	1	1	1e+08	16000
1e+08	0.85	-0.45	-0.5	0.99996	4.02197e-05	0.99996	4.02197e-05	3.19846e-10	-0.189962	54392	1	1	1e+08	16000
1e+08	0.85	-0.45	-0.45	0.999963	3.74389e-05	0.999963	3.74389e-05	1.47866e-09	-0.188122	54392	1	1	1e+08	16000
1e+08	0.85	-0.45	-0.4	0.999973	2.65667e-05	0.999973	2.65667e-05	5.21274e-09	-0.179307	54392	1	1	1e+08	16000
1e+08	0.85	-0.45	-0.35	0.999987	1.25574e-05	0.999987	1.25574e-05	8.15382e-09	-0.160054	54392	1	1	1e+08	16000
1e+08	0.85	-0.45	-0.3	0.999995	4.94948e-06	0.999995	4.94948e-06	8.86854e-09	-0.136134	54392	1	1	1e+08	16000
1e+08	0.85	-0.45	-0.25	0.999998	1.88239e-06	0.999998	1.88239e-06	8.98098e-09	-0.111296	54392	1	1	1e+08	16000
1e+08	0.85	-0.45	-0.2	0.999999	7.12058e-07	0.999999	7.12058e-07	8.99728e-09	-0.0863188	54392	1	1	1e+08	16000
1e+08	0.9	-0.45	-3	1	3.89169e-12	1	3.89169e-12	9e-09	0.225	54392	1	1	1e+08	16000
1e+08	0.9	-0.45	-2.95	1	3.89169e-12	1	3.89169e-12	9e-09	0.225	54392	1	1	1e+08	16000
1e+08	0.9	-0.45	-2.9	1	3.89169e-12	1	3.89169e-12	9e-09	0.225	54392	1	1	1e+08	16000
1e+08	0.9	-0.45	-2.85	1	3.89169e-12	1	3.89169e-12	9e-09	0.225	54392	1	1	1e+08	16000
1e+08	0.9	-0.45	-2.8	1	3.89175e-12	1	3.89175e-12	9e-09	0.225	54392	1	1	1e+08	16000
1e+08	0.9	-0.45	-2.75	1	3.89295e-12	1	3.89295e-12	9e-09	0.224992	54392	1	1	1e+08	16000
1e+08	0.9	-0.45	-2.7	1	3.91571e-12	1	3.91571e-12	9e-09	0.224842	54392	1	1	1e+08	16000
1e+08	0.9	-0.45	-2.65	1	4.29466e-12	1	4.29466e-12	9e-09	0.222469	54392	1	1	1e+08	16000
1e+08	0.9	-0.45	-2.6	1	8.2693e-12	1	8.2693e-12	9e-09	0.205635	54392	1	1	1e+08	16000
1e+08	0.9	-0.45	-2.55	1	2.83411e-11	1	2.83411e-11	9e-09	0.173988	54392	1	1	1e+08	16000
1e+08	0.9	-0.45	-2.5	1	1.03521e-10	1	1.03521e-10	9e-09	0.140704	54392	1	1	1e+08	16000
1e+08	0.9	-0.45	-2.45	1	3.6513e-10	1	3.6513e-10	9e-09	0.108319	54392	1	1	1e+08	16000
1e+08	0.9	-0.45	-2.4	1	1.23419e-09	1	1.23419e-09	9e-09	0.077028	54392	1	1	1e+08	16000
1e+08	0.9	-0.45	-2.35	1	3.99576e-09	1	3.99576e-09	9e-09	0.0468439	54392	1	1	1e+08	16000
1e+08	0.9	-0.45	-2.3	1	1.23902e-08	1	1.23902e-08	9e-09	0.0177684	54392	1	1	1e+08	16000
1e+08	0.9	-0.45	-2.25	1	3.67971e-08	1	3.67971e-08	9e-09	-0.0101984	54392	1	1	1e+08	16000
1e+08	0.9	-0.45	-2.2	1	1.04667e-07	1	1.04667e-07	8.99998e-09	-0.0370565	54392	1	1	1e+08	16000
1e+08	0.9	-0.45	-2.15	1	2.85143e-07	1	2.85143e-07	8.99988e-09	-0.0628058	54392	1	1	1e+08	16000
1e+08	0.9	-0.45	-2.1	0.999999	7.43981e-07	0.999999	7.43981e-07	8.9992e-09	-0.0874456	54392	1	1	1e+08	16000
1e+08	0.9	-0.45	-2.05	0.999998	1.85881e-06	0.999998	1.85881e-06	8.99501e-09	-0.110972	54392	1	1	1e+08	16000
1e+08	0.9	-0.45	-2	0.999996	4.44325e-06	0.999996	4.44325e-06	8.97152e-09	-0.133362	54392	1	1	1e+08	16000
1e+08	0.9	-0.45	-1.95	0.99999	1.01179e-05	0.99999	1.01179e-05	8.85235e-09	-0.154505	54392	1	1	1e+08	16000
1e+08	0.9	-0.45	-1.9	0.999978	2.15497e-05	0.999978	2.15497e-05	8.33028e-09	-0.17393	54392	1	1	1e+08	16000
1e+08	0.9	-0.45	-1.85	0.99996	4.04568e-05	0.99996	4.04568e-05	6.63962e-09	-0.190113	54392	1	1	1e+08	16000
1e+08	0.9	-0.45	-1.8	0.999939	6.07064e-05	0.999939	6.07064e-05	3.68549e-09	-0.20054	54392	1	1	1e+08	16000
1e+08	0.9	-0.45	-1.75	0.999927	7.25296e-05	0.999927	7.25296e-05	1.41384e-09	-0.205113	54392	1	1	1e+08	16000
1e+08	0.9	-0.45	-1.7	0.999923	7.69275e-05	0.999923	7.69275e-05	4.65964e-10	-0.206625	54392	1	1	1e+08	16000
1e+08	0.9	-0.45	-1.65	0.999922	7.83198e-05	0.999922	7.83198e-05	1.54253e-10	-0.207086	54392	1	1	1e+08	16000
1e+08	0.9	-0.45	-1.6	0.999921	7.85988e-05	0.999921	7.85988e-05	9.11309e-11	-0.207177	54392	1	1	1e+08	16000
1e+08	0.9	-0.45	-1.55	0.999921	7.85988e-05	0.999921	7.85988e-05	9.11309e-11	-0.207177	54392	1	1	1e+08	16000
1e+08	0.9	-0.45	-1.5	0.999921	7.85988e-05	0.999921	7.85988e-05	9.11309e-11	-0.207177	54392	1	1	1e+08	16000
1e+08	0.9	-0.45	-1.45	0.999921	7.85988e-05	0.999921	7.85988e-05	9.11309e-11	-0.207177	54392	1	1	1e+08	16000
1e+08	0.9	-0.45	-1.4	0.999921	7.85988e-05	0.999921	7.85988e-05	9.11309e-11	-0.207177	54392	1	1	1e+08	16000
1e+08	0.9	-0.45	-1.35	0.999921	7.85988e-05	0.999921	7.85988e-05	9.11309e-11	-0.207177	54392	1	1	1e+08	16000
1e+08	0.9	-0.45	-1.3	0.999921	7.85988e-05	0.999921	7.85988e-05	9.11309e-11	-0.207177	54392	1	1	1e+08	16000
1e+08	0.9	-0.45	-1.25	0.999921	7.85988e-05	0.999921	7.85988e-05	9.11309e-11	-0.207177	54392	1	1	1e+08	16000
1e+08	0.9	-0.45	-1.2	0.999921	7.85988e-05	0.999921	7.85988e-05	9.11309e-11	-0.207177	54392	1	1	1e+08	16000
1e+08	0.9	-0.45	-1.15	0.999921	7.85988e-05	0.999921	7.85988e-05	9.11309e-11	-0.207177	54392	1	1	1e+08	16000
1e+08	0.9	-0.45	-1.1	0.999921	7.85988e-05	0.999921	7.85988e-05	9.11309e-11	-0.207177	54392	1	1	1e+08	16000
1e+08	0.9	-0.45	-1.05	0.999921	7.85988e-05	0.999921	7.85988e-05	9.11309e-11	-0.207177	54392	1	1	1e+08	16000
1e+08	0.9	-0.45	-1	0.999921	7.85988e-05	0.999921	7.85988e-05	9.11309e-11	-0.207177	54392	1	1	1e+08	16000
1e+08	0.9	-0.45	-0.95	0.999921	7.85988e-05	0.999921	7.85988e-05	9.11309e-11	-0.207177	54392	1	1	1e+08	16000
1e+08	0.9	-0.45	-0.9	0.999921	7.85988e-05	0.999921	7.85988e-05	9.1131e-11	-0.207177	54392	1	1	1e+08	16000
1e+08	0.9	-0.45	-0.85	0.999921	7.85988e-05	0.999921	7.85988e-05	9.11319e-11	-0.207177	54392	1	1	1e+08	16000
1e+08	0.9	-0.45	-0.8	0.999921	7.85987e-05	0.999921	7.85987e-05	9.11383e-11	-0.207177	54392	1	1	1e+08	16000
1e+08	0.9	-0.45	-0.75	0.999921	7.85985e-05	0.999921	7.85985e-05	9.11828e-11	-0.207177	54392	1	1	1e+08	16000
1e+08	0.9	-0.45	-0.7	0.999921	7.85972e-05	0.999921	7.85972e-05	9.14944e-11	-0.207177	54392	1	1	1e+08	16000
1e+08	0.9	-0.45	-0.65	0.999921	7.85875e-05	0.999921	7.85875e-05	9.36755e-11	-0.207174	54392	1	1	1e+08	16000
1e+08	0.9	-0.45	-0.6	0.999921	7.85203e-05	0.999921	7.85203e-05	1.08916e-10	-0.207152	54392	1	1	1e+08	16000
1e+08	0.9	-0.45	-0.55	0.999922	7.80541e-05	0.999922	7.80541e-05	2.14173e-10	-0.206999	54392	1	1	1e+08	16000
1e+08	0.9	-0.45	-0.5	0.999925	7.50075e-05	0.999925	7.50075e-05	8.86642e-10	-0.205976	54392	1	1	1e+08	16000
1e+08	0.9	-0.45	-0.45	0.999939	6.05239e-05	0.999939	6.05239e-05	3.7174e-09	-0.200463	54392	1	1	1e+08	16000
1e+08	0.9	-0.45	-0.4	0.999968	3.24502e-05	0.999968	3.24502e-05	7.48141e-09	-0.184447	54392	1	1	1e+08	16000
1e+08	0.9	-0.45	-0.35	0.999987	1.32604e-05	0.999987	1.32604e-05	8.7464e-09	-0.161454	54392	1	1	1e+08	16000
1e+08	0.9	-0.45	-0.3	0.999995	5.07318e-06	0.999995	5.07318e-06	8.96287e-09	-0.136768	54392	1	1	1e+08	16000
1e+08	0.9	-0.45	-0.25	0.999998	1.92071e-06	0.999998	1.92071e-06	8.99468e-09	-0.111813	54392	1	1	1e+08	16000
1e+08	0.9	-0.45	-0.2	0.999999	7.26082e-07	0.999999	7.26082e-07	8.99924e-09	-0.0868199	54392	1	1	1e+08	16000
1e+08	0.9	-0.45	-0.15	1	2.74419e-07	1	2.74419e-07	8.99989e-09	-0.0618209	54392	1	1	1e+08	16000
1e+08	0.9	-0.45	-0.1	1	1.03712e-07	1	1.03712e-07	8.99998e-09	-0.036821	54392	1	1	1e+08	16000
1e+08	0.95	-0.45	-3	1	1.47079e-12	1	1.47079e-12	9e-09	0.25	54392	1	1	1e+08	16000
1e+08	0.95	-0.45	-2.95	1	1.47079e-12	1	1.47079e-12	9e-09	0.25	54392	1	1	1e+08	16000
1e+08	0.95	-0.45	-2.9	1	1.4708e-12	1	1.4708e-12	9e-09	0.25	54392	1	1	1e+08	16000
1e+08	0.95	-0.45	-2.85	1	1.47082e-12	1	1.47082e-12	9e-09	0.249999	54392	1	1	1e+08	16000
1e+08	0.95	-0.45	-2.8	1	1.47144e-12	1	1.47144e-12	9e-09	0.249989	54392	1	1	1e+08	16000
1e+08	0.95	-0.45	-2.75	1	1.48433e-12	1	1.48433e-12	9e-09	0.249765	54392	1	1	1e+08	16000
1e+08	0.95	-0.45	-2.7	1	1.70993e-12	1	1.70993e-12	9e-09	0.246129	54392	1	1	1e+08	16000
1e+08	0.95	-0.45	-2.65	1	3.94269e-12	1	3.94269e-12	9e-09	0.224665	54392	1	1	1e+08	16000
1e+08	0.95	-0.45	-2.6	1	1.47686e-11	1	1.47686e-11	9e-09	0.190735	54392	1	1	1e+08	16000
1e+08	0.95	-0.45	-2.55	1	5.65591e-11	1	5.65591e-11	9e-09	0.156235	54392	1	1	1e+08	16000
1e+08	0.95	-0.45	-2.5	1	2.08356e-10	1	2.08356e-10	9e-09	0.122733	54392	1	1	1e+08	16000
1e+08	0.95	-0.45	-2.45	1	7.35352e-10	1	7.35352e-10	9e-09	0.0903322	54392	1	1	1e+08	16000
1e+08	0.95	-0.45	-2.4	1	2.48573e-09	1	2.48573e-09	9e-09	0.0590394	54392	1	1	1e+08	16000
1e+08	0.95	-0.45	-2.35	1	8.04769e-09	1	8.04769e-09	9e-09	0.0288552	54392	1	1	1e+08	16000
1e+08	0.95	-0.45	-2.3	1	2.49545e-08	1	2.49545e-08	9e-09	-0.000220259	54392	1	1	1e+08	16000
1e+08	0.95	-0.45	-2.25	1	7.41115e-08	1	7.41115e-08	9e-09	-0.0281871	54392	1	1	1e+08	16000
1e+08	0.95	-0.45	-2.2	1	2.10805e-07	1	2.10805e-07	8.99998e-09	-0.0550452	54392	1	1	1e+08	16000
1e+08	0.95	-0.45	-2.15	0.999999	5.74295e-07	0.999999	5.74295e-07	8.99988e-09	-0.0807945	54392	1	1	1e+08	16000
1e+08	0.95	-0.45	-2.1	0.999999	1.49842e-06	0.999999	1.49842e-06	8.9992e-09	-0.105434	54392	1	1	1e+08	16000
1e+08	0.95	-0.45	-2.05	0.999996	3.74375e-06	0.999996	3.74375e-06	8.99501e-09	-0.12896	54392	1	1	1e+08	16000
1e+08	0.95	-0.45	-2	0.999991	8.94894e-06	0.999991	8.94894e-06	8.97151e-09	-0.15135	54392	1	1	1e+08	16000
1e+08	0.95	-0.45	-1.95	0.99998	2.03779e-05	0.99998	2.03779e-05	8.85233e-09	-0.172493	54392	1	1	1e+08	16000
1e+08	0.95	-0.45	-1.9	0.999957	4.34017e-05	0.999957	4.34017e-05	8.33024e-09	-0.191919	54392	1	1	1e+08	16000
1e+08	0.95	-0.45	-1.85	0.999919	8.14806e-05	0.999919	8.14806e-05	6.63962e-09	-0.208103	54392	1	1	1e+08	16000
1e+08	0.95	-0.45	-1.8	0.999878	0.000122264	0.999878	0.000122264	3.68557e-09	-0.21853	54392	1	1	1e+08	16000
1e+08	0.95	-0.45	-1.75	0.999854	0.000146077	0.999854	0.000146077	1.4139e-09	-0.223103	54392	1	1	1e+08	16000
1e+08	0.95	-0.45	-1.7	0.999845	0.000154935	0.999845	0.000154935	4.65989e-10	-0.224616	54392	1	1	1e+08	16000
1e+08	0.95	-0.45	-1.65	0.999842	0.000157739	0.999842	0.000157739	1.54262e-10	-0.225077	54392	1	1	1e+08	16000
1e+08	0.95	-0.45	-1.6	0.999842	0.000158301	0.999842	0.000158301	9.11362e-11	-0.225168	54392	1	1	1e+08	16000
1e+08	0.95	-0.45	-1.55	0.999842	0.000158301	0.999842	0.000158301	9.11362e-11	-0.225168	54392	1	1	1e+08	16000
1e+08	0.95	-0.45	-1.5	0.999842	0.000158301	0.999842	0.000158301	9.11362e-11	-0.225168	54392	1	1	1e+08	16000
1e+08	0.95	-0.45	-1.45	0.999842	0.000158301	0.999842	0.000158301	9.11362e-11	-0.225168	54392	1	1	1e+08	16000
1e+08	0.95	-0.45	-1.4	0.999842	0.000158301	0.999842	0.000158301	9.11362e-11	-0.225168	54392	1	1	1e+08	16000
1e+08	0.95	-0.45	-1.35	0.999842	0.000158301	0.999842	0.000158301	9.11362e-11	-0.225168	54392	1	1	1e+08	16000
1e+08	0.95	-0.45	-1.3	0.999842	0.000158301	0.999842	0.000158301	9.11362e-11	-0.225168	54392	1	1	1e+08	16000
1e+08	0.95	-0.45	-1.25	0.999842	0.000158301	0.999842	0.000158301	9.11362e-11	-0.225168	54392	1	1	1e+08	16000
1e+08	0.95	-0.45	-1.2	0.999842	0.000158301	0.999842	0.000158301	9.11362e-11	-0.225168	54392	1	1	1e+08	16000
1e+08	0.95	-0.45	-1.15	0.999842	0.000158301	0.999842	0.000158301	9.11362e-11	-0.225168	54392	1	1	1e+08	16000
1e+08	0.95	-0.45	-1.1	0.999842	0.000158301	0.999842	0.000158301	9.11362e-11	-0.225168	54392	1	1	1e+08	16000
1e+08	0.95	-0.45	-1.05	0.999842	0.000158301	0.999842	0.000158301	9.11362e-11	-0.225168	54392	1	1	1e+08	16000
1e+08	0.95	-0.45	-1	0.999842	0.000158301	0.999842	0.000158301	9.11362e-11	-0.225168	54392	1	1	1e+08	16000
1e+08	0.95	-0.45	-0.95	0.999842	0.000158301	0.999842	0.000158301	9.11363e-11	-0.225168	54392	1	1	1e+08	16000
1e+08	0.95	-0.45	-0.9	0.999842	0.000158301	0.999842	0.000158301	9.11368e-11	-0.225168	54392	1	1	1e+08	16000
1e+08	0.95	-0.45	-0.85	0.999842	0.000158301	0.999842	0.000158301	9.11405e-11	-0.225168	54392	1	1	1e+08	16000
1e+08	0.95	-0.45	-0.8	0.999842	0.0001583	0.999842	0.0001583	9.11663e-11	-0.225168	54392	1	1	1e+08	16000
1e+08	0.95	-0.45	-0.75	0.999842	0.000158299	0.999842	0.000158299	9.13468e-11	-0.225168	54392	1	1	1e+08	16000
1e+08	0.95	-0.45	-0.7	0.999842	0.000158288	0.999842	0.000158288	9.26108e-11	-0.225166	54392	1	1	1e+08	16000
1e+08	0.95	-0.45	-0.65	0.999842	0.000158209	0.999842	0.000158209	1.0145e-10	-0.225153	54392	1	1	1e+08	16000
1e+08	0.95	-0.45	-0.6	0.999842	0.000157662	0.999842	0.000157662	1.62846e-10	-0.225064	54392	1	1	1e+08	16000
1e+08	0.95	-0.45	-0.55	0.999846	0.000153987	0.999846	0.000153987	5.70057e-10	-0.224458	54392	1	1	1e+08	16000
1e+08	0.95	-0.45	-0.5	0.999866	0.000133896	0.999866	0.000133896	2.62625e-09	-0.220866	54392	1	1	1e+08	16000
1e+08	0.95	-0.45	-0.45	0.999919	8.13715e-05	0.999919	8.13715e-05	6.64594e-09	-0.208068	54392	1	1	1e+08	16000
1e+08	0.95	-0.45	-0.4	0.999965	3.49156e-05	0.999965	3.49156e-05	8.56653e-09	-0.186329	54392	1	1	1e+08	16000
1e+08	0.95	-0.45	-0.35	0.999987	1.34769e-05	0.999987	1.34769e-05	8.9354e-09	-0.16187	54392	1	1	1e+08	16000
1e+08	0.95	-0.45	-0.3	0.999995	5.10911e-06	0.999995	5.10911e-06	8.99071e-09	-0.136949	54392	1	1	1e+08	16000
1e+08	0.95	-0.45	-0.25	0.999998	1.93175e-06	0.999998	1.93175e-06	8.99867e-09	-0.111961	54392	1	1	1e+08	16000
1e+08	0.95	-0.45	-0.2	0.999999	7.30115e-07	0.999999	7.30115e-07	8.99981e-09	-0.0869622	54392	1	1	1e+08	16000
1e+08	0.95	-0.45	-0.15	1	2.75935e-07	1	2.75935e-07	8.99997e-09	-0.0619624	54392	1	1	1e+08	16000
1e+08	0.95	-0.45	-0.1	1	1.04285e-07	1	1.04285e-07	9e-09	-0.0369625	54392	1	1	1e+08	16000
1e+08	1	-0.45	-3	1	5.56066e-13	1	5.56066e-13	9e-09	0.27499	54392	1	1	1e+08	16000
1e+08	1	-0.45	-2.95	1	5.56066e-13	1	5.56066e-13	9e-09	0.27499	54392	1	1	1e+08	16000
1e+08	1	-0.45	-2.9	1	5.5608e-13	1	5.5608e-13	9e-09	0.27499	54392	1	1	1e+08	16000
1e+08	1	-0.45	-2.85	1	5.56419e-13	1	5.56419e-13	9e-09	0.274974	54392	1	1	1e+08	16000
1e+08	1	-0.45	-2.8	1	5.65646e-13	1	5.65646e-13	9e-09	0.274552	54392	1	1	1e+08	16000
1e+08	1	-0.45	-2.75	1	1.54492e-12	1	1.54492e-12	9e-09	0.248737	54392	1	1	1e+08	16000
1e+08	1	-0.45	-2.7	1	1.91642e-12	1	1.91642e-12	9e-09	0.2432	54392	1	1	1e+08	16000
1e+08	1	-0.45	-2.65	1	7.71254e-12	1	7.71254e-12	9e-09	0.207426	54392	1	1	1e+08	16000
1e+08	1	-0.45	-2.6	1	3.09071e-11	1	3.09071e-11	9e-09	0.171761	54392	1	1	1e+08	16000
1e+08	1	-0.45	-2.55	1	1.18897e-10	1	1.18897e-10	9e-09	0.137146	54392	1	1	1e+08	16000
1e+08	1	-0.45	-2.5	1	4.38135e-10	1	4.38135e-10	9e-09	0.103636	54392	1	1	1e+08	16000
1e+08	1	-0.45	-2.45	1	1.54635e-09	1	1.54635e-09	9e-09	0.0712349	54392	1	1	1e+08	16000
1e+08	1	-0.45	-2.4	1	5.22716e-09	1	5.22716e-09	9e-09	0.039942	54392	1	1	1e+08	16000
1e+08	1	-0.45	-2.35	1	1.69232e-08	1	1.69232e-08	9e-09	0.00975786	54392	1	1	1e+08	16000
1e+08	1	-0.45	-2.3	1	5.24761e-08	1	5.24761e-08	9e-09	-0.0193176	54392	1	1	1e+08	16000
1e+08	1	-0.45	-2.25	1	1.55847e-07	1	1.55847e-07	9e-09	-0.0472844	54392	1	1	1e+08	16000
1e+08	1	-0.45	-2.2	1	4.43296e-07	1	4.43296e-07	8.99998e-09	-0.0741426	54392	1	1	1e+08	16000
1e+08	1	-0.45	-2.15	0.999999	1.20767e-06	0.999999	1.20767e-06	8.99988e-09	-0.0998919	54392	1	1	1e+08	16000
1e+08	1	-0.45	-2.1	0.999997	3.15098e-06	0.999997	3.15098e-06	8.99919e-09	-0.124532	54392	1	1	1e+08	16000
1e+08	1	-0.45	-2.05	0.999992	7.8726e-06	0.999992	7.8726e-06	8.995e-09	-0.148058	54392	1	1	1e+08	16000
1e+08	1	-0.45	-2	0.999981	1.88184e-05	0.999981	1.88184e-05	8.97149e-09	-0.170448	54392	1	1	1e+08	16000
1e+08	1	-0.45	-1.95	0.999957	4.28514e-05	0.999957	4.28514e-05	8.85228e-09	-0.191591	54392	1	1	1e+08	16000
1e+08	1	-0.45	-1.9	0.999909	9.12656e-05	0.999909	9.12656e-05	8.33017e-09	-0.211017	54392	1	1	1e+08	16000
1e+08	1	-0.45	-1.85	0.999829	0.000171335	0.999829	0.000171335	6.63963e-09	-0.227201	54392	1	1	1e+08	16000
1e+08	1	-0.45	-1.8	0.999743	0.000257093	0.999743	0.000257093	3.68573e-09	-0.23763	54392	1	1	1e+08	16000
1e+08	1	-0.45	-1.75	0.999693	0.00030717	0.999693	0.00030717	1.41403e-09	-0.242203	54392	1	1	1e+08	16000
1e+08	1	-0.45	-1.7	0.999674	0.000325799	0.999674	0.000325799	4.66044e-10	-0.243717	54392	1	1	1e+08	16000
1e+08	1	-0.45	-1.65	0.999668	0.000331697	0.999668	0.000331697	1.54281e-10	-0.244178	54392	1	1	1e+08	16000
1e+08	1	-0.45	-1.6	0.999667	0.000332878	0.999667	0.000332878	9.11479e-11	-0.244269	54392	1	1	1e+08	16000
1e+08	1	-0.45	-1.55	0.999667	0.000332878	0.999667	0.000332878	9.11479e-11	-0.244269	54392	1	1	1e+08	16000
1e+08	1	-0.45	-1.5	0.999667	0.000332878	0.999667	0.000332878	9.11479e-11	-0.244269	54392	1	1	1e+08	16000
1e+08	1	-0.45	-1.45	0.999667	0.000332878	0.999667	0.000332878	9.11479e-11	-0.244269	54392	1	1	1e+08	16000
1e+08	1	-0.45	-1.4	0.999667	0.000332878	0.999667	0.000332878	9.11479e-11	-0.244269	54392	1	1	1e+08	16000
1e+08	1	-0.45	-1.35	0.999667	0.000332878	0.999667	0.000332878	9.11479e-11	-0.244269	54392	1	1	1e+08	16000
1e+08	1	-0.45	-1.3	0.999667	0.000332878	0.999667	0.000332878	9.11479e-11	-0.244269	54392	1	1	1e+08	16000
1e+08	1	-0.45	-1.25	0.999667	0.000332878	0.999667	0.000332878	9.11479e-11	-0.244269	54392	1	1	1e+08	16000
1e+08	1	-0.45	-1.2	0.999667	0.000332878	0.999667	0.000332878	9.11479e-11	-0.244269	54392	1	1	1e+08	16000
1e+08	1	-0.45	-1.15	0.999667	0.000332878	0.999667	0.000332878	9.11479e-11	-0.244269	54392	1	1	1e+08	16000
1e+08	1	-0.45	-1.1	0.999667	0.000332878	0.999667	0.000332878	9.11479e-11	-0.244269	54392	1	1	1e+08	16000
1e+08	1	-0.45	-1.05	0.999667	0.000332878	0.999667	0.000332878	9.11479e-11	-0.244269	54392	1	1	1e+08	16000
1e+08	1	-0.45	-1	0.999667	0.000332878	0.999667	0.000332878	9.11479e-11	-0.244269	54392	1	1	1e+08	16000
1e+08	1	-0.45	-0.95	0.999667	0.000332878	0.999667	0.000332878	9.11483e-11	-0.244269	54392	1	1	1e+08	16000
1e+08	1	-0.45	-0.9	0.999667	0.000332878	0.999667	0.000332878	9.11506e-11	-0.244269	54392	1	1	1e+08	16000
1e+08	1	-0.45	-0.85	0.999667	0.000332878	0.999667	0.000332878	9.11669e-11	-0.244269	54392	1	1	1e+08	16000
1e+08	1	-0.45	-0.8	0.999667	0.000332876	0.999667	0.000332876	9.12809e-11	-0.244269	54392	1	1	1e+08	16000
1e+08	1	-0.45	-0.75	0.999667	0.000332861	0.999667	0.000332861	9.20794e-11	-0.244268	54392	1	1	1e+08	16000
1e+08	1	-0.45	-0.7	0.999667	0.000332756	0.999667	0.000332756	9.76657e-11	-0.24426	54392	1	1	1e+08	16000
1e+08	1	-0.45	-0.65	0.999668	0.000332028	0.999668	0.000332028	1.36581e-10	-0.244204	54392	1	1	1e+08	16000
1e+08	1	-0.45	-0.6	0.999673	0.000327061	0.999673	0.000327061	3.99788e-10	-0.243816	54392	1	1	1e+08	16000
1e+08	1	-0.45	-0.55	0.999702	0.000297585	0.999702	0.000297585	1.88003e-09	-0.241389	54392	1	1	1e+08	16000
1e+08	1	-0.45	-0.5	0.9998	0.000200407	0.9998	0.000200407	5.77074e-09	-0.231229	54392	1	1	1e+08	16000
1e+08	1	-0.45	-0.45	0.999909	9.12309e-05	0.999909	9.12309e-05	8.33068e-09	-0.211007	54392	1	1	1e+08	16000
1e+08	1	-0.45	-0.4	0.999964	3.56343e-05	0.999964	3.56343e-05	8.89784e-09	-0.186852	54392	1	1	1e+08	16000
1e+08	1	-0.45	-0.35	0.999986	1.35335e-05	0.999986	1.35335e-05	8.98524e-09	-0.161978	54392	1	1	1e+08	16000
1e+08	1	-0.45	-0.3	0.999995	5.11833e-06	0.999995	5.11833e-06	8.99788e-09	-0.136996	54392	1	1	1e+08	16000
1e+08	1	-0.45	-0.25	0.999998	1.93457e-06	0.999998	1.93457e-06	8.99969e-09	-0.111998	54392	1	1	1e+08	16000
1e+08	1	-0.45	-0.2	0.999999	7.31146e-07	0.999999	7.31146e-07	8.99996e-09	-0.0869985	54392	1	1	1e+08	16000
1e+08	1	-0.45	-0.15	1	2.76323e-07	1	2.76323e-07	8.99999e-09	-0.0619985	54392	1	1	1e+08	16000
1e+08	1	-0.45	-0.1	1	1.04431e-07	1	1.04431e-07	9e-09	-0.0369985	54392	1	1	1e+08	16000
1e+08	1	-0.45	-0.05	1	3.94678e-08	1	3.94678e-08	9e-09	-0.0119985	54392	1	1	1e+08	16000
1e+08	1.05	-0.45	-3	1	2.4951e-13	1	2.4951e-13	9e-09	0.29558	54392	1	1	1e+08	16000
1e+08	1.05	-0.45	-2.95	1	2.48826e-13	1	2.48826e-13	9e-09	0.295651	54392	1	1	1e+08	16000
1e+08	1.05	-0.45	-2.9	1	2.32304e-13	1	2.32304e-13	9e-09	0.297416	54392	1	1	1e+08	16000
1e+08	1.05	-0.45	-2.85	1	2.70174e-13	1	2.70174e-13	9e-09	0.293536	54392	1	1	1e+08	16000
1e+08	1.05	-0.45	-2.8	1	6.97625e-13	1	6.97625e-13	9e-09	0.269163	54392	1	1	1e+08	16000
1e+08	1.05	-0.45	-2.75	1	9.43251e-13	1	9.43251e-13	9e-09	0.261413	54392	1	1	1e+08	16000
1e+08	1.05	-0.45	-2.7	1	4.03226e-12	1	4.03226e-12	9e-09	0.224088	54392	1	1	1e+08	16000
1e+08	1.05	-0.45	-2.65	1	1.68909e-11	1	1.68909e-11	9e-09	0.187285	54392	1	1	1e+08	16000
1e+08	1.05	-0.45	-2.6	1	6.78489e-11	1	6.78489e-11	9e-09	0.151559	54392	1	1	1e+08	16000
1e+08	1.05	-0.45	-2.55	1	2.61048e-10	1	2.61048e-10	9e-09	0.116941	54392	1	1	1e+08	16000
1e+08	1.05	-0.45	-2.5	1	9.61968e-10	1	9.61968e-10	9e-09	0.0834304	54392	1	1	1e+08	16000
1e+08	1.05	-0.45	-2.45	1	3.39516e-09	1	3.39516e-09	9e-09	0.0510288	54392	1	1	1e+08	16000
1e+08	1.05	-0.45	-2.4	1	1.14767e-08	1	1.14767e-08	9e-09	0.019736	54392	1	1	1e+08	16000
1e+08	1.05	-0.45	-2.35	1	3.71567e-08	1	3.71567e-08	9e-09	-0.0104482	54392	1	1	1e+08	16000
1e+08	1.05	-0.45	-2.3	1	1.15216e-07	1	1.15216e-07	9e-09	-0.0395237	54392	1	1	1e+08	16000
1e+08	1.05	-0.45	-2.25	1	3.42177e-07	1	3.42177e-07	9e-09	-0.0674905	54392	1	1	1e+08	16000
1e+08	1.05	-0.45	-2.2	0.999999	9.73301e-07	0.999999	9.73301e-07	8.99998e-09	-0.0943486	54392	1	1	1e+08	16000
1e+08	1.05	-0.45	-2.15	0.999997	2.65155e-06	0.999997	2.65155e-06	8.99988e-09	-0.120098	54392	1	1	1e+08	16000
1e+08	1.05	-0.45	-2.1	0.999993	6.91827e-06	0.999993	6.91827e-06	8.99919e-09	-0.144738	54392	1	1	1e+08	16000
1e+08	1.05	-0.45	-2.05	0.999983	1.7285e-05	0.999983	1.7285e-05	8.99498e-09	-0.168264	54392	1	1	1e+08	16000
1e+08	1.05	-0.45	-2	0.999959	4.1317e-05	0.999959	4.1317e-05	8.97144e-09	-0.190654	54392	1	1	1e+08	16000
1e+08	1.05	-0.45	-1.95	0.999906	9.40816e-05	0.999906	9.40816e-05	8.85217e-09	-0.211798	54392	1	1	1e+08	16000
1e+08	1.05	-0.45	-1.9	0.9998	0.00020037	0.9998	0.00020037	8.33001e-09	-0.231224	54392	1	1	1e+08	16000
1e+08	1.05	-0.45	-1.85	0.999624	0.000376146	0.999624	0.000376146	6.63964e-09	-0.24741	54392	1	1	1e+08	16000
1e+08	1.05	-0.45	-1.8	0.999436	0.000564416	0.999436	0.000564416	3.68611e-09	-0.257841	54392	1	1	1e+08	16000
1e+08	1.05	-0.45	-1.75	0.999326	0.00067437	0.999326	0.00067437	1.41434e-09	-0.262417	54392	1	1	1e+08	16000
1e+08	1.05	-0.45	-1.7	0.999285	0.00071528	0.999285	0.00071528	4.6617e-10	-0.263931	54392	1	1	1e+08	16000
1e+08	1.05	-0.45	-1.65	0.999272	0.000728233	0.999272	0.000728233	1.54326e-10	-0.264393	54392	1	1	1e+08	16000
1e+08	1.05	-0.45	-1.6	0.999269	0.000730828	0.999269	0.000730828	9.11745e-11	-0.264484	54392	1	1	1e+08	16000
1e+08	1.05	-0.45	-1.55	0.999269	0.000730828	0.999269	0.000730828	9.11745e-11	-0.264484	54392	1	1	1e+08	16000
1e+08	1.05	-0.45	-1.5	0.999269	0.000730828	0.999269	0.000730828	9.11745e-11	-0.264484	54392	1	1	1e+08	16000
1e+08	1.05	-0.45	-1.45	0.999269	0.000730828	0.999269	0.000730828	9.11745e-11	-0.264484	54392	1	1	1e+08	16000
1e+08	1.05	-0.45	-1.4	0.999269	0.000730828	0.999269	0.000730828	9.11745e-11	-0.264484	54392	1	1	1e+08	16000
1e+08	1.05	-0.45	-1.35	0.999269	0.000730828	0.999269	0.000730828	9.11745e-11	-0.264484	54392	1	1	1e+08	16000
1e+08	1.05	-0.45	-1.3	0.999269	0.000730828	0.999269	0.000730828	9.11745e-11	-0.264484	54392	1	1	1e+08	16000
1e+08	1.05	-0.45	-1.25	0.999269	0.000730828	0.999269	0.000730828	9.11745e-11	-0.264484	54392	1	1	1e+08	16000
1e+08	1.05	-0.45	-1.2	0.999269	0.000730828	0.999269	0.000730828	9.11745e-11	-0.264484	54392	1	1	1e+08	16000
1e+08	1.05	-0.45	-1.15	0.999269	0.000730828	0.999269	0.000730828	9.11745e-11	-0.264484	54392	1	1	1e+08	16000
1e+08	1.05	-0.45	-1.1	0.999269	0.000730828	0.999269	0.000730828	9.11745e-11	-0.264484	54392	1	1	1e+08	16000
1e+08	1.05	-0.45	-1.05	0.999269	0.000730828	0.999269	0.000730828	9.11746e-11	-0.264484	54392	1	1	1e+08	16000
1e+08	1.05	-0.45	-1	0.999269	0.000730828	0.999269	0.000730828	9.11748e-11	-0.264484	54392	1	1	1e+08	16000
1e+08	1.05	-0.45	-0.95	0.999269	0.000730828	0.999269	0.000730828	9.11764e-11	-0.264484	54392	1	1	1e+08	16000
1e+08	1.05	-0.45	-0.9	0.999269	0.000730828	0.999269	0.000730828	9.11876e-11	-0.264484	54392	1	1	1e+08	16000
1e+08	1.05	-0.45	-0.85	0.999269	0.000730824	0.999269	0.000730824	9.12662e-11	-0.264484	54392	1	1	1e+08	16000
1e+08	1.05	-0.45	-0.8	0.999269	0.000730802	0.999269	0.000730802	9.18161e-11	-0.264483	54392	1	1	1e+08	16000
1e+08	1.05	-0.45	-0.75	0.999269	0.000730644	0.999269	0.000730644	9.56646e-11	-0.264478	54392	1	1	1e+08	16000
1e+08	1.05	-0.45	-0.7	0.99927	0.000729541	0.99927	0.000729541	1.22516e-10	-0.264439	54392	1	1	1e+08	16000
1e+08	1.05	-0.45	-0.65	0.999278	0.000721959	0.999278	0.000721959	3.06064e-10	-0.26417	54392	1	1	1e+08	16000
1e+08	1.05	-0.45	-0.6	0.999325	0.000674769	0.999325	0.000674769	1.40536e-09	-0.262432	54392	1	1	1e+08	16000
1e+08	1.05	-0.45	-0.55	0.999509	0.000491454	0.999509	0.000491454	4.97102e-09	-0.254283	54392	1	1	1e+08	16000
1e+08	1.05	-0.45	-0.5	0.999763	0.000237377	0.999763	0.000237377	8.05977e-09	-0.235579	54392	1	1	1e+08	16000
1e+08	1.05	-0.45	-0.45	0.999906	9.40737e-05	0.999906	9.40737e-05	8.8522e-09	-0.211795	54392	1	1	1e+08	16000
1e+08	1.05	-0.45	-0.4	0.999964	3.58072e-05	0.999964	3.58072e-05	8.97854e-09	-0.186977	54392	1	1	1e+08	16000
1e+08	1.05	-0.45	-0.35	0.999986	1.35466e-05	0.999986	1.35466e-05	8.99691e-09	-0.162003	54392	1	1	1e+08	16000
1e+08	1.05	-0.45	-0.3	0.999995	5.12047e-06	0.999995	5.12047e-06	8.99955e-09	-0.137006	54392	1	1	1e+08	16000
1e+08	1.05	-0.45	-0.25	0.999998	1.93523e-06	0.999998	1.93523e-06	8.99993e-09	-0.112007	54392	1	1	1e+08	16000
1e+08	1.05	-0.45	-0.2	0.999999	7.31386e-07	0.999999	7.31386e-07	8.99999e-09	-0.0870069	54392	1	1	1e+08	16000
1e+08	1.05	-0.45	-0.15	1	2.76414e-07	1	2.76414e-07	9e-09	-0.0620069	54392	1	1	1e+08	16000
1e+08	1.05	-0.45	-0.1	1	1.04465e-07	1	1.04465e-07	9e-09	-0.0370069	54392	1	1	1e+08	16000
1e+08	1.05	-0.45	-0.05	1	3.94807e-08	1	3.94807e-08	9e-09	-0.0120069	54392	1	1	1e+08	16000
1e+08	1.05	-0.45	0	1	1.4921e-08	1	1.4921e-08	9e-09	0.0129931	54392	1	1	1e+08	16000
1e+08	1.05	-0.45	0.05	1	5.6391e-09	1	5.6391e-09	9e-09	0.0379931	54392	1	1	1e+08	16000
1e+08	1.1	-0.45	-2.95	1	7.71862e-14	1	7.71862e-14	9e-09	0.325725	54392	1	1	1e+08	16000
1e+08	1.1	-0.45	-2.9	1	7.98419e-14	1	7.98419e-14	9e-09	0.324856	54392	1	1	1e+08	16000
1e+08	1.1	-0.45	-2.85	1	1.32466e-13	1	1.32466e-13	9e-09	0.311848	54392	1	1	1e+08	16000
1e+08	1.1	-0.45	-2.8	1	4.69298e-13	1	4.69298e-13	9e-09	0.279349	54392	1	1	1e+08	16000
1e+08	1.1	-0.45	-2.75	1	2.1094e-12	1	2.1094e-12	9e-09	0.240735	54392	1	1	1e+08	16000
1e+08	1.1	-0.45	-2.7	1	9.2314e-12	1	9.2314e-12	9e-09	0.202808	54392	1	1	1e+08	16000
1e+08	1.1	-0.45	-2.65	1	3.87181e-11	1	3.87181e-11	9e-09	0.165972	54392	1	1	1e+08	16000
1e+08	1.1	-0.45	-2.6	1	1.55537e-10	1	1.55537e-10	9e-09	0.130245	54392	1	1	1e+08	16000
1e+08	1.1	-0.45	-2.55	1	5.98431e-10	1	5.98431e-10	9e-09	0.0956258	54392	1	1	1e+08	16000
1e+08	1.1	-0.45	-2.5	1	2.20523e-09	1	2.20523e-09	9e-09	0.0621156	54392	1	1	1e+08	16000
1e+08	1.1	-0.45	-2.45	1	7.78312e-09	1	7.78312e-09	9e-09	0.0297141	54392	1	1	1e+08	16000
1e+08	1.1	-0.45	-2.4	1	2.63095e-08	1	2.63095e-08	9e-09	-0.00157876	54392	1	1	1e+08	16000
1e+08	1.1	-0.45	-2.35	1	8.51786e-08	1	8.51786e-08	9e-09	-0.0317629	54392	1	1	1e+08	16000
1e+08	1.1	-0.45	-2.3	1	2.64124e-07	1	2.64124e-07	9e-09	-0.0608384	54392	1	1	1e+08	16000
1e+08	1.1	-0.45	-2.25	0.999999	7.84413e-07	0.999999	7.84413e-07	9e-09	-0.0888052	54392	1	1	1e+08	16000
1e+08	1.1	-0.45	-2.2	0.999998	2.23121e-06	0.999998	2.23121e-06	8.99998e-09	-0.115663	54392	1	1	1e+08	16000
1e+08	1.1	-0.45	-2.15	0.999994	6.07845e-06	0.999994	6.07845e-06	8.99987e-09	-0.141413	54392	1	1	1e+08	16000
1e+08	1.1	-0.45	-2.1	0.999984	1.58595e-05	0.999984	1.58595e-05	8.99917e-09	-0.166053	54392	1	1	1e+08	16000
1e+08	1.1	-0.45	-2.05	0.99996	3.96238e-05	0.99996	3.96238e-05	8.99493e-09	-0.189579	54392	1	1	1e+08	16000
1e+08	1.1	-0.45	-2	0.999905	9.47125e-05	0.999905	9.47125e-05	8.97132e-09	-0.211969	54392	1	1	1e+08	16000
1e+08	1.1	-0.45	-1.95	0.999784	0.000215658	0.999784	0.000215658	8.85192e-09	-0.233113	54392	1	1	1e+08	16000
1e+08	1.1	-0.45	-1.9	0.999541	0.000459261	0.999541	0.000459261	8.32961e-09	-0.252541	54392	1	1	1e+08	16000
1e+08	1.1	-0.45	-1.85	0.999138	0.000862074	0.999138	0.000862074	6.63966e-09	-0.268731	54392	1	1	1e+08	16000
1e+08	1.1	-0.45	-1.8	0.998706	0.00129356	0.998706	0.00129356	3.68701e-09	-0.279168	54392	1	1	1e+08	16000
1e+08	1.1	-0.45	-1.75	0.998454	0.00154566	0.998454	0.00154566	1.41506e-09	-0.28375	54392	1	1	1e+08	16000
1e+08	1.1	-0.45	-1.7	0.998361	0.00163949	0.998361	0.00163949	4.66469e-10	-0.285266	54392	1	1	1e+08	16000
1e+08	1.1	-0.45	-1.65	0.998331	0.0016692	0.998331	0.0016692	1.54431e-10	-0.285728	54392	1	1	1e+08	16000
1e+08	1.1	-0.45	-1.6	0.998325	0.00167515	0.998325	0.00167515	9.12378e-11	-0.28582	54392	1	1	1e+08	16000
1e+08	1.1	-0.45	-1.55	0.998325	0.00167515	0.998325	0.00167515	9.12378e-11	-0.28582	54392	1	1	1e+08	16000
1e+08	1.1	-0.45	-1.5	0.998325	0.00167515	0.998325	0.00167515	9.12378e-11	-0.28582	54392	1	1	1e+08	16000
1e+08	1.1	-0.45	-1.45	0.998325	0.00167515	0.998325	0.00167515	9.12378e-11	-0.28582	54392	1	1	1e+08	16000
1e+08	1.1	-0.45	-1.4	0.998325	0.00167515	0.998325	0.00167515	9.12378e-11	-0.28582	54392	1	1	1e+08	16000
1e+08	1.1	-0.45	-1.35	0.998325	0.00167515	0.998325	0.00167515	9.12378e-11	-0.28582	54392	1	1	1e+08	16000
1e+08	1.1	-0.45	-1.3	0.998325	0.00167515	0.998325	0.00167515	9.12378e-11	-0.28582	54392	1	1	1e+08	16000
1e+08	1.1	-0.45	-1.25	0.998325	0.00167515	0.998325	0.00167515	9.12378e-11	-0.28582	54392	1	1	1e+08	16000
1e+08	1.1	-0.45	-1.2	0.998325	0.00167515	0.998325	0.00167515	9.12378e-11	-0.28582	54392	1	1	1e+08	16000
1e+08	1.1	-0.45	-1.15	0.998325	0.00167515	0.998325	0.00167515	9.12378e-11	-0.28582	54392	1	1	1e+08	16000
1e+08	1.1	-0.45	-1.1	0.998325	0.00167515	0.998325	0.00167515	9.12378e-11	-0.28582	54392	1	1	1e+08	16000
1e+08	1.1	-0.45	-1.05	0.998325	0.00167515	0.998325	0.00167515	9.1238e-11	-0.28582	54392	1	1	1e+08	16000
1e+08	1.1	-0.45	-1	0.998325	0.00167515	0.998325	0.00167515	9.12392e-11	-0.28582	54392	1	1	1e+08	16000
1e+08	1.1	-0.45	-0.95	0.998325	0.00167515	0.998325	0.00167515	9.12476e-11	-0.28582	54392	1	1	1e+08	16000
1e+08	1.1	-0.45	-0.9	0.998325	0.00167515	0.998325	0.00167515	9.13066e-11	-0.28582	54392	1	1	1e+08	16000
1e+08	1.1	-0.45	-0.85	0.998325	0.00167511	0.998325	0.00167511	9.17197e-11	-0.285819	54392	1	1	1e+08	16000
1e+08	1.1	-0.45	-0.8	0.998325	0.00167483	0.998325	0.00167483	9.46108e-11	-0.285815	54392	1	1	1e+08	16000
1e+08	1.1	-0.45	-0.75	0.998327	0.00167293	0.998327	0.00167293	1.14799e-10	-0.285786	54392	1	1	1e+08	16000
1e+08	1.1	-0.45	-0.7	0.99834	0.00165981	0.99834	0.00165981	2.53619e-10	-0.285583	54392	1	1	1e+08	16000
1e+08	1.1	-0.45	-0.65	0.998424	0.00157585	0.998424	0.00157585	1.11591e-09	-0.284247	54392	1	1	1e+08	16000
1e+08	1.1	-0.45	-0.6	0.998788	0.00121216	0.998788	0.00121216	4.33446e-09	-0.277497	54392	1	1	1e+08	16000
1e+08	1.1	-0.45	-0.55	0.999383	0.000617238	0.999383	0.000617238	7.78958e-09	-0.260141	54392	1	1	1e+08	16000
1e+08	1.1	-0.45	-0.5	0.999752	0.000248212	0.999752	0.000248212	8.80392e-09	-0.236726	54392	1	1	1e+08	16000
1e+08	1.1	-0.45	-0.45	0.999905	9.4711e-05	0.999905	9.4711e-05	8.97132e-09	-0.211969	54392	1	1	1e+08	16000
1e+08	1.1	-0.45	-0.4	0.999964	3.58442e-05	0.999964	3.58442e-05	8.99584e-09	-0.187003	54392	1	1	1e+08	16000
1e+08	1.1	-0.45	-0.35	0.999986	1.35494e-05	0.999986	1.35494e-05	8.99939e-09	-0.162008	54392	1	1	1e+08	16000
1e+08	1.1	-0.45	-0.3	0.999995	5.12092e-06	0.999995	5.12092e-06	8.99991e-09	-0.137009	54392	1	1	1e+08	16000
1e+08	1.1	-0.45	-0.25	0.999998	1.93537e-06	0.999998	1.93537e-06	8.99998e-09	-0.112009	54392	1	1	1e+08	16000
1e+08	1.1	-0.45	-0.2	0.999999	7.31437e-07	0.999999	7.31437e-07	9e-09	-0.0870087	54392	1	1	1e+08	16000
1e+08	1.1	-0.45	-0.15	1	2.76433e-07	1	2.76433e-07	9e-09	-0.0620087	54392	1	1	1e+08	16000
1e+08	1.1	-0.45	-0.1	1	1.04472e-07	1	1.04472e-07	9e-09	-0.0370087	54392	1	1	1e+08	16000
1e+08	1.1	-0.45	-0.05	1	3.94834e-08	1	3.94834e-08	9e-09	-0.0120087	54392	1	1	1e+08	16000
1e+08	1.1	-0.45	0	1	1.4922e-08	1	1.4922e-08	9e-09	0.0129913	54392	1	1	1e+08	16000
1e+08	1.1	-0.45	0.05	1	5.63949e-09	1	5.63949e-09	9e-09	0.0379913	54392	1	1	1e+08	16000
1e+08	1.1	-0.45	0.1	1	2.13134e-09	1	2.13134e-09	9e-09	0.0629913	54392	1	1	1e+08	16000
1e+08	1.15	-0.45	-2.9	1	1.61588e-14	1	1.61588e-14	9e-09	0.365902	54392	1	1	1e+08	16000
1e+08	1.15	-0.45	-2.85	1	1.83562e-13	1	1.83562e-13	9e-09	0.303466	54392	1	1	1e+08	16000
1e+08	1.15	-0.45	-2.8	1	1.12482e-12	1	1.12482e-12	9e-09	0.25689	54392	1	1	1e+08	16000
1e+08	1.15	-0.45	-2.75	1	5.0449e-12	1	5.0449e-12	9e-09	0.218332	54392	1	1	1e+08	16000
1e+08	1.15	-0.45	-2.7	1	2.20946e-11	1	2.20946e-11	9e-09	0.180385	54392	1	1	1e+08	16000
1e+08	1.15	-0.45	-2.65	1	9.26717e-11	1	9.26717e-11	9e-09	0.143549	54392	1	1	1e+08	16000
1e+08	1.15	-0.45	-2.6	1	3.72279e-10	1	3.72279e-10	9e-09	0.107821	54392	1	1	1e+08	16000
1e+08	1.15	-0.45	-2.55	1	1.43235e-09	1	1.43235e-09	9e-09	0.0732024	54392	1	1	1e+08	16000
1e+08	1.15	-0.45	-2.5	1	5.27823e-09	1	5.27823e-09	9e-09	0.0396922	54392	1	1	1e+08	16000
1e+08	1.15	-0.45	-2.45	1	1.86289e-08	1	1.86289e-08	9e-09	0.00729068	54392	1	1	1e+08	16000
1e+08	1.15	-0.45	-2.4	1	6.29718e-08	1	6.29718e-08	9e-09	-0.0240022	54392	1	1	1e+08	16000
1e+08	1.15	-0.45	-2.35	1	2.03875e-07	1	2.03875e-07	9e-09	-0.0541863	54392	1	1	1e+08	16000
1e+08	1.15	-0.45	-2.3	0.999999	6.32182e-07	0.999999	6.32182e-07	9e-09	-0.0832618	54392	1	1	1e+08	16000
1e+08	1.15	-0.45	-2.25	0.999998	1.87749e-06	0.999998	1.87749e-06	8.99999e-09	-0.111229	54392	1	1	1e+08	16000
1e+08	1.15	-0.45	-2.2	0.999995	5.3404e-06	0.999995	5.3404e-06	8.99997e-09	-0.138087	54392	1	1	1e+08	16000
1e+08	1.15	-0.45	-2.15	0.999985	1.45487e-05	0.999985	1.45487e-05	8.99985e-09	-0.163836	54392	1	1	1e+08	16000
1e+08	1.15	-0.45	-2.1	0.999962	3.79592e-05	0.999962	3.79592e-05	8.99911e-09	-0.188476	54392	1	1	1e+08	16000
1e+08	1.15	-0.45	-2.05	0.999905	9.48364e-05	0.999905	9.48364e-05	8.9948e-09	-0.212003	54392	1	1	1e+08	16000
1e+08	1.15	-0.45	-2	0.999773	0.000226676	0.999773	0.000226676	8.97102e-09	-0.234394	54392	1	1	1e+08	16000
1e+08	1.15	-0.45	-1.95	0.999484	0.000516082	0.999484	0.000516082	8.85128e-09	-0.25554	54392	1	1	1e+08	16000
1e+08	1.15	-0.45	-1.9	0.998901	0.00109883	0.998901	0.00109883	8.32864e-09	-0.274972	54392	1	1	1e+08	16000
1e+08	1.15	-0.45	-1.85	0.997938	0.00206214	0.997938	0.00206214	6.6397e-09	-0.29117	54392	1	1	1e+08	16000
1e+08	1.15	-0.45	-1.8	0.996906	0.00309428	0.996906	0.00309428	3.68923e-09	-0.301623	54392	1	1	1e+08	16000
1e+08	1.15	-0.45	-1.75	0.996302	0.00369789	0.996302	0.00369789	1.41685e-09	-0.306217	54392	1	1	1e+08	16000
1e+08	1.15	-0.45	-1.7	0.996077	0.00392273	0.996077	0.00392273	4.67207e-10	-0.307739	54392	1	1	1e+08	16000
1e+08	1.15	-0.45	-1.65	0.996006	0.00399396	0.996006	0.00399396	1.54693e-10	-0.308203	54392	1	1	1e+08	16000
1e+08	1.15	-0.45	-1.6	0.995992	0.00400823	0.995992	0.00400823	9.13943e-11	-0.308295	54392	1	1	1e+08	16000
1e+08	1.15	-0.45	-1.55	0.995992	0.00400823	0.995992	0.00400823	9.13943e-11	-0.308295	54392	1	1	1e+08	16000
1e+08	1.15	-0.45	-1.5	0.995992	0.00400823	0.995992	0.00400823	9.13943e-11	-0.308295	54392	1	1	1e+08	16000
1e+08	1.15	-0.45	-1.45	0.995992	0.00400823	0.995992	0.00400823	9.13943e-11	-0.308295	54392	1	1	1e+08	16000
1e+08	1.15	-0.45	-1.4	0.995992	0.00400823	0.995992	0.00400823	9.13943e-11	-0.308295	54392	1	1	1e+08	16000
1e+08	1.15	-0.45	-1.35	0.995992	0.00400823	0.995992	0.00400823	9.13943e-11	-0.308295	54392	1	1	1e+08	16000
1e+08	1.15	-0.45	-1.3	0.995992	0.00400823	0.995992	0.00400823	9.13943e-11	-0.308295	54392	1	1	1e+08	16000
1e+08	1.15	-0.45	-1.25	0.995992	0.00400823	0.995992	0.00400823	9.13944e-11	-0.308295	54392	1	1	1e+08	16000
1e+08	1.15	-0.45	-1.2	0.995992	0.00400823	0.995992	0.00400823	9.13944e-11	-0.308295	54392	1	1	1e+08	16000
1e+08	1.15	-0.45	-1.15	0.995992	0.00400823	0.995992	0.00400823	9.13944e-11	-0.308295	54392	1	1	1e+08	16000
1e+08	1.15	-0.45	-1.1	0.995992	0.00400823	0.995992	0.00400823	9.13945e-11	-0.308295	54392	1	1	1e+08	16000
1e+08	1.15	-0.45	-1.05	0.995992	0.00400823	0.995992	0.00400823	9.13955e-11	-0.308295	54392	1	1	1e+08	16000
1e+08	1.15	-0.45	-1	0.995992	0.00400823	0.995992	0.00400823	9.14024e-11	-0.308295	54392	1	1	1e+08	16000
1e+08	1.15	-0.45	-0.95	0.995992	0.00400822	0.995992	0.00400822	9.14508e-11	-0.308295	54392	1	1	1e+08	16000
1e+08	1.15	-0.45	-0.9	0.995992	0.00400814	0.995992	0.00400814	9.17894e-11	-0.308295	54392	1	1	1e+08	16000
1e+08	1.15	-0.45	-0.85	0.995992	0.00400761	0.995992	0.00400761	9.41592e-11	-0.308291	54392	1	1	1e+08	16000
1e+08	1.15	-0.45	-0.8	0.995996	0.00400388	0.995996	0.00400388	1.10716e-10	-0.308267	54392	1	1	1e+08	16000
1e+08	1.15	-0.45	-0.75	0.996022	0.00397806	0.996022	0.00397806	2.24925e-10	-0.308101	54392	1	1	1e+08	16000
1e+08	1.15	-0.45	-0.7	0.99619	0.00381033	0.99619	0.00381033	9.48954e-10	-0.306989	54392	1	1	1e+08	16000
1e+08	1.15	-0.45	-0.65	0.996966	0.00303381	0.996966	0.00303381	3.89465e-09	-0.301114	54392	1	1	1e+08	16000
1e+08	1.15	-0.45	-0.6	0.998392	0.00160825	0.998392	0.00160825	7.56357e-09	-0.284771	54392	1	1	1e+08	16000
1e+08	1.15	-0.45	-0.55	0.999345	0.000655006	0.999345	0.000655006	8.76084e-09	-0.261668	54392	1	1	1e+08	16000
1e+08	1.15	-0.45	-0.5	0.99975	0.000250491	0.99975	0.000250491	8.96467e-09	-0.236961	54392	1	1	1e+08	16000
1e+08	1.15	-0.45	-0.45	0.999905	9.48362e-05	0.999905	9.48362e-05	8.9948e-09	-0.212003	54392	1	1	1e+08	16000
1e+08	1.15	-0.45	-0.4	0.999964	3.58514e-05	0.999964	3.58514e-05	8.99921e-09	-0.187008	54392	1	1	1e+08	16000
1e+08	1.15	-0.45	-0.35	0.999986	1.355e-05	0.999986	1.355e-05	8.99987e-09	-0.162009	54392	1	1	1e+08	16000
1e+08	1.15	-0.45	-0.3	0.999995	5.12101e-06	0.999995	5.12101e-06	8.99997e-09	-0.137009	54392	1	1	1e+08	16000
1e+08	1.15	-0.45	-0.25	0.999998	1.93539e-06	0.999998	1.93539e-06	8.99999e-09	-0.112009	54392	1	1	1e+08	16000
1e+08	1.15	-0.45	-0.2	0.999999	7.31446e-07	0.999999	7.31446e-07	9e-09	-0.087009	54392	1	1	1e+08	16000
1e+08	1.15	-0.45	-0.15	1	2.76436e-07	1	2.76436e-07	9e-09	-0.062009	54392	1	1	1e+08	16000
1e+08	1.15	-0.45	-0.1	1	1.04474e-07	1	1.04474e-07	9e-09	-0.037009	54392	1	1	1e+08	16000
1e+08	1.15	-0.45	-0.05	1	3.94839e-08	1	3.94839e-08	9e-09	-0.012009	54392	1	1	1e+08	16000
1e+08	1.15	-0.45	0	1	1.49222e-08	1	1.49222e-08	9e-09	0.012991	54392	1	1	1e+08	16000
1e+08	1.15	-0.45	0.05	1	5.63956e-09	1	5.63956e-09	9e-09	0.037991	54392	1	1	1e+08	16000
1e+08	1.15	-0.45	0.1	1	2.13137e-09	1	2.13137e-09	9e-09	0.062991	54392	1	1	1e+08	16000
1e+08	1.2	-0.45	-2.85	1	2.63361e-13	1	2.63361e-13	9e-09	0.294192	54392	1	1	1e+08	16000
1e+08	1.2	-0.45	-2.8	1	2.65453e-12	1	2.65453e-12	9e-09	0.234829	54392	1	1	1e+08	16000
1e+08	1.2	-0.45	-2.75	1	1.26044e-11	1	1.26044e-11	9e-09	0.194806	54392	1	1	1e+08	16000
1e+08	1.2	-0.45	-2.7	1	5.52155e-11	1	5.52155e-11	9e-09	0.156853	54392	1	1	1e+08	16000
1e+08	1.2	-0.45	-2.65	1	2.31591e-10	1	2.31591e-10	9e-09	0.120017	54392	1	1	1e+08	16000
1e+08	1.2	-0.45	-2.6	1	9.30343e-10	1	9.30343e-10	9e-09	0.0842892	54392	1	1	1e+08	16000
1e+08	1.2	-0.45	-2.55	1	3.57951e-09	1	3.57951e-09	9e-09	0.0496703	54392	1	1	1e+08	16000
1e+08	1.2	-0.45	-2.5	1	1.31906e-08	1	1.31906e-08	9e-09	0.0161601	54392	1	1	1e+08	16000
1e+08	1.2	-0.45	-2.45	1	4.65546e-08	1	4.65546e-08	9e-09	-0.0162414	54392	1	1	1e+08	16000
1e+08	1.2	-0.45	-2.4	1	1.5737e-07	1	1.5737e-07	9e-09	-0.0475343	54392	1	1	1e+08	16000
1e+08	1.2	-0.45	-2.35	0.999999	5.09494e-07	1	5.09494e-07	9e-09	-0.0777184	54392	1	1	1e+08	16000
1e+08	1.2	-0.45	-2.3	0.999998	1.57985e-06	0.999998	1.57985e-06	9e-09	-0.106794	54392	1	1	1e+08	16000
1e+08	1.2	-0.45	-2.25	0.999995	4.69194e-06	0.999995	4.69194e-06	8.99999e-09	-0.134761	54392	1	1	1e+08	16000
1e+08	1.2	-0.45	-2.2	0.999987	1.33458e-05	0.999987	1.33458e-05	8.99995e-09	-0.161619	54392	1	1	1e+08	16000
1e+08	1.2	-0.45	-2.15	0.999964	3.63574e-05	0.999964	3.63574e-05	8.9998e-09	-0.187369	54392	1	1	1e+08	16000
1e+08	1.2	-0.45	-2.1	0.999905	9.48585e-05	0.999905	9.48585e-05	8.99898e-09	-0.212009	54392	1	1	1e+08	16000
1e+08	1.2	-0.45	-2.05	0.999763	0.00023698	0.999763	0.00023698	8.99447e-09	-0.235536	54392	1	1	1e+08	16000
1e+08	1.2	-0.45	-2	0.999434	0.000566354	0.999434	0.000566354	8.97025e-09	-0.257929	54392	1	1	1e+08	16000
1e+08	1.2	-0.45	-1.95	0.998711	0.0012891	0.998711	0.0012891	8.84964e-09	-0.279079	54392	1	1	1e+08	16000
1e+08	1.2	-0.45	-1.9	0.997257	0.00274335	0.997257	0.00274335	8.32614e-09	-0.298521	54392	1	1	1e+08	16000
1e+08	1.2	-0.45	-1.85	0.994855	0.00514547	0.994855	0.00514547	6.63979e-09	-0.314742	54392	1	1	1e+08	16000
1e+08	1.2	-0.45	-1.8	0.992279	0.00772074	0.992279	0.00772074	3.69492e-09	-0.325234	54392	1	1	1e+08	16000
1e+08	1.2	-0.45	-1.75	0.99077	0.00923049	0.99077	0.00923049	1.42146e-09	-0.329862	54392	1	1	1e+08	16000
1e+08	1.2	-0.45	-1.7	0.990206	0.00979409	0.990206	0.00979409	4.69115e-10	-0.3314	54392	1	1	1e+08	16000
1e+08	1.2	-0.45	-1.65	0.990027	0.00997281	0.990027	0.00997281	1.55369e-10	-0.331869	54392	1	1	1e+08	16000
1e+08	1.2	-0.45	-1.6	0.989991	0.0100086	0.989991	0.0100086	9.1799e-11	-0.331962	54392	1	1	1e+08	16000
1e+08	1.2	-0.45	-1.55	0.989991	0.0100086	0.989991	0.0100086	9.1799e-11	-0.331962	54392	1	1	1e+08	16000
1e+08	1.2	-0.45	-1.5	0.989991	0.0100086	0.989991	0.0100086	9.1799e-11	-0.331962	54392	1	1	1e+08	16000
1e+08	1.2	-0.45	-1.45	0.989991	0.0100086	0.989991	0.0100086	9.1799e-11	-0.331962	54392	1	1	1e+08	16000
1e+08	1.2	-0.45	-1.4	0.989991	0.0100086	0.989991	0.0100086	9.1799e-11	-0.331962	54392	1	1	1e+08	16000
1e+08	1.2	-0.45	-1.35	0.989991	0.0100086	0.989991	0.0100086	9.1799e-11	-0.331962	54392	1	1	1e+08	16000
1e+08	1.2	-0.45	-1.3	0.989991	0.0100086	0.989991	0.0100086	9.1799e-11	-0.331962	54392	1	1	1e+08	16000
1e+08	1.2	-0.45	-1.25	0.989991	0.0100086	0.989991	0.0100086	9.1799e-11	-0.331962	54392	1	1	1e+08	16000
1e+08	1.2	-0.45	-1.2	0.989991	0.0100086	0.989991	0.0100086	9.17991e-11	-0.331962	54392	1	1	1e+08	16000
1e+08	1.2	-0.45	-1.15	0.989991	0.0100086	0.989991	0.0100086	9.17992e-11	-0.331962	54392	1	1	1e+08	16000
1e+08	1.2	-0.45	-1.1	0.989991	0.0100086	0.989991	0.0100086	9.18001e-11	-0.331962	54392	1	1	1e+08	16000
1e+08	1.2	-0.45	-1.05	0.989991	0.0100086	0.989991	0.0100086	9.18063e-11	-0.331962	54392	1	1	1e+08	16000
1e+08	1.2	-0.45	-1	0.989991	0.0100086	0.989991	0.0100086	9.18496e-11	-0.331962	54392	1	1	1e+08	16000
1e+08	1.2	-0.45	-0.95	0.989992	0.0100084	0.989992	0.0100084	9.21529e-11	-0.331961	54392	1	1	1e+08	16000
1e+08	1.2	-0.45	-0.9	0.989993	0.0100072	0.989993	0.0100072	9.42761e-11	-0.331958	54392	1	1	1e+08	16000
1e+08	1.2	-0.45	-0.85	0.990001	0.00999888	0.990001	0.00999888	1.09113e-10	-0.331937	54392	1	1	1e+08	16000
1e+08	1.2	-0.45	-0.8	0.990059	0.00994101	0.990059	0.00994101	2.1161e-10	-0.331786	54392	1	1	1e+08	16000
1e+08	1.2	-0.45	-0.75	0.990438	0.00956229	0.990438	0.00956229	8.67631e-10	-0.330778	54392	1	1	1e+08	16000
1e+08	1.2	-0.45	-0.7	0.992249	0.0077506	0.992249	0.0077506	3.65387e-09	-0.325334	54392	1	1	1e+08	16000
1e+08	1.2	-0.45	-0.65	0.995791	0.00420863	0.995791	0.00420863	7.41923e-09	-0.309554	54392	1	1	1e+08	16000
1e+08	1.2	-0.45	-0.6	0.998271	0.0017292	0.998271	0.0017292	8.7308e-09	-0.286637	54392	1	1	1e+08	16000
1e+08	1.2	-0.45	-0.55	0.999338	0.000662467	0.999338	0.000662467	8.95955e-09	-0.261959	54392	1	1	1e+08	16000
1e+08	1.2	-0.45	-0.5	0.999749	0.000250902	0.999749	0.000250902	8.99384e-09	-0.237003	54392	1	1	1e+08	16000
1e+08	1.2	-0.45	-0.45	0.999905	9.48584e-05	0.999905	9.48584e-05	8.99898e-09	-0.212009	54392	1	1	1e+08	16000
1e+08	1.2	-0.45	-0.4	0.999964	3.58526e-05	0.999964	3.58526e-05	8.9998e-09	-0.187009	54392	1	1	1e+08	16000
1e+08	1.2	-0.45	-0.35	0.999986	1.35501e-05	0.999986	1.35501e-05	8.99995e-09	-0.162009	54392	1	1	1e+08	16000
1e+08	1.2	-0.45	-0.3	0.999995	5.12103e-06	0.999995	5.12103e-06	8.99999e-09	-0.137009	54392	1	1	1e+08	16000
1e+08	1.2	-0.45	-0.25	0.999998	1.9354e-06	0.999998	1.9354e-06	9e-09	-0.112009	54392	1	1	1e+08	16000
1e+08	1.2	-0.45	-0.2	0.999999	7.31448e-07	0.999999	7.31448e-07	9e-09	-0.0870091	54392	1	1	1e+08	16000
1e+08	1.2	-0.45	-0.15	1	2.76437e-07	1	2.76437e-07	9e-09	-0.0620091	54392	1	1	1e+08	16000
1e+08	1.2	-0.45	-0.1	1	1.04474e-07	1	1.04474e-07	9e-09	-0.0370091	54392	1	1	1e+08	16000
1e+08	1.2	-0.45	-0.05	1	3.9484e-08	1	3.9484e-08	9e-09	-0.0120091	54392	1	1	1e+08	16000
1e+08	1.2	-0.45	0	1	1.49222e-08	1	1.49222e-08	9e-09	0.0129909	54392	1	1	1e+08	16000
1e+08	1.2	-0.45	0.05	1	5.63958e-09	1	5.63958e-09	9e-09	0.0379909	54392	1	1	1e+08	16000
1e+08	1.2	-0.45	0.1	1	2.13137e-09	1	2.13137e-09	9e-09	0.0629909	54392	1	1	1e+08	16000
1e+08	1.2	-0.45	0.15	1	8.05511e-10	1	8.05511e-10	9e-09	0.0879909	54392	1	1	1e+08	16000
1e+08	1.25	-0.45	-2.8	1	5.04011e-12	1	5.04011e-12	9e-09	0.218356	54392	1	1	1e+08	16000
1e+08	1.25	-0.45	-2.75	1	3.28627e-11	1	3.28627e-11	9e-09	0.170185	54392	1	1	1e+08	16000
1e+08	1.25	-0.45	-2.7	1	1.44071e-10	1	1.44071e-10	9e-09	0.132212	54392	1	1	1e+08	16000
1e+08	1.25	-0.45	-2.65	1	6.04279e-10	1	6.04279e-10	9e-09	0.095376	54392	1	1	1e+08	16000
1e+08	1.25	-0.45	-2.6	1	2.42749e-09	1	2.42749e-09	9e-09	0.0596485	54392	1	1	1e+08	16000
1e+08	1.25	-0.45	-2.55	1	9.33982e-09	1	9.33982e-09	9e-09	0.0250296	54392	1	1	1e+08	16000
1e+08	1.25	-0.45	-2.5	1	3.44174e-08	1	3.44174e-08	9e-09	-0.00848065	54392	1	1	1e+08	16000
1e+08	1.25	-0.45	-2.45	1	1.21472e-07	1	1.21472e-07	9e-09	-0.0408822	54392	1	1	1e+08	16000
1e+08	1.25	-0.45	-2.4	1	4.10616e-07	1	4.10616e-07	9e-09	-0.072175	54392	1	1	1e+08	16000
1e+08	1.25	-0.45	-2.35	0.999999	1.3294e-06	0.999999	1.3294e-06	9e-09	-0.102359	54392	1	1	1e+08	16000
1e+08	1.25	-0.45	-2.3	0.999996	4.12222e-06	0.999996	4.12222e-06	8.99999e-09	-0.131435	54392	1	1	1e+08	16000
1e+08	1.25	-0.45	-2.25	0.999988	1.22424e-05	0.999988	1.22424e-05	8.99997e-09	-0.159402	54392	1	1	1e+08	16000
1e+08	1.25	-0.45	-2.2	0.999965	3.48221e-05	0.999965	3.48221e-05	8.9999e-09	-0.18626	54392	1	1	1e+08	16000
1e+08	1.25	-0.45	-2.15	0.999905	9.48621e-05	0.999905	9.48621e-05	8.99966e-09	-0.21201	54392	1	1	1e+08	16000
1e+08	1.25	-0.45	-2.1	0.999753	0.000247486	0.999753	0.000247486	8.99863e-09	-0.236651	54392	1	1	1e+08	16000
1e+08	1.25	-0.45	-2.05	0.999382	0.000618191	0.999382	0.000618191	8.9936e-09	-0.260181	54392	1	1	1e+08	16000
1e+08	1.25	-0.45	-2	0.998523	0.00147691	0.998523	0.00147691	8.96818e-09	-0.282579	54392	1	1	1e+08	16000
1e+08	1.25	-0.45	-1.95	0.996641	0.00335924	0.996641	0.00335924	8.84522e-09	-0.303741	54392	1	1	1e+08	16000
1e+08	1.25	-0.45	-1.9	0.992861	0.00713938	0.992861	0.00713938	8.31939e-09	-0.323208	54392	1	1	1e+08	16000
1e+08	1.25	-0.45	-1.85	0.98663	0.0133702	0.98663	0.0133702	6.63984e-09	-0.339489	54392	1	1	1e+08	16000
1e+08	1.25	-0.45	-1.8	0.979939	0.0200605	0.979939	0.0200605	3.71001e-09	-0.350088	54392	1	1	1e+08	16000
1e+08	1.25	-0.45	-1.75	0.975992	0.0240084	0.975992	0.0240084	1.43386e-09	-0.354808	54392	1	1	1e+08	16000
1e+08	1.25	-0.45	-1.7	0.974509	0.0254909	0.974509	0.0254909	4.74273e-10	-0.356386	54392	1	1	1e+08	16000
1e+08	1.25	-0.45	-1.65	0.974038	0.0259622	0.974038	0.0259622	1.57199e-10	-0.356869	54392	1	1	1e+08	16000
1e+08	1.25	-0.45	-1.6	0.973943	0.0260567	0.973943	0.0260567	9.28956e-11	-0.356965	54392	1	1	1e+08	16000
1e+08	1.25	-0.45	-1.55	0.973943	0.0260567	0.973943	0.0260567	9.28956e-11	-0.356965	54392	1	1	1e+08	16000
1e+08	1.25	-0.45	-1.5	0.973943	0.0260567	0.973943	0.0260567	9.28956e-11	-0.356965	54392	1	1	1e+08	16000
1e+08	1.25	-0.45	-1.45	0.973943	0.0260567	0.973943	0.0260567	9.28956e-11	-0.356965	54392	1	1	1e+08	16000
1e+08	1.25	-0.45	-1.4	0.973943	0.0260567	0.973943	0.0260567	9.28956e-11	-0.356965	54392	1	1	1e+08	16000
1e+08	1.25	-0.45	-1.35	0.973943	0.0260567	0.973943	0.0260567	9.28956e-11	-0.356965	54392	1	1	1e+08	16000
1e+08	1.25	-0.45	-1.3	0.973943	0.0260567	0.973943	0.0260567	9.28956e-11	-0.356965	54392	1	1	1e+08	16000
1e+08	1.25	-0.45	-1.25	0.973943	0.0260567	0.973943	0.0260567	9.28956e-11	-0.356965	54392	1	1	1e+08	16000
1e+08	1.25	-0.45	-1.2	0.973943	0.0260567	0.973943	0.0260567	9.28957e-11	-0.356965	54392	1	1	1e+08	16000
1e+08	1.25	-0.45	-1.15	0.973943	0.0260567	0.973943	0.0260567	9.28966e-11	-0.356965	54392	1	1	1e+08	16000
1e+08	1.25	-0.45	-1.1	0.973943	0.0260567	0.973943	0.0260567	9.29027e-11	-0.356965	54392	1	1	1e+08	16000
1e+08	1.25	-0.45	-1.05	0.973943	0.0260566	0.973943	0.0260566	9.29453e-11	-0.356965	54392	1	1	1e+08	16000
1e+08	1.25	-0.45	-1	0.973944	0.0260562	0.973944	0.0260562	9.32437e-11	-0.356965	54392	1	1	1e+08	16000
1e+08	1.25	-0.45	-0.95	0.973947	0.0260531	0.973947	0.0260531	9.53326e-11	-0.356962	54392	1	1	1e+08	16000
1e+08	1.25	-0.45	-0.9	0.973968	0.0260317	0.973968	0.0260317	1.09929e-10	-0.35694	54392	1	1	1e+08	16000
1e+08	1.25	-0.45	-0.85	0.974117	0.0258831	0.974117	0.0258831	2.10776e-10	-0.356789	54392	1	1	1e+08	16000
1e+08	1.25	-0.45	-0.8	0.975089	0.0249107	0.975089	0.0249107	8.56604e-10	-0.355779	54392	1	1	1e+08	16000
1e+08	1.25	-0.45	-0.75	0.979749	0.0202506	0.979749	0.0202506	3.60972e-09	-0.350336	54392	1	1	1e+08	16000
1e+08	1.25	-0.45	-0.7	0.988933	0.0110668	0.988933	0.0110668	7.37862e-09	-0.334572	54392	1	1	1e+08	16000
1e+08	1.25	-0.45	-0.65	0.995434	0.00456554	0.995434	0.00456554	8.71788e-09	-0.311655	54392	1	1	1e+08	16000
1e+08	1.25	-0.45	-0.6	0.998248	0.00175157	0.998248	0.00175157	8.95599e-09	-0.286968	54392	1	1	1e+08	16000
1e+08	1.25	-0.45	-0.55	0.999336	0.000663705	0.999336	0.000663705	8.99273e-09	-0.262007	54392	1	1	1e+08	16000
1e+08	1.25	-0.45	-0.5	0.999749	0.000250969	0.999749	0.000250969	8.9986e-09	-0.23701	54392	1	1	1e+08	16000
1e+08	1.25	-0.45	-0.45	0.999905	9.48621e-05	0.999905	9.48621e-05	8.99966e-09	-0.21201	54392	1	1	1e+08	16000
1e+08	1.25	-0.45	-0.4	0.999964	3.58528e-05	0.999964	3.58528e-05	8.9999e-09	-0.187009	54392	1	1	1e+08	16000
1e+08	1.25	-0.45	-0.35	0.999986	1.35501e-05	0.999986	1.35501e-05	8.99997e-09	-0.162009	54392	1	1	1e+08	16000
1e+08	1.25	-0.45	-0.3	0.999995	5.12103e-06	0.999995	5.12103e-06	8.99999e-09	-0.137009	54392	1	1	1e+08	16000
1e+08	1.25	-0.45	-0.25	0.999998	1.9354e-06	0.999998	1.9354e-06	9e-09	-0.112009	54392	1	1	1e+08	16000
1e+08	1.25	-0.45	-0.2	0.999999	7.31448e-07	0.999999	7.31448e-07	9e-09	-0.0870091	54392	1	1	1e+08	16000
1e+08	1.25	-0.45	-0.15	1	2.76437e-07	1	2.76437e-07	9e-09	-0.0620091	54392	1	1	1e+08	16000
1e+08	1.25	-0.45	-0.1	1	1.04474e-07	1	1.04474e-07	9e-09	-0.0370091	54392	1	1	1e+08	16000
1e+08	1.25	-0.45	-0.05	1	3.9484e-08	1	3.9484e-08	9e-09	-0.0120091	54392	1	1	1e+08	16000
1e+08	1.25	-0.45	0	1	1.49222e-08	1	1.49222e-08	9e-09	0.0129909	54392	1	1	1e+08	16000
1e+08	1.25	-0.45	0.05	1	5.63958e-09	1	5.63958e-09	9e-09	0.0379909	54392	1	1	1e+08	16000
1e+08	1.25	-0.45	0.1	1	2.13137e-09	1	2.13137e-09	9e-09	0.0629909	54392	1	1	1e+08	16000
1e+08	1.25	-0.45	0.15	1	8.05511e-10	1	8.05511e-10	9e-09	0.0879909	54392	1	1	1e+08	16000
1e+08	1.25	-0.45	0.2	1	3.04428e-10	1	3.04428e-10	9e-09	0.112991	54392	1	1	1e+08	16000
1e+08	1.3	-0.45	-2.8	1	6.37743e-12	1	6.37743e-12	9e-09	0.21231	54392	1	1	1e+08	16000
1e+08	1.3	-0.45	-2.75	1	8.25042e-11	1	8.25042e-11	9e-09	0.146535	54392	1	1	1e+08	16000
1e+08	1.3	-0.45	-2.7	1	3.92518e-10	1	3.92518e-10	9e-09	0.106461	54392	1	1	1e+08	16000
1e+08	1.3	-0.45	-2.65	1	1.64624e-09	1	1.64624e-09	9e-09	0.0696266	54392	1	1	1e+08	16000
1e+08	1.3	-0.45	-2.6	1	6.61324e-09	1	6.61324e-09	9e-09	0.033899	54392	1	1	1e+08	16000
1e+08	1.3	-0.45	-2.55	1	2.54445e-08	1	2.54445e-08	9e-09	-0.000719895	54392	1	1	1e+08	16000
1e+08	1.3	-0.45	-2.5	1	9.37636e-08	1	9.37636e-08	9e-09	-0.0342301	54392	1	1	1e+08	16000
1e+08	1.3	-0.45	-2.45	1	3.30928e-07	1	3.30928e-07	9e-09	-0.0666316	54392	1	1	1e+08	16000
1e+08	1.3	-0.45	-2.4	0.999999	1.11864e-06	0.999999	1.11864e-06	9e-09	-0.0979245	54392	1	1	1e+08	16000
1e+08	1.3	-0.45	-2.35	0.999996	3.62167e-06	0.999996	3.62167e-06	8.99999e-09	-0.128109	54392	1	1	1e+08	16000
1e+08	1.3	-0.45	-2.3	0.999989	1.12301e-05	0.999989	1.12301e-05	8.99997e-09	-0.157184	54392	1	1	1e+08	16000
1e+08	1.3	-0.45	-2.25	0.999967	3.33515e-05	0.999967	3.33515e-05	8.99992e-09	-0.185151	54392	1	1	1e+08	16000
1e+08	1.3	-0.45	-2.2	0.999905	9.48626e-05	0.999905	9.48626e-05	8.99977e-09	-0.21201	54392	1	1	1e+08	16000
1e+08	1.3	-0.45	-2.15	0.999742	0.000258407	0.999742	0.000258407	8.99929e-09	-0.237761	54392	1	1	1e+08	16000
1e+08	1.3	-0.45	-2.1	0.999326	0.000674046	0.999326	0.000674046	8.99765e-09	-0.262405	54392	1	1	1e+08	16000
1e+08	1.3	-0.45	-2.05	0.998317	0.00168301	0.998317	0.00168301	8.99115e-09	-0.28594	54392	1	1	1e+08	16000
1e+08	1.3	-0.45	-2	0.995983	0.00401715	0.995983	0.00401715	8.96238e-09	-0.308353	54392	1	1	1e+08	16000
1e+08	1.3	-0.45	-1.95	0.990881	0.00911873	0.990881	0.00911873	8.83282e-09	-0.329546	54392	1	1	1e+08	16000
1e+08	1.3	-0.45	-1.9	0.980692	0.0193079	0.980692	0.0193079	8.30015e-09	-0.349086	54392	1	1	1e+08	16000
1e+08	1.3	-0.45	-1.85	0.963999	0.0360009	0.963999	0.0360009	6.63854e-09	-0.365534	54392	1	1	1e+08	16000
1e+08	1.3	-0.45	-1.8	0.946009	0.0539909	0.946009	0.0539909	3.75079e-09	-0.376431	54392	1	1	1e+08	16000
1e+08	1.3	-0.45	-1.75	0.935202	0.0647984	0.935202	0.0647984	1.46872e-09	-0.381414	54392	1	1	1e+08	16000
1e+08	1.3	-0.45	-1.7	0.931075	0.068925	0.931075	0.068925	4.88994e-10	-0.383114	54392	1	1	1e+08	16000
1e+08	1.3	-0.45	-1.65	0.929753	0.0702471	0.929753	0.0702471	1.62451e-10	-0.383639	54392	1	1	1e+08	16000
1e+08	1.3	-0.45	-1.6	0.929487	0.0705129	0.929487	0.0705129	9.60445e-11	-0.383743	54392	1	1	1e+08	16000
1e+08	1.3	-0.45	-1.55	0.929487	0.0705129	0.929487	0.0705129	9.60445e-11	-0.383743	54392	1	1	1e+08	16000
1e+08	1.3	-0.45	-1.5	0.929487	0.0705129	0.929487	0.0705129	9.60445e-11	-0.383743	54392	1	1	1e+08	16000
1e+08	1.3	-0.45	-1.45	0.929487	0.0705129	0.929487	0.0705129	9.60445e-11	-0.383743	54392	1	1	1e+08	16000
1e+08	1.3	-0.45	-1.4	0.929487	0.0705129	0.929487	0.0705129	9.60445e-11	-0.383743	54392	1	1	1e+08	16000
1e+08	1.3	-0.45	-1.35	0.929487	0.0705129	0.929487	0.0705129	9.60445e-11	-0.383743	54392	1	1	1e+08	16000
1e+08	1.3	-0.45	-1.3	0.929487	0.0705129	0.929487	0.0705129	9.60445e-11	-0.383743	54392	1	1	1e+08	16000
1e+08	1.3	-0.45	-1.25	0.929487	0.0705129	0.929487	0.0705129	9.60447e-11	-0.383743	54392	1	1	1e+08	16000
1e+08	1.3	-0.45	-1.2	0.929487	0.0705129	0.929487	0.0705129	9.60456e-11	-0.383743	54392	1	1	1e+08	16000
1e+08	1.3	-0.45	-1.15	0.929487	0.0705129	0.929487	0.0705129	9.60523e-11	-0.383743	54392	1	1	1e+08	16000
1e+08	1.3	-0.45	-1.1	0.929487	0.0705127	0.929487	0.0705127	9.6099e-11	-0.383743	54392	1	1	1e+08	16000
1e+08	1.3	-0.45	-1.05	0.929489	0.0705114	0.929489	0.0705114	9.64258e-11	-0.383742	54392	1	1	1e+08	16000
1e+08	1.3	-0.45	-1	0.929498	0.0705023	0.929498	0.0705023	9.87135e-11	-0.383739	54392	1	1	1e+08	16000
1e+08	1.3	-0.45	-0.95	0.929562	0.0704384	0.929562	0.0704384	1.14696e-10	-0.383714	54392	1	1	1e+08	16000
1e+08	1.3	-0.45	-0.9	0.930004	0.069996	0.930004	0.069996	2.24932e-10	-0.38354	54392	1	1	1e+08	16000
1e+08	1.3	-0.45	-0.85	0.932874	0.0671263	0.932874	0.0671263	9.23411e-10	-0.382385	54392	1	1	1e+08	16000
1e+08	1.3	-0.45	-0.8	0.946133	0.0538674	0.946133	0.0538674	3.77449e-09	-0.376369	54392	1	1	1e+08	16000
1e+08	1.3	-0.45	-0.75	0.970863	0.0291369	0.970863	0.0291369	7.4404e-09	-0.359917	54392	1	1	1e+08	16000
1e+08	1.3	-0.45	-0.7	0.987965	0.0120349	0.987965	0.0120349	8.71766e-09	-0.336751	54392	1	1	1e+08	16000
1e+08	1.3	-0.45	-0.65	0.995373	0.00462686	0.995373	0.00462686	8.95171e-09	-0.311999	54392	1	1	1e+08	16000
1e+08	1.3	-0.45	-0.6	0.998245	0.00175498	0.998245	0.00175498	8.99054e-09	-0.287018	54392	1	1	1e+08	16000
1e+08	1.3	-0.45	-0.55	0.999336	0.00066389	0.999336	0.00066389	8.9977e-09	-0.262014	54392	1	1	1e+08	16000
1e+08	1.3	-0.45	-0.5	0.999749	0.000250979	0.999749	0.000250979	8.99931e-09	-0.237011	54392	1	1	1e+08	16000
1e+08	1.3	-0.45	-0.45	0.999905	9.48626e-05	0.999905	9.48626e-05	8.99977e-09	-0.21201	54392	1	1	1e+08	16000
1e+08	1.3	-0.45	-0.4	0.999964	3.58529e-05	0.999964	3.58529e-05	8.99992e-09	-0.187009	54392	1	1	1e+08	16000
1e+08	1.3	-0.45	-0.35	0.999986	1.35501e-05	0.999986	1.35501e-05	8.99997e-09	-0.162009	54392	1	1	1e+08	16000
1e+08	1.3	-0.45	-0.3	0.999995	5.12103e-06	0.999995	5.12103e-06	8.99999e-09	-0.137009	54392	1	1	1e+08	16000
1e+08	1.3	-0.45	-0.25	0.999998	1.9354e-06	0.999998	1.9354e-06	9e-09	-0.112009	54392	1	1	1e+08	16000
1e+08	1.3	-0.45	-0.2	0.999999	7.31448e-07	0.999999	7.31448e-07	9e-09	-0.0870091	54392	1	1	1e+08	16000
1e+08	1.3	-0.45	-0.15	1	2.76437e-07	1	2.76437e-07	9e-09	-0.0620091	54392	1	1	1e+08	16000
1e+08	1.3	-0.45	-0.1	1	1.04474e-07	1	1.04474e-07	9e-09	-0.0370091	54392	1	1	1e+08	16000
1e+08	1.3	-0.45	-0.05	1	3.9484e-08	1	3.9484e-08	9e-09	-0.0120091	54392	1	1	1e+08	16000
1e+08	1.3	-0.45	0	1	1.49222e-08	1	1.49222e-08	9e-09	0.0129909	54392	1	1	1e+08	16000
1e+08	1.3	-0.45	0.05	1	5.63958e-09	1	5.63958e-09	9e-09	0.0379909	54392	1	1	1e+08	16000
1e+08	1.3	-0.45	0.1	1	2.13137e-09	1	2.13137e-09	9e-09	0.0629909	54392	1	1	1e+08	16000
1e+08	1.3	-0.45	0.15	1	8.05511e-10	1	8.05511e-10	9e-09	0.0879909	54392	1	1	1e+08	16000
1e+08	1.3	-0.45	0.2	1	3.04428e-10	1	3.04428e-10	9e-09	0.112991	54392	1	1	1e+08	16000
1e+08	1.3	-0.45	0.25	1	1.15053e-10	1	1.15053e-10	9e-09	0.137991	54392	1	1	1e+08	16000
1e+08	1.3	-0.45	0.3	1	4.3482e-11	1	4.3482e-11	9e-09	0.162991	54392	1	1	1e+08	16000
1e+08	1.35	-0.45	-2.7	1	1.09844e-09	1	1.09844e-09	9e-09	0.0800218	54392	1	1	1e+08	16000
1e+08	1.35	-0.45	-2.65	1	4.68263e-09	1	4.68263e-09	9e-09	0.0427684	54392	1	1	1e+08	16000
1e+08	1.35	-0.45	-2.6	1	1.88109e-08	1	1.88109e-08	9e-09	0.00704086	54392	1	1	1e+08	16000
1e+08	1.35	-0.45	-2.55	1	7.23754e-08	1	7.23754e-08	9e-09	-0.027578	54392	1	1	1e+08	16000
1e+08	1.35	-0.45	-2.5	1	2.66705e-07	1	2.66705e-07	9e-09	-0.0610882	54392	1	1	1e+08	16000
1e+08	1.35	-0.45	-2.45	0.999999	9.41303e-07	0.999999	9.41303e-07	9e-09	-0.0934898	54392	1	1	1e+08	16000
1e+08	1.35	-0.45	-2.4	0.999997	3.18191e-06	0.999997	3.18191e-06	8.99999e-09	-0.124783	54392	1	1	1e+08	16000
1e+08	1.35	-0.45	-2.35	0.99999	1.03016e-05	0.99999	1.03016e-05	8.99998e-09	-0.154967	54392	1	1	1e+08	16000
1e+08	1.35	-0.45	-2.3	0.999968	3.1943e-05	0.999968	3.1943e-05	8.99993e-09	-0.184043	54392	1	1	1e+08	16000
1e+08	1.35	-0.45	-2.25	0.999905	9.48627e-05	0.999905	9.48627e-05	8.99978e-09	-0.21201	54392	1	1	1e+08	16000
1e+08	1.35	-0.45	-2.2	0.99973	0.000269801	0.99973	0.000269801	8.99936e-09	-0.23887	54392	1	1	1e+08	16000
1e+08	1.35	-0.45	-2.15	0.999265	0.000734802	0.999265	0.000734802	8.99819e-09	-0.264624	54392	1	1	1e+08	16000
1e+08	1.35	-0.45	-2.1	0.998084	0.00191578	0.998084	0.00191578	8.99478e-09	-0.289275	54392	1	1	1e+08	16000
1e+08	1.35	-0.45	-2.05	0.995222	0.0047779	0.995222	0.0047779	8.98399e-09	-0.312828	54392	1	1	1e+08	16000
1e+08	1.35	-0.45	-2	0.988627	0.0113735	0.988627	0.0113735	8.9454e-09	-0.335282	54392	1	1	1e+08	16000
1e+08	1.35	-0.45	-1.95	0.974333	0.0256668	0.974333	0.0256668	8.79619e-09	-0.356567	54392	1	1	1e+08	16000
1e+08	1.35	-0.45	-1.9	0.946244	0.0537555	0.946245	0.0537555	8.24131e-09	-0.376312	54392	1	1	1e+08	16000
1e+08	1.35	-0.45	-1.85	0.901112	0.098888	0.901112	0.098888	6.62274e-09	-0.393229	54392	1	1	1e+08	16000
1e+08	1.35	-0.45	-1.8	0.85221	0.14779	0.85221	0.14779	3.85594e-09	-0.404986	54392	1	1	1e+08	16000
1e+08	1.35	-0.45	-1.75	0.821392	0.178608	0.821392	0.178608	1.57027e-09	-0.410798	54392	1	1	1e+08	16000
1e+08	1.35	-0.45	-1.7	0.809013	0.190987	0.809013	0.190987	5.34062e-10	-0.41291	54392	1	1	1e+08	16000
1e+08	1.35	-0.45	-1.65	0.804946	0.195054	0.804946	0.195054	1.78807e-10	-0.413581	54392	1	1	1e+08	16000
1e+08	1.35	-0.45	-1.6	0.804121	0.195879	0.804121	0.195879	1.05886e-10	-0.413716	54392	1	1	1e+08	16000
1e+08	1.35	-0.45	-1.55	0.804121	0.195879	0.804121	0.195879	1.05886e-10	-0.413716	54392	1	1	1e+08	16000
1e+08	1.35	-0.45	-1.5	0.804121	0.195879	0.804121	0.195879	1.05886e-10	-0.413716	54392	1	1	1e+08	16000
1e+08	1.35	-0.45	-1.45	0.804121	0.195879	0.804121	0.195879	1.05886e-10	-0.413716	54392	1	1	1e+08	16000
1e+08	1.35	-0.45	-1.4	0.804121	0.195879	0.804121	0.195879	1.05886e-10	-0.413716	54392	1	1	1e+08	16000
1e+08	1.35	-0.45	-1.35	0.804121	0.195879	0.804121	0.195879	1.05886e-10	-0.413716	54392	1	1	1e+08	16000
1e+08	1.35	-0.45	-1.3	0.804121	0.195879	0.804121	0.195879	1.05886e-10	-0.413716	54392	1	1	1e+08	16000
1e+08	1.35	-0.45	-1.25	0.804121	0.195879	0.804121	0.195879	1.05887e-10	-0.413716	54392	1	1	1e+08	16000
1e+08	1.35	-0.45	-1.2	0.804121	0.195879	0.804121	0.195879	1.05896e-10	-0.413716	54392	1	1	1e+08	16000
1e+08	1.35	-0.45	-1.15	0.804122	0.195878	0.804122	0.195878	1.05955e-10	-0.413715	54392	1	1	1e+08	16000
1e+08	1.35	-0.45	-1.1	0.804127	0.195873	0.804127	0.195873	1.06371e-10	-0.413715	54392	1	1	1e+08	16000
1e+08	1.35	-0.45	-1.05	0.80416	0.19584	0.80416	0.19584	1.09278e-10	-0.413709	54392	1	1	1e+08	16000
1e+08	1.35	-0.45	-1	0.804389	0.195611	0.804389	0.195611	1.29572e-10	-0.413672	54392	1	1	1e+08	16000
1e+08	1.35	-0.45	-0.95	0.805968	0.194032	0.805968	0.194032	2.68736e-10	-0.413413	54392	1	1	1e+08	16000
1e+08	1.35	-0.45	-0.9	0.815911	0.184089	0.815911	0.184089	1.11981e-09	-0.411747	54392	1	1	1e+08	16000
1e+08	1.35	-0.45	-0.85	0.857098	0.142902	0.857098	0.142902	4.17997e-09	-0.403974	54392	1	1	1e+08	16000
1e+08	1.35	-0.45	-0.8	0.924161	0.0758386	0.924161	0.0758386	7.56139e-09	-0.385761	54392	1	1	1e+08	16000
1e+08	1.35	-0.45	-0.75	0.968486	0.0315142	0.968486	0.0315142	8.70927e-09	-0.361995	54392	1	1	1e+08	16000
1e+08	1.35	-0.45	-0.7	0.987812	0.0121876	0.987812	0.0121876	8.93931e-09	-0.337079	54392	1	1	1e+08	16000
1e+08	1.35	-0.45	-0.65	0.995365	0.00463542	0.995365	0.00463542	8.98461e-09	-0.312047	54392	1	1	1e+08	16000
1e+08	1.35	-0.45	-0.6	0.998245	0.00175545	0.998245	0.00175545	8.99528e-09	-0.287025	54392	1	1	1e+08	16000
1e+08	1.35	-0.45	-0.55	0.999336	0.000663915	0.999336	0.000663915	8.99837e-09	-0.262015	54392	1	1	1e+08	16000
1e+08	1.35	-0.45	-0.5	0.999749	0.00025098	0.999749	0.00025098	8.99941e-09	-0.237011	54392	1	1	1e+08	16000
1e+08	1.35	-0.45	-0.45	0.999905	9.48627e-05	0.999905	9.48627e-05	8.99978e-09	-0.21201	54392	1	1	1e+08	16000
1e+08	1.35	-0.45	-0.4	0.999964	3.58529e-05	0.999964	3.58529e-05	8.99992e-09	-0.187009	54392	1	1	1e+08	16000
1e+08	1.35	-0.45	-0.35	0.999986	1.35501e-05	0.999986	1.35501e-05	8.99997e-09	-0.162009	54392	1	1	1e+08	16000
1e+08	1.35	-0.45	-0.3	0.999995	5.12103e-06	0.999995	5.12103e-06	8.99999e-09	-0.137009	54392	1	1	1e+08	16000
1e+08	1.35	-0.45	-0.25	0.999998	1.9354e-06	0.999998	1.9354e-06	9e-09	-0.112009	54392	1	1	1e+08	16000
1e+08	1.35	-0.45	-0.2	0.999999	7.31448e-07	0.999999	7.31448e-07	9e-09	-0.0870091	54392	1	1	1e+08	16000
1e+08	1.35	-0.45	-0.15	1	2.76437e-07	1	2.76437e-07	9e-09	-0.0620091	54392	1	1	1e+08	16000
1e+08	1.35	-0.45	-0.1	1	1.04474e-07	1	1.04474e-07	9e-09	-0.0370091	54392	1	1	1e+08	16000
1e+08	1.35	-0.45	-0.05	1	3.9484e-08	1	3.9484e-08	9e-09	-0.0120091	54392	1	1	1e+08	16000
1e+08	1.35	-0.45	0	1	1.49222e-08	1	1.49222e-08	9e-09	0.0129909	54392	1	1	1e+08	16000
1e+08	1.35	-0.45	0.05	1	5.63958e-09	1	5.63958e-09	9e-09	0.0379909	54392	1	1	1e+08	16000
1e+08	1.35	-0.45	0.1	1	2.13137e-09	1	2.13137e-09	9e-09	0.0629909	54392	1	1	1e+08	16000
1e+08	1.35	-0.45	0.15	1	8.05511e-10	1	8.05511e-10	9e-09	0.0879909	54392	1	1	1e+08	16000
1e+08	1.35	-0.45	0.2	1	3.04428e-10	1	3.04428e-10	9e-09	0.112991	54392	1	1	1e+08	16000
1e+08	1.35	-0.45	0.25	1	1.15053e-10	1	1.15053e-10	9e-09	0.137991	54392	1	1	1e+08	16000
1e+08	1.35	-0.45	0.3	1	4.3482e-11	1	4.3482e-11	9e-09	0.162991	54392	1	1	1e+08	16000
1e+08	1.35	-0.45	0.35	1	1.64332e-11	1	1.64332e-11	9e-09	0.187991	54392	1	1	1e+08	16000
1e+08	1.4	-0.45	-2.65	1	1.38767e-08	1	1.38767e-08	9e-09	0.0148572	54392	1	1	1e+08	16000
1e+08	1.4	-0.45	-2.6	1	5.58658e-08	1	5.58658e-08	9e-09	-0.0209258	54392	1	1	1e+08	16000
1e+08	1.4	-0.45	-2.55	1	2.14945e-07	1	2.14945e-07	9e-09	-0.0555448	54392	1	1	1e+08	16000
1e+08	1.4	-0.45	-2.5	0.999999	7.92077e-07	0.999999	7.92077e-07	9e-09	-0.0890551	54392	1	1	1e+08	16000
1e+08	1.4	-0.45	-2.45	0.999997	2.79554e-06	0.999997	2.79554e-06	8.99999e-09	-0.121457	54392	1	1	1e+08	16000
1e+08	1.4	-0.45	-2.4	0.999991	9.44981e-06	0.999991	9.44981e-06	8.99998e-09	-0.15275	54392	1	1	1e+08	16000
1e+08	1.4	-0.45	-2.35	0.999969	3.05939e-05	0.999969	3.05939e-05	8.99993e-09	-0.182934	54392	1	1	1e+08	16000
1e+08	1.4	-0.45	-2.3	0.999905	9.48627e-05	0.999905	9.48627e-05	8.99978e-09	-0.21201	54392	1	1	1e+08	16000
1e+08	1.4	-0.45	-2.25	0.999718	0.000281696	0.999718	0.000281696	8.99935e-09	-0.239979	54392	1	1	1e+08	16000
1e+08	1.4	-0.45	-2.2	0.999199	0.000801006	0.999199	0.000801006	8.99814e-09	-0.266842	54392	1	1	1e+08	16000
1e+08	1.4	-0.45	-2.15	0.99782	0.00218028	0.99782	0.00218028	8.99485e-09	-0.292604	54392	1	1	1e+08	16000
1e+08	1.4	-0.45	-2.1	0.994324	0.00567614	0.994324	0.00567614	8.98605e-09	-0.317277	54392	1	1	1e+08	16000
1e+08	1.4	-0.45	-2.05	0.985894	0.0141058	0.985894	0.0141058	8.96209e-09	-0.340885	54392	1	1	1e+08	16000
1e+08	1.4	-0.45	-2	0.966697	0.033303	0.966697	0.033303	8.89302e-09	-0.363461	54392	1	1	1e+08	16000
1e+08	1.4	-0.45	-1.95	0.926171	0.0738292	0.926171	0.0738292	8.68062e-09	-0.385016	54392	1	1	1e+08	16000
1e+08	1.4	-0.45	-1.9	0.85051	0.14949	0.85051	0.14949	8.03943e-09	-0.405331	54392	1	1	1e+08	16000
1e+08	1.4	-0.45	-1.85	0.737365	0.262635	0.737366	0.262635	6.47256e-09	-0.423477	54392	1	1	1e+08	16000
1e+08	1.4	-0.45	-1.8	0.618519	0.381481	0.618519	0.381481	4.01333e-09	-0.437584	54392	1	1	1e+08	16000
1e+08	1.4	-0.45	-1.75	0.53717	0.46283	0.53717	0.46283	1.82801e-09	-0.446173	54392	1	1	1e+08	16000
1e+08	1.4	-0.45	-1.7	0.499532	0.500468	0.499532	0.500468	6.73375e-10	-0.450048	54392	1	1	1e+08	16000
1e+08	1.4	-0.45	-1.65	0.485931	0.514069	0.485931	0.514069	2.33257e-10	-0.451446	54392	1	1	1e+08	16000
1e+08	1.4	-0.45	-1.6	0.483072	0.516928	0.483072	0.516928	1.39175e-10	-0.45174	54392	1	1	1e+08	16000
1e+08	1.4	-0.45	-1.55	0.483072	0.516928	0.483072	0.516928	1.39175e-10	-0.45174	54392	1	1	1e+08	16000
1e+08	1.4	-0.45	-1.5	0.483072	0.516928	0.483072	0.516928	1.39175e-10	-0.45174	54392	1	1	1e+08	16000
1e+08	1.4	-0.45	-1.45	0.483072	0.516928	0.483072	0.516928	1.39175e-10	-0.45174	54392	1	1	1e+08	16000
1e+08	1.4	-0.45	-1.4	0.483072	0.516928	0.483072	0.516928	1.39175e-10	-0.45174	54392	1	1	1e+08	16000
1e+08	1.4	-0.45	-1.35	0.483072	0.516928	0.483072	0.516928	1.39175e-10	-0.45174	54392	1	1	1e+08	16000
1e+08	1.4	-0.45	-1.3	0.483072	0.516928	0.483072	0.516928	1.39177e-10	-0.45174	54392	1	1	1e+08	16000
1e+08	1.4	-0.45	-1.25	0.483072	0.516928	0.483072	0.516928	1.39191e-10	-0.45174	54392	1	1	1e+08	16000
1e+08	1.4	-0.45	-1.2	0.483075	0.516925	0.483075	0.516925	1.39288e-10	-0.45174	54392	1	1	1e+08	16000
1e+08	1.4	-0.45	-1.15	0.483096	0.516904	0.483096	0.516904	1.39968e-10	-0.451738	54392	1	1	1e+08	16000
1e+08	1.4	-0.45	-1.1	0.48324	0.51676	0.48324	0.51676	1.44726e-10	-0.451723	54392	1	1	1e+08	16000
1e+08	1.4	-0.45	-1.05	0.484244	0.515756	0.484244	0.515756	1.77811e-10	-0.45162	54392	1	1	1e+08	16000
1e+08	1.4	-0.45	-1	0.491011	0.508989	0.491011	0.508989	3.9907e-10	-0.450924	54392	1	1	1e+08	16000
1e+08	1.4	-0.45	-0.95	0.529057	0.470943	0.529057	0.470943	1.58692e-09	-0.44701	54392	1	1	1e+08	16000
1e+08	1.4	-0.45	-0.9	0.649332	0.350668	0.649332	0.350668	4.7331e-09	-0.434171	54392	1	1	1e+08	16000
1e+08	1.4	-0.45	-0.85	0.811628	0.188372	0.811628	0.188372	7.58415e-09	-0.412473	54392	1	1	1e+08	16000
1e+08	1.4	-0.45	-0.8	0.919115	0.0808848	0.919115	0.0808848	8.63436e-09	-0.387557	54392	1	1	1e+08	16000
1e+08	1.4	-0.45	-0.75	0.968146	0.0318536	0.968146	0.0318536	8.89894e-09	-0.36228	54392	1	1	1e+08	16000
1e+08	1.4	-0.45	-0.7	0.987793	0.0122071	0.987793	0.0122071	8.96783e-09	-0.337121	54392	1	1	1e+08	16000
1e+08	1.4	-0.45	-0.65	0.995364	0.0046365	0.995364	0.0046365	8.98874e-09	-0.312053	54392	1	1	1e+08	16000
1e+08	1.4	-0.45	-0.6	0.998245	0.00175551	0.998245	0.00175551	8.99587e-09	-0.287026	54392	1	1	1e+08	16000
1e+08	1.4	-0.45	-0.55	0.999336	0.000663919	0.999336	0.000663919	8.99846e-09	-0.262015	54392	1	1	1e+08	16000
1e+08	1.4	-0.45	-0.5	0.999749	0.000250981	0.999749	0.000250981	8.99942e-09	-0.237012	54392	1	1	1e+08	16000
1e+08	1.4	-0.45	-0.45	0.999905	9.48627e-05	0.999905	9.48627e-05	8.99978e-09	-0.21201	54392	1	1	1e+08	16000
1e+08	1.4	-0.45	-0.4	0.999964	3.58529e-05	0.999964	3.58529e-05	8.99992e-09	-0.187009	54392	1	1	1e+08	16000
1e+08	1.4	-0.45	-0.35	0.999986	1.35501e-05	0.999986	1.35501e-05	8.99997e-09	-0.162009	54392	1	1	1e+08	16000
1e+08	1.4	-0.45	-0.3	0.999995	5.12103e-06	0.999995	5.12103e-06	8.99999e-09	-0.137009	54392	1	1	1e+08	16000
1e+08	1.4	-0.45	-0.25	0.999998	1.9354e-06	0.999998	1.9354e-06	9e-09	-0.112009	54392	1	1	1e+08	16000
1e+08	1.4	-0.45	-0.2	0.999999	7.31448e-07	0.999999	7.31448e-07	9e-09	-0.0870091	54392	1	1	1e+08	16000
1e+08	1.4	-0.45	-0.15	1	2.76437e-07	1	2.76437e-07	9e-09	-0.0620091	54392	1	1	1e+08	16000
1e+08	1.4	-0.45	-0.1	1	1.04474e-07	1	1.04474e-07	9e-09	-0.0370091	54392	1	1	1e+08	16000
1e+08	1.4	-0.45	-0.05	1	3.9484e-08	1	3.9484e-08	9e-09	-0.0120091	54392	1	1	1e+08	16000
1e+08	1.4	-0.45	0	1	1.49222e-08	1	1.49222e-08	9e-09	0.0129909	54392	1	1	1e+08	16000
1e+08	1.4	-0.45	0.05	1	5.63958e-09	1	5.63958e-09	9e-09	0.0379909	54392	1	1	1e+08	16000
1e+08	1.4	-0.45	0.1	1	2.13137e-09	1	2.13137e-09	9e-09	0.0629909	54392	1	1	1e+08	16000
1e+08	1.4	-0.45	0.15	1	8.05511e-10	1	8.05511e-10	9e-09	0.0879909	54392	1	1	1e+08	16000
1e+08	1.4	-0.45	0.2	1	3.04428e-10	1	3.04428e-10	9e-09	0.112991	54392	1	1	1e+08	16000
1e+08	1.4	-0.45	0.25	1	1.15053e-10	1	1.15053e-10	9e-09	0.137991	54392	1	1	1e+08	16000
1e+08	1.4	-0.45	0.3	1	4.3482e-11	1	4.3482e-11	9e-09	0.162991	54392	1	1	1e+08	16000
1e+08	1.4	-0.45	0.35	1	1.64332e-11	1	1.64332e-11	9e-09	0.187991	54392	1	1	1e+08	16000
1e+08	1.45	-0.45	-2.6	1	1.73181e-07	1	1.73181e-07	9e-09	-0.0499941	54392	1	1	1e+08	16000
1e+08	1.45	-0.45	-2.55	0.999999	6.66508e-07	0.999999	6.66508e-07	9e-09	-0.0846203	54392	1	1	1e+08	16000
1e+08	1.45	-0.45	-2.5	0.999998	2.45609e-06	0.999998	2.45609e-06	8.99999e-09	-0.118131	54392	1	1	1e+08	16000
1e+08	1.45	-0.45	-2.45	0.999991	8.66846e-06	0.999991	8.66846e-06	8.99998e-09	-0.150532	54392	1	1	1e+08	16000
1e+08	1.45	-0.45	-2.4	0.999971	2.93019e-05	0.999971	2.93019e-05	8.99993e-09	-0.181825	54392	1	1	1e+08	16000
1e+08	1.45	-0.45	-2.35	0.999905	9.48627e-05	0.999905	9.48627e-05	8.99978e-09	-0.21201	54392	1	1	1e+08	16000
1e+08	1.45	-0.45	-2.3	0.999706	0.000294116	0.999706	0.000294116	8.99932e-09	-0.241087	54392	1	1	1e+08	16000
1e+08	1.45	-0.45	-2.25	0.999127	0.000873167	0.999127	0.000873167	8.99799e-09	-0.26906	54392	1	1	1e+08	16000
1e+08	1.45	-0.45	-2.2	0.997519	0.00248116	0.997519	0.00248116	8.99425e-09	-0.295933	54392	1	1	1e+08	16000
1e+08	1.45	-0.45	-2.15	0.993259	0.00674122	0.993259	0.00674122	8.98424e-09	-0.321723	54392	1	1	1e+08	16000
1e+08	1.45	-0.45	-2.1	0.982531	0.0174689	0.982531	0.0174689	8.95818e-09	-0.346466	54392	1	1	1e+08	16000
1e+08	1.45	-0.45	-2.05	0.957075	0.0429254	0.957075	0.0429254	8.8914e-09	-0.37024	54392	1	1	1e+08	16000
1e+08	1.45	-0.45	-2	0.901265	0.0987348	0.901265	0.0987348	8.7198e-09	-0.393184	54392	1	1	1e+08	16000
1e+08	1.45	-0.45	-1.95	0.793096	0.206904	0.793096	0.206904	8.2802e-09	-0.415477	54392	1	1	1e+08	16000
1e+08	1.45	-0.45	-1.9	0.623098	0.376902	0.623098	0.376902	7.25481e-09	-0.437084	54392	1	1	1e+08	16000
1e+08	1.45	-0.45	-1.85	0.429625	0.570375	0.429625	0.570375	5.44918e-09	-0.457281	54392	1	1	1e+08	16000
1e+08	1.45	-0.45	-1.8	0.276181	0.723819	0.276181	0.723819	3.36529e-09	-0.474754	54392	1	1	1e+08	16000
1e+08	1.45	-0.45	-1.75	0.183242	0.816758	0.183242	0.816758	1.73562e-09	-0.488398	54392	1	1	1e+08	16000
1e+08	1.45	-0.45	-1.7	0.135573	0.864427	0.135573	0.864427	7.6983e-10	-0.497597	54392	1	1	1e+08	16000
1e+08	1.45	-0.45	-1.65	0.11426	0.88574	0.11426	0.88574	3.06287e-10	-0.502617	54392	1	1	1e+08	16000
1e+08	1.45	-0.45	-1.6	0.109076	0.890924	0.109076	0.890924	1.90418e-10	-0.50396	54392	1	1	1e+08	16000
1e+08	1.45	-0.45	-1.55	0.109076	0.890924	0.109076	0.890924	1.90418e-10	-0.50396	54392	1	1	1e+08	16000
1e+08	1.45	-0.45	-1.5	0.109076	0.890924	0.109076	0.890924	1.90418e-10	-0.50396	54392	1	1	1e+08	16000
1e+08	1.45	-0.45	-1.45	0.109076	0.890924	0.109076	0.890924	1.90418e-10	-0.50396	54392	1	1	1e+08	16000
1e+08	1.45	-0.45	-1.4	0.109076	0.890924	0.109076	0.890924	1.90419e-10	-0.50396	54392	1	1	1e+08	16000
1e+08	1.45	-0.45	-1.35	0.109076	0.890924	0.109076	0.890924	1.90422e-10	-0.50396	54392	1	1	1e+08	16000
1e+08	1.45	-0.45	-1.3	0.109077	0.890923	0.109077	0.890923	1.90446e-10	-0.50396	54392	1	1	1e+08	16000
1e+08	1.45	-0.45	-1.25	0.109085	0.890915	0.109085	0.890915	1.90617e-10	-0.503958	54392	1	1	1e+08	16000
1e+08	1.45	-0.45	-1.2	0.109138	0.890862	0.109138	0.890862	1.91811e-10	-0.503944	54392	1	1	1e+08	16000
1e+08	1.45	-0.45	-1.15	0.109509	0.890491	0.109509	0.890491	2.00132e-10	-0.503846	54392	1	1	1e+08	16000
1e+08	1.45	-0.45	-1.1	0.112032	0.887968	0.112032	0.887968	2.56639e-10	-0.503187	54392	1	1	1e+08	16000
1e+08	1.45	-0.45	-1.05	0.127139	0.872861	0.127139	0.872861	5.88834e-10	-0.499497	54392	1	1	1e+08	16000
1e+08	1.45	-0.45	-1	0.189048	0.810952	0.189048	0.810952	1.8469e-09	-0.487414	54392	1	1	1e+08	16000
1e+08	1.45	-0.45	-0.95	0.34608	0.65392	0.34608	0.65392	4.39874e-09	-0.466349	54392	1	1	1e+08	16000
1e+08	1.45	-0.45	-0.9	0.591053	0.408947	0.591053	0.408947	7.00799e-09	-0.440537	54392	1	1	1e+08	16000
1e+08	1.45	-0.45	-0.85	0.803463	0.196537	0.803463	0.196537	8.32888e-09	-0.413823	54392	1	1	1e+08	16000
1e+08	1.45	-0.45	-0.8	0.918473	0.081527	0.918473	0.081527	8.7765e-09	-0.387778	54392	1	1	1e+08	16000
1e+08	1.45	-0.45	-0.75	0.968107	0.0318931	0.968107	0.0318931	8.9212e-09	-0.362312	54392	1	1	1e+08	16000
1e+08	1.45	-0.45	-0.7	0.987791	0.0122094	0.987791	0.0122094	8.97111e-09	-0.337126	54392	1	1	1e+08	16000
1e+08	1.45	-0.45	-0.65	0.995363	0.00463662	0.995363	0.00463662	8.98921e-09	-0.312053	54392	1	1	1e+08	16000
1e+08	1.45	-0.45	-0.6	0.998244	0.00175551	0.998245	0.00175551	8.99594e-09	-0.287026	54392	1	1	1e+08	16000
1e+08	1.45	-0.45	-0.55	0.999336	0.000663919	0.999336	0.000663919	8.99847e-09	-0.262015	54392	1	1	1e+08	16000
1e+08	1.45	-0.45	-0.5	0.999749	0.000250981	0.999749	0.000250981	8.99942e-09	-0.237012	54392	1	1	1e+08	16000
1e+08	1.45	-0.45	-0.45	0.999905	9.48627e-05	0.999905	9.48627e-05	8.99978e-09	-0.21201	54392	1	1	1e+08	16000
1e+08	1.45	-0.45	-0.4	0.999964	3.58529e-05	0.999964	3.58529e-05	8.99992e-09	-0.187009	54392	1	1	1e+08	16000
1e+08	1.45	-0.45	-0.35	0.999986	1.35501e-05	0.999986	1.35501e-05	8.99997e-09	-0.162009	54392	1	1	1e+08	16000
1e+08	1.45	-0.45	-0.3	0.999995	5.12103e-06	0.999995	5.12103e-06	8.99999e-09	-0.137009	54392	1	1	1e+08	16000
1e+08	1.45	-0.45	-0.25	0.999998	1.9354e-06	0.999998	1.9354e-06	9e-09	-0.112009	54392	1	1	1e+08	16000
1e+08	1.45	-0.45	-0.2	0.999999	7.31448e-07	0.999999	7.31448e-07	9e-09	-0.0870091	54392	1	1	1e+08	16000
1e+08	1.45	-0.45	-0.15	1	2.76437e-07	1	2.76437e-07	9e-09	-0.0620091	54392	1	1	1e+08	16000
1e+08	1.45	-0.45	-0.1	1	1.04474e-07	1	1.04474e-07	9e-09	-0.0370091	54392	1	1	1e+08	16000
1e+08	1.45	-0.45	-0.05	1	3.9484e-08	1	3.9484e-08	9e-09	-0.0120091	54392	1	1	1e+08	16000
1e+08	1.45	-0.45	0	1	1.49222e-08	1	1.49222e-08	9e-09	0.0129909	54392	1	1	1e+08	16000
1e+08	1.45	-0.45	0.05	1	5.63958e-09	1	5.63958e-09	9e-09	0.0379909	54392	1	1	1e+08	16000
1e+08	1.45	-0.45	0.1	1	2.13137e-09	1	2.13137e-09	9e-09	0.0629909	54392	1	1	1e+08	16000
1e+08	1.45	-0.45	0.15	1	8.05511e-10	1	8.05511e-10	9e-09	0.0879909	54392	1	1	1e+08	16000
1e+08	1.45	-0.45	0.2	1	3.04428e-10	1	3.04428e-10	9e-09	0.112991	54392	1	1	1e+08	16000
1e+08	1.45	-0.45	0.25	1	1.15053e-10	1	1.15053e-10	9e-09	0.137991	54392	1	1	1e+08	16000
1e+08	1.45	-0.45	0.3	1	4.3482e-11	1	4.3482e-11	9e-09	0.162991	54392	1	1	1e+08	16000
1e+08	1.45	-0.45	0.35	1	1.64332e-11	1	1.64332e-11	9e-09	0.187991	54392	1	1	1e+08	16000
1e+08	1.45	-0.45	0.4	1	6.21061e-12	1	6.21061e-12	9e-09	0.212991	54392	1	1	1e+08	16000
1e+08	1.5	-0.45	-2.55	0.999998	2.15774e-06	0.999998	2.15774e-06	9e-09	-0.114803	54392	1	1	1e+08	16000
1e+08	1.5	-0.45	-2.5	0.999992	7.95172e-06	0.999992	7.95172e-06	8.99998e-09	-0.148315	54392	1	1	1e+08	16000
1e+08	1.5	-0.45	-2.45	0.999972	2.80643e-05	0.999972	2.80643e-05	8.99994e-09	-0.180717	54392	1	1	1e+08	16000
1e+08	1.5	-0.45	-2.4	0.999905	9.48627e-05	0.999905	9.48627e-05	8.99978e-09	-0.21201	54392	1	1	1e+08	16000
1e+08	1.5	-0.45	-2.35	0.999693	0.000307083	0.999693	0.000307083	8.99929e-09	-0.242196	54392	1	1	1e+08	16000
1e+08	1.5	-0.45	-2.3	0.999048	0.000951825	0.999048	0.000951825	8.99781e-09	-0.271278	54392	1	1	1e+08	16000
1e+08	1.5	-0.45	-2.25	0.997177	0.00282347	0.997177	0.00282347	8.99348e-09	-0.299263	54392	1	1	1e+08	16000
1e+08	1.5	-0.45	-2.2	0.991995	0.00800489	0.991995	0.00800489	8.98138e-09	-0.32617	54392	1	1	1e+08	16000
1e+08	1.5	-0.45	-2.15	0.978382	0.0216184	0.978382	0.0216184	8.94885e-09	-0.352051	54392	1	1	1e+08	16000
1e+08	1.5	-0.45	-2.1	0.944832	0.0551681	0.944832	0.0551681	8.86381e-09	-0.377017	54392	1	1	1e+08	16000
1e+08	1.5	-0.45	-2.05	0.869393	0.130607	0.869393	0.130607	8.64499e-09	-0.401297	54392	1	1	1e+08	16000
1e+08	1.5	-0.45	-2	0.723982	0.276018	0.723982	0.276018	8.09334e-09	-0.425225	54392	1	1	1e+08	16000
1e+08	1.5	-0.45	-1.95	0.510795	0.489205	0.510795	0.489205	6.85694e-09	-0.44889	54392	1	1	1e+08	16000
1e+08	1.5	-0.45	-1.9	0.30213	0.69787	0.30213	0.69787	4.89378e-09	-0.471509	54392	1	1	1e+08	16000
1e+08	1.5	-0.45	-1.85	0.162816	0.837184	0.162816	0.837184	2.95535e-09	-0.49207	54392	1	1	1e+08	16000
1e+08	1.5	-0.45	-1.8	0.0872339	0.912766	0.0872339	0.912766	1.61642e-09	-0.510323	54392	1	1	1e+08	16000
1e+08	1.5	-0.45	-1.75	0.0488322	0.951168	0.0488322	0.951168	8.42685e-10	-0.526289	54392	1	1	1e+08	16000
1e+08	1.5	-0.45	-1.7	0.0294629	0.970537	0.0294629	0.970537	4.26015e-10	-0.539788	54392	1	1	1e+08	16000
1e+08	1.5	-0.45	-1.65	0.0196602	0.98034	0.0196602	0.98034	2.08038e-10	-0.55044	54392	1	1	1e+08	16000
1e+08	1.5	-0.45	-1.6	0.0168041	0.983196	0.0168041	0.983196	1.4361e-10	-0.554548	54392	1	1	1e+08	16000
1e+08	1.5	-0.45	-1.55	0.0168041	0.983196	0.0168041	0.983196	1.4361e-10	-0.554548	54392	1	1	1e+08	16000
1e+08	1.5	-0.45	-1.5	0.0168041	0.983196	0.0168041	0.983196	1.4361e-10	-0.554548	54392	1	1	1e+08	16000
1e+08	1.5	-0.45	-1.45	0.0168042	0.983196	0.0168042	0.983196	1.4361e-10	-0.554548	54392	1	1	1e+08	16000
1e+08	1.5	-0.45	-1.4	0.0168043	0.983196	0.0168043	0.983196	1.43613e-10	-0.554548	54392	1	1	1e+08	16000
1e+08	1.5	-0.45	-1.35	0.0168053	0.983195	0.0168053	0.983195	1.43635e-10	-0.554546	54392	1	1	1e+08	16000
1e+08	1.5	-0.45	-1.3	0.016812	0.983188	0.016812	0.983188	1.43787e-10	-0.554536	54392	1	1	1e+08	16000
1e+08	1.5	-0.45	-1.25	0.0168589	0.983141	0.0168589	0.983141	1.44848e-10	-0.554463	54392	1	1	1e+08	16000
1e+08	1.5	-0.45	-1.2	0.0171819	0.982818	0.0171819	0.982818	1.52155e-10	-0.553967	54392	1	1	1e+08	16000
1e+08	1.5	-0.45	-1.15	0.0192326	0.980767	0.0192326	0.980767	1.98418e-10	-0.551016	54392	1	1	1e+08	16000
1e+08	1.5	-0.45	-1.1	0.0290032	0.970997	0.0290032	0.970997	4.159e-10	-0.540205	54392	1	1	1e+08	16000
1e+08	1.5	-0.45	-1.05	0.0605803	0.93942	0.0605803	0.93942	1.08661e-09	-0.520431	54392	1	1	1e+08	16000
1e+08	1.5	-0.45	-1	0.142492	0.857508	0.142492	0.857508	2.61762e-09	-0.496112	54392	1	1	1e+08	16000
1e+08	1.5	-0.45	-0.95	0.320218	0.679782	0.320218	0.679782	5.10331e-09	-0.469341	54392	1	1	1e+08	16000
1e+08	1.5	-0.45	-0.9	0.583644	0.416356	0.583644	0.416356	7.3494e-09	-0.441322	54392	1	1	1e+08	16000
1e+08	1.5	-0.45	-0.85	0.80255	0.19745	0.80255	0.19745	8.41487e-09	-0.413971	54392	1	1	1e+08	16000
1e+08	1.5	-0.45	-0.8	0.918405	0.0815953	0.918405	0.0815953	8.79169e-09	-0.387802	54392	1	1	1e+08	16000
1e+08	1.5	-0.45	-0.75	0.968103	0.0318973	0.968103	0.0318973	8.92354e-09	-0.362316	54392	1	1	1e+08	16000
1e+08	1.5	-0.45	-0.7	0.98779	0.0122096	0.98779	0.0122096	8.97145e-09	-0.337126	54392	1	1	1e+08	16000
1e+08	1.5	-0.45	-0.65	0.995363	0.00463663	0.995363	0.00463663	8.98926e-09	-0.312053	54392	1	1	1e+08	16000
1e+08	1.5	-0.45	-0.6	0.998244	0.00175551	0.998245	0.00175551	8.99595e-09	-0.287026	54392	1	1	1e+08	16000
1e+08	1.5	-0.45	-0.55	0.999336	0.000663919	0.999336	0.000663919	8.99847e-09	-0.262015	54392	1	1	1e+08	16000
1e+08	1.5	-0.45	-0.5	0.999749	0.000250981	0.999749	0.000250981	8.99942e-09	-0.237012	54392	1	1	1e+08	16000
1e+08	1.5	-0.45	-0.45	0.999905	9.48627e-05	0.999905	9.48627e-05	8.99978e-09	-0.21201	54392	1	1	1e+08	16000
1e+08	1.5	-0.45	-0.4	0.999964	3.58529e-05	0.999964	3.58529e-05	8.99992e-09	-0.187009	54392	1	1	1e+08	16000
1e+08	1.5	-0.45	-0.35	0.999986	1.35501e-05	0.999986	1.35501e-05	8.99997e-09	-0.162009	54392	1	1	1e+08	16000
1e+08	1.5	-0.45	-0.3	0.999995	5.12103e-06	0.999995	5.12103e-06	8.99999e-09	-0.137009	54392	1	1	1e+08	16000
1e+08	1.5	-0.45	-0.25	0.999998	1.9354e-06	0.999998	1.9354e-06	9e-09	-0.112009	54392	1	1	1e+08	16000
1e+08	1.5	-0.45	-0.2	0.999999	7.31448e-07	0.999999	7.31448e-07	9e-09	-0.0870091	54392	1	1	1e+08	16000
1e+08	1.5	-0.45	-0.15	1	2.76437e-07	1	2.76437e-07	9e-09	-0.0620091	54392	1	1	1e+08	16000
1e+08	1.5	-0.45	-0.1	1	1.04474e-07	1	1.04474e-07	9e-09	-0.0370091	54392	1	1	1e+08	16000
1e+08	1.5	-0.45	-0.05	1	3.9484e-08	1	3.9484e-08	9e-09	-0.0120091	54392	1	1	1e+08	16000
1e+08	1.5	-0.45	0	1	1.49222e-08	1	1.49222e-08	9e-09	0.0129909	54392	1	1	1e+08	16000
1e+08	1.5	-0.45	0.05	1	5.63958e-09	1	5.63958e-09	9e-09	0.0379909	54392	1	1	1e+08	16000
1e+08	1.5	-0.45	0.1	1	2.13137e-09	1	2.13137e-09	9e-09	0.0629909	54392	1	1	1e+08	16000
1e+08	1.5	-0.45	0.15	1	8.05511e-10	1	8.05511e-10	9e-09	0.0879909	54392	1	1	1e+08	16000
1e+08	1.5	-0.45	0.2	1	3.04428e-10	1	3.04428e-10	9e-09	0.112991	54392	1	1	1e+08	16000
1e+08	1.5	-0.45	0.25	1	1.15053e-10	1	1.15053e-10	9e-09	0.137991	54392	1	1	1e+08	16000
1e+08	1.5	-0.45	0.3	1	4.3482e-11	1	4.3482e-11	9e-09	0.162991	54392	1	1	1e+08	16000
1e+08	1.5	-0.45	0.35	1	1.64332e-11	1	1.64332e-11	9e-09	0.187991	54392	1	1	1e+08	16000
1e+08	1.5	-0.45	0.4	1	6.21061e-12	1	6.21061e-12	9e-09	0.212991	54392	1	1	1e+08	16000
1e+08	1.5	-0.45	0.45	1	2.34718e-12	1	2.34718e-12	9e-09	0.237991	54392	1	1	1e+08	16000
1e+08	1.55	-0.45	-2.55	0.999993	6.67494e-06	0.999993	6.67494e-06	8.99998e-09	-0.143818	54392	1	1	1e+08	16000
1e+08	1.55	-0.45	-2.5	0.999973	2.68785e-05	0.999973	2.68785e-05	8.99994e-09	-0.179607	54392	1	1	1e+08	16000
1e+08	1.55	-0.45	-2.45	0.999905	9.48627e-05	0.999905	9.48627e-05	8.99978e-09	-0.21201	54392	1	1	1e+08	16000
1e+08	1.55	-0.45	-2.4	0.999679	0.000320621	0.999679	0.000320621	8.99926e-09	-0.243305	54392	1	1	1e+08	16000
1e+08	1.55	-0.45	-2.35	0.998962	0.00103756	0.998962	0.00103756	8.99761e-09	-0.273496	54392	1	1	1e+08	16000
1e+08	1.55	-0.45	-2.3	0.996787	0.0032129	0.996787	0.0032129	8.99257e-09	-0.302592	54392	1	1	1e+08	16000
1e+08	1.55	-0.45	-2.25	0.990496	0.00950396	0.990496	0.00950396	8.97787e-09	-0.330619	54392	1	1	1e+08	16000
1e+08	1.55	-0.45	-2.2	0.973265	0.0267354	0.973265	0.0267354	8.93649e-09	-0.357644	54392	1	1	1e+08	16000
1e+08	1.55	-0.45	-2.15	0.929282	0.0707175	0.929283	0.0707175	8.82305e-09	-0.383823	54392	1	1	1e+08	16000
1e+08	1.55	-0.45	-2.1	0.828799	0.171201	0.828799	0.171201	8.51617e-09	-0.409479	54392	1	1	1e+08	16000
1e+08	1.55	-0.45	-2.05	0.641682	0.358318	0.641682	0.358318	7.71525e-09	-0.43503	54392	1	1	1e+08	16000
1e+08	1.55	-0.45	-2	0.401046	0.598954	0.401046	0.598954	6.02084e-09	-0.460306	54392	1	1	1e+08	16000
1e+08	1.55	-0.45	-1.95	0.209659	0.790341	0.209659	0.790341	3.81586e-09	-0.484094	54392	1	1	1e+08	16000
1e+08	1.55	-0.45	-1.9	0.102565	0.897435	0.102565	0.897435	2.0863e-09	-0.505728	54392	1	1	1e+08	16000
1e+08	1.55	-0.45	-1.85	0.0503669	0.949633	0.0503669	0.949633	1.07575e-09	-0.525452	54392	1	1	1e+08	16000
1e+08	1.55	-0.45	-1.8	0.0255367	0.974463	0.0255367	0.974463	5.50768e-10	-0.543566	54392	1	1	1e+08	16000
1e+08	1.55	-0.45	-1.75	0.0135377	0.986462	0.0135377	0.986462	2.86125e-10	-0.560186	54392	1	1	1e+08	16000
1e+08	1.55	-0.45	-1.7	0.00756927	0.992431	0.00756927	0.992431	1.51742e-10	-0.575279	54392	1	1	1e+08	16000
1e+08	1.55	-0.45	-1.65	0.00450261	0.995497	0.00450261	0.995497	8.19736e-11	-0.588704	54392	1	1	1e+08	16000
1e+08	1.55	-0.45	-1.6	0.00357258	0.996427	0.00357258	0.996427	6.07173e-11	-0.594672	54392	1	1	1e+08	16000
1e+08	1.55	-0.45	-1.55	0.00357258	0.996427	0.00357258	0.996427	6.07174e-11	-0.594672	54392	1	1	1e+08	16000
1e+08	1.55	-0.45	-1.5	0.00357259	0.996427	0.00357259	0.996427	6.07176e-11	-0.594672	54392	1	1	1e+08	16000
1e+08	1.55	-0.45	-1.45	0.00357266	0.996427	0.00357266	0.996427	6.07193e-11	-0.594671	54392	1	1	1e+08	16000
1e+08	1.55	-0.45	-1.4	0.00357318	0.996427	0.00357318	0.996427	6.07312e-11	-0.594668	54392	1	1	1e+08	16000
1e+08	1.55	-0.45	-1.35	0.00357683	0.996423	0.00357683	0.996423	6.08146e-11	-0.594641	54392	1	1	1e+08	16000
1e+08	1.55	-0.45	-1.3	0.00360221	0.996398	0.00360221	0.996398	6.13954e-11	-0.594459	54392	1	1	1e+08	16000
1e+08	1.55	-0.45	-1.25	0.00377448	0.996226	0.00377448	0.996226	6.53358e-11	-0.593254	54392	1	1	1e+08	16000
1e+08	1.55	-0.45	-1.2	0.00479193	0.995208	0.00479193	0.995208	8.85768e-11	-0.587096	54392	1	1	1e+08	16000
1e+08	1.55	-0.45	-1.15	0.00900482	0.990995	0.00900482	0.990995	1.84233e-10	-0.57078	54392	1	1	1e+08	16000
1e+08	1.55	-0.45	-1.1	0.0216291	0.978371	0.0216291	0.978371	4.65385e-10	-0.547936	54392	1	1	1e+08	16000
1e+08	1.55	-0.45	-1.05	0.0550837	0.944916	0.0550837	0.944916	1.17214e-09	-0.523025	54392	1	1	1e+08	16000
1e+08	1.55	-0.45	-1	0.138295	0.861705	0.138295	0.861705	2.71128e-09	-0.497005	54392	1	1	1e+08	16000
1e+08	1.55	-0.45	-0.95	0.317706	0.682294	0.317706	0.682294	5.1784e-09	-0.469638	54392	1	1	1e+08	16000
1e+08	1.55	-0.45	-0.9	0.582916	0.417084	0.582916	0.417084	7.38362e-09	-0.441399	54392	1	1	1e+08	16000
1e+08	1.55	-0.45	-0.85	0.802462	0.197538	0.802462	0.197538	8.42323e-09	-0.413985	54392	1	1	1e+08	16000
1e+08	1.55	-0.45	-0.8	0.918398	0.0816018	0.918398	0.0816018	8.79315e-09	-0.387804	54392	1	1	1e+08	16000
1e+08	1.55	-0.45	-0.75	0.968102	0.0318977	0.968102	0.0318977	8.92377e-09	-0.362316	54392	1	1	1e+08	16000
1e+08	1.55	-0.45	-0.7	0.98779	0.0122096	0.98779	0.0122096	8.97148e-09	-0.337126	54392	1	1	1e+08	16000
1e+08	1.55	-0.45	-0.65	0.995363	0.00463663	0.995363	0.00463663	8.98927e-09	-0.312053	54392	1	1	1e+08	16000
1e+08	1.55	-0.45	-0.6	0.998244	0.00175551	0.998245	0.00175551	8.99595e-09	-0.287026	54392	1	1	1e+08	16000
1e+08	1.55	-0.45	-0.55	0.999336	0.000663919	0.999336	0.000663919	8.99847e-09	-0.262015	54392	1	1	1e+08	16000
1e+08	1.55	-0.45	-0.5	0.999749	0.000250981	0.999749	0.000250981	8.99942e-09	-0.237012	54392	1	1	1e+08	16000
1e+08	1.55	-0.45	-0.45	0.999905	9.48627e-05	0.999905	9.48627e-05	8.99978e-09	-0.21201	54392	1	1	1e+08	16000
1e+08	1.55	-0.45	-0.4	0.999964	3.58529e-05	0.999964	3.58529e-05	8.99992e-09	-0.187009	54392	1	1	1e+08	16000
1e+08	1.55	-0.45	-0.35	0.999986	1.35501e-05	0.999986	1.35501e-05	8.99997e-09	-0.162009	54392	1	1	1e+08	16000
1e+08	1.55	-0.45	-0.3	0.999995	5.12103e-06	0.999995	5.12103e-06	8.99999e-09	-0.137009	54392	1	1	1e+08	16000
1e+08	1.55	-0.45	-0.25	0.999998	1.9354e-06	0.999998	1.9354e-06	9e-09	-0.112009	54392	1	1	1e+08	16000
1e+08	1.55	-0.45	-0.2	0.999999	7.31448e-07	0.999999	7.31448e-07	9e-09	-0.0870091	54392	1	1	1e+08	16000
1e+08	1.55	-0.45	-0.15	1	2.76437e-07	1	2.76437e-07	9e-09	-0.0620091	54392	1	1	1e+08	16000
1e+08	1.55	-0.45	-0.1	1	1.04474e-07	1	1.04474e-07	9e-09	-0.0370091	54392	1	1	1e+08	16000
1e+08	1.55	-0.45	-0.05	1	3.9484e-08	1	3.9484e-08	9e-09	-0.0120091	54392	1	1	1e+08	16000
1e+08	1.55	-0.45	0	1	1.49222e-08	1	1.49222e-08	9e-09	0.0129909	54392	1	1	1e+08	16000
1e+08	1.55	-0.45	0.05	1	5.63958e-09	1	5.63958e-09	9e-09	0.0379909	54392	1	1	1e+08	16000
1e+08	1.55	-0.45	0.1	1	2.13137e-09	1	2.13137e-09	9e-09	0.0629909	54392	1	1	1e+08	16000
1e+08	1.55	-0.45	0.15	1	8.05511e-10	1	8.05511e-10	9e-09	0.0879909	54392	1	1	1e+08	16000
1e+08	1.55	-0.45	0.2	1	3.04428e-10	1	3.04428e-10	9e-09	0.112991	54392	1	1	1e+08	16000
1e+08	1.55	-0.45	0.25	1	1.15053e-10	1	1.15053e-10	9e-09	0.137991	54392	1	1	1e+08	16000
1e+08	1.55	-0.45	0.3	1	4.3482e-11	1	4.3482e-11	9e-09	0.162991	54392	1	1	1e+08	16000
1e+08	1.55	-0.45	0.35	1	1.64332e-11	1	1.64332e-11	9e-09	0.187991	54392	1	1	1e+08	16000
1e+08	1.55	-0.45	0.4	1	6.21061e-12	1	6.21061e-12	9e-09	0.212991	54392	1	1	1e+08	16000
1e+08	1.55	-0.45	0.45	1	2.34718e-12	1	2.34718e-12	9e-09	0.237991	54392	1	1	1e+08	16000
1e+08	1.55	-0.45	0.5	1	8.87082e-13	1	8.87082e-13	9e-09	0.262991	54392	1	1	1e+08	16000
1e+08	1.6	-0.45	-2.45	0.999665	0.00033475	0.999665	0.00033475	8.99923e-09	-0.244413	54392	1	1	1e+08	16000
1e+08	1.6	-0.45	-2.4	0.998869	0.00113102	0.998869	0.00113102	8.99739e-09	-0.275714	54392	1	1	1e+08	16000
1e+08	1.6	-0.45	-2.35	0.996344	0.00365593	0.996344	0.00365593	8.99155e-09	-0.305923	54392	1	1	1e+08	16000
1e+08	1.6	-0.45	-2.3	0.988718	0.0112817	0.988718	0.0112817	8.97368e-09	-0.335071	54392	1	1	1e+08	16000
1e+08	1.6	-0.45	-2.25	0.966963	0.0330371	0.966963	0.0330371	8.92096e-09	-0.363248	54392	1	1	1e+08	16000
1e+08	1.6	-0.45	-2.2	0.909637	0.0903626	0.909637	0.0903626	8.76869e-09	-0.39067	54392	1	1	1e+08	16000
1e+08	1.6	-0.45	-2.15	0.778055	0.221945	0.778055	0.221945	8.33288e-09	-0.417772	54392	1	1	1e+08	16000
1e+08	1.6	-0.45	-2.1	0.548761	0.451239	0.548761	0.451239	7.17322e-09	-0.444973	54392	1	1	1e+08	16000
1e+08	1.6	-0.45	-2.05	0.301612	0.698388	0.301612	0.698388	5.00586e-09	-0.471572	54392	1	1	1e+08	16000
1e+08	1.6	-0.45	-2	0.142318	0.857682	0.142318	0.857682	2.79293e-09	-0.496148	54392	1	1	1e+08	16000
1e+08	1.6	-0.45	-1.95	0.0648715	0.935129	0.0648715	0.935129	1.38601e-09	-0.518555	54392	1	1	1e+08	16000
1e+08	1.6	-0.45	-1.9	0.0300689	0.969931	0.0300689	0.969931	6.67324e-10	-0.539249	54392	1	1	1e+08	16000
1e+08	1.6	-0.45	-1.85	0.0144199	0.98558	0.0144199	0.98558	3.24914e-10	-0.558541	54392	1	1	1e+08	16000
1e+08	1.6	-0.45	-1.8	0.00720106	0.992799	0.00720106	0.992799	1.62753e-10	-0.576569	54392	1	1	1e+08	16000
1e+08	1.6	-0.45	-1.75	0.00375665	0.996243	0.00375665	0.996243	8.44251e-11	-0.593377	54392	1	1	1e+08	16000
1e+08	1.6	-0.45	-1.7	0.00205213	0.997948	0.00205213	0.997948	4.54329e-11	-0.608955	54392	1	1	1e+08	16000
1e+08	1.6	-0.45	-1.65	0.00117675	0.998823	0.00117675	0.998823	2.53484e-11	-0.623266	54392	1	1	1e+08	16000
1e+08	1.6	-0.45	-1.6	0.00091042	0.99909	0.00091042	0.99909	1.92297e-11	-0.629866	54392	1	1	1e+08	16000
1e+08	1.6	-0.45	-1.55	0.000910426	0.99909	0.000910426	0.99909	1.92298e-11	-0.629866	54392	1	1	1e+08	16000
1e+08	1.6	-0.45	-1.5	0.000910464	0.99909	0.000910464	0.99909	1.92307e-11	-0.629865	54392	1	1	1e+08	16000
1e+08	1.6	-0.45	-1.45	0.00091073	0.999089	0.00091073	0.999089	1.92368e-11	-0.629857	54392	1	1	1e+08	16000
1e+08	1.6	-0.45	-1.4	0.000912588	0.999087	0.000912588	0.999087	1.92795e-11	-0.629805	54392	1	1	1e+08	16000
1e+08	1.6	-0.45	-1.35	0.000925494	0.999075	0.000925494	0.999075	1.95761e-11	-0.629444	54392	1	1	1e+08	16000
1e+08	1.6	-0.45	-1.3	0.00101106	0.998989	0.00101106	0.998989	2.15423e-11	-0.627169	54392	1	1	1e+08	16000
1e+08	1.6	-0.45	-1.25	0.00147372	0.998526	0.00147372	0.998526	3.21665e-11	-0.617477	54392	1	1	1e+08	16000
1e+08	1.6	-0.45	-1.2	0.00317717	0.996823	0.00317717	0.996823	7.11863e-11	-0.597696	54392	1	1	1e+08	16000
1e+08	1.6	-0.45	-1.15	0.00804907	0.991951	0.00804907	0.991951	1.81942e-10	-0.573687	54392	1	1	1e+08	16000
1e+08	1.6	-0.45	-1.1	0.0210083	0.978992	0.0210083	0.978992	4.70578e-10	-0.548701	54392	1	1	1e+08	16000
1e+08	1.6	-0.45	-1.05	0.0546131	0.945387	0.0546131	0.945387	1.18013e-09	-0.523258	54392	1	1	1e+08	16000
1e+08	1.6	-0.45	-1	0.137928	0.862072	0.137928	0.862072	2.71972e-09	-0.497084	54392	1	1	1e+08	16000
1e+08	1.6	-0.45	-0.95	0.317484	0.682516	0.317484	0.682516	5.18509e-09	-0.469664	54392	1	1	1e+08	16000
1e+08	1.6	-0.45	-0.9	0.582852	0.417148	0.582852	0.417148	7.38665e-09	-0.441406	54392	1	1	1e+08	16000
1e+08	1.6	-0.45	-0.85	0.802454	0.197546	0.802454	0.197546	8.42397e-09	-0.413987	54392	1	1	1e+08	16000
1e+08	1.6	-0.45	-0.8	0.918398	0.0816024	0.918398	0.0816024	8.79328e-09	-0.387804	54392	1	1	1e+08	16000
1e+08	1.6	-0.45	-0.75	0.968102	0.0318977	0.968102	0.0318977	8.92379e-09	-0.362316	54392	1	1	1e+08	16000
1e+08	1.6	-0.45	-0.7	0.98779	0.0122096	0.98779	0.0122096	8.97149e-09	-0.337126	54392	1	1	1e+08	16000
1e+08	1.6	-0.45	-0.65	0.995363	0.00463663	0.995363	0.00463663	8.98927e-09	-0.312053	54392	1	1	1e+08	16000
1e+08	1.6	-0.45	-0.6	0.998244	0.00175551	0.998245	0.00175551	8.99595e-09	-0.287026	54392	1	1	1e+08	16000
1e+08	1.6	-0.45	-0.55	0.999336	0.000663919	0.999336	0.000663919	8.99847e-09	-0.262015	54392	1	1	1e+08	16000
1e+08	1.6	-0.45	-0.5	0.999749	0.000250981	0.999749	0.000250981	8.99942e-09	-0.237012	54392	1	1	1e+08	16000
1e+08	1.6	-0.45	-0.45	0.999905	9.48627e-05	0.999905	9.48627e-05	8.99978e-09	-0.21201	54392	1	1	1e+08	16000
1e+08	1.6	-0.45	-0.4	0.999964	3.58529e-05	0.999964	3.58529e-05	8.99992e-09	-0.187009	54392	1	1	1e+08	16000
1e+08	1.6	-0.45	-0.35	0.999986	1.35501e-05	0.999986	1.35501e-05	8.99997e-09	-0.162009	54392	1	1	1e+08	16000
1e+08	1.6	-0.45	-0.3	0.999995	5.12103e-06	0.999995	5.12103e-06	8.99999e-09	-0.137009	54392	1	1	1e+08	16000
1e+08	1.6	-0.45	-0.25	0.999998	1.9354e-06	0.999998	1.9354e-06	9e-09	-0.112009	54392	1	1	1e+08	16000
1e+08	1.6	-0.45	-0.2	0.999999	7.31448e-07	0.999999	7.31448e-07	9e-09	-0.0870091	54392	1	1	1e+08	16000
1e+08	1.6	-0.45	-0.15	1	2.76437e-07	1	2.76437e-07	9e-09	-0.0620091	54392	1	1	1e+08	16000
1e+08	1.6	-0.45	-0.1	1	1.04474e-07	1	1.04474e-07	9e-09	-0.0370091	54392	1	1	1e+08	16000
1e+08	1.6	-0.45	-0.05	1	3.9484e-08	1	3.9484e-08	9e-09	-0.0120091	54392	1	1	1e+08	16000
1e+08	1.6	-0.45	0	1	1.49222e-08	1	1.49222e-08	9e-09	0.0129909	54392	1	1	1e+08	16000
1e+08	1.6	-0.45	0.05	1	5.63958e-09	1	5.63958e-09	9e-09	0.0379909	54392	1	1	1e+08	16000
1e+08	1.6	-0.45	0.1	1	2.13137e-09	1	2.13137e-09	9e-09	0.0629909	54392	1	1	1e+08	16000
1e+08	1.6	-0.45	0.15	1	8.05511e-10	1	8.05511e-10	9e-09	0.0879909	54392	1	1	1e+08	16000
1e+08	1.6	-0.45	0.2	1	3.04428e-10	1	3.04428e-10	9e-09	0.112991	54392	1	1	1e+08	16000
1e+08	1.6	-0.45	0.25	1	1.15053e-10	1	1.15053e-10	9e-09	0.137991	54392	1	1	1e+08	16000
1e+08	1.6	-0.45	0.3	1	4.3482e-11	1	4.3482e-11	9e-09	0.162991	54392	1	1	1e+08	16000
1e+08	1.6	-0.45	0.35	1	1.64332e-11	1	1.64332e-11	9e-09	0.187991	54392	1	1	1e+08	16000
1e+08	1.6	-0.45	0.4	1	6.21061e-12	1	6.21061e-12	9e-09	0.212991	54392	1	1	1e+08	16000
1e+08	1.6	-0.45	0.45	1	2.34718e-12	1	2.34718e-12	9e-09	0.237991	54392	1	1	1e+08	16000
1e+08	1.6	-0.45	0.5	1	8.87082e-13	1	8.87082e-13	9e-09	0.262991	54392	1	1	1e+08	16000
1e+08	1.6	-0.45	0.55	1	-1.32125e-12	1	-1.32125e-12	9e-09	nan	54392	1	1	1e+08	16000
1e+08	1.6	-0.45	0.6	1	1.30775e-13	1	1.30775e-13	9e-09	0.312178	54392	1	1	1e+08	16000
1e+08	1.65	-0.45	-2.4	0.99584	0.00415966	0.99584	0.00415966	8.99038e-09	-0.309252	54392	1	1	1e+08	16000
1e+08	1.65	-0.45	-2.35	0.986611	0.0133892	0.986611	0.0133892	8.96869e-09	-0.339526	54392	1	1	1e+08	16000
1e+08	1.65	-0.45	-2.3	0.959216	0.0407835	0.959217	0.0407835	8.90154e-09	-0.368867	54392	1	1	1e+08	16000
1e+08	1.65	-0.45	-2.25	0.885004	0.114996	0.885004	0.114996	8.69684e-09	-0.397569	54392	1	1	1e+08	16000
1e+08	1.65	-0.45	-2.2	0.716365	0.283635	0.716365	0.283635	8.07851e-09	-0.426196	54392	1	1	1e+08	16000
1e+08	1.65	-0.45	-2.15	0.451379	0.548621	0.451379	0.548621	6.46307e-09	-0.455013	54392	1	1	1e+08	16000
1e+08	1.65	-0.45	-2.1	0.219112	0.780888	0.219112	0.780888	3.962e-09	-0.482651	54392	1	1	1e+08	16000
1e+08	1.65	-0.45	-2.05	0.0950152	0.904985	0.0950152	0.904985	1.96492e-09	-0.507908	54392	1	1	1e+08	16000
1e+08	1.65	-0.45	-2	0.0408168	0.959183	0.0408168	0.959183	8.96913e-10	-0.531111	54392	1	1	1e+08	16000
1e+08	1.65	-0.45	-1.95	0.0179951	0.982005	0.0179951	0.982005	4.05763e-10	-0.552757	54392	1	1	1e+08	16000
1e+08	1.65	-0.45	-1.9	0.00823279	0.991767	0.00823279	0.991767	1.87657e-10	-0.573102	54392	1	1	1e+08	16000
1e+08	1.65	-0.45	-1.85	0.00392375	0.996076	0.00392375	0.996076	8.98156e-11	-0.592254	54392	1	1	1e+08	16000
1e+08	1.65	-0.45	-1.8	0.00195121	0.998049	0.00195121	0.998049	4.47017e-11	-0.610254	54392	1	1	1e+08	16000
1e+08	1.65	-0.45	-1.75	0.00101324	0.998987	0.00101324	0.998987	2.31776e-11	-0.627114	54392	1	1	1e+08	16000
1e+08	1.65	-0.45	-1.7	0.000549802	0.99945	0.000549802	0.99945	1.25255e-11	-0.642833	54392	1	1	1e+08	16000
1e+08	1.65	-0.45	-1.65	0.000311943	0.999688	0.000311943	0.999688	7.05398e-12	-0.6574	54392	1	1	1e+08	16000
1e+08	1.65	-0.45	-1.6	0.000239576	0.99976	0.000239576	0.99976	5.38871e-12	-0.664184	54392	1	1	1e+08	16000
1e+08	1.65	-0.45	-1.55	0.000239596	0.99976	0.000239596	0.99976	5.38917e-12	-0.664181	54392	1	1	1e+08	16000
1e+08	1.65	-0.45	-1.5	0.000239736	0.99976	0.000239736	0.99976	5.3924e-12	-0.664166	54392	1	1	1e+08	16000
1e+08	1.65	-0.45	-1.45	0.000240715	0.999759	0.000240715	0.999759	5.41491e-12	-0.664062	54392	1	1	1e+08	16000
1e+08	1.65	-0.45	-1.4	0.000247456	0.999753	0.000247456	0.999753	5.57005e-12	-0.663352	54392	1	1	1e+08	16000
1e+08	1.65	-0.45	-1.35	0.000290257	0.99971	0.000290257	0.99971	6.55498e-12	-0.659252	54392	1	1	1e+08	16000
1e+08	1.65	-0.45	-1.3	0.000494804	0.999505	0.000494804	0.999505	1.12607e-11	-0.645542	54392	1	1	1e+08	16000
1e+08	1.65	-0.45	-1.25	0.00116802	0.998832	0.00116802	0.998832	2.67325e-11	-0.623458	54392	1	1	1e+08	16000
1e+08	1.65	-0.45	-1.2	0.00302861	0.996971	0.00302861	0.996971	6.93682e-11	-0.59893	54392	1	1	1e+08	16000
1e+08	1.65	-0.45	-1.15	0.00797115	0.992029	0.00797115	0.992029	1.81744e-10	-0.573939	54392	1	1	1e+08	16000
1e+08	1.65	-0.45	-1.1	0.0209584	0.979042	0.0209584	0.979042	4.71004e-10	-0.548763	54392	1	1	1e+08	16000
1e+08	1.65	-0.45	-1.05	0.0545752	0.945425	0.0545752	0.945425	1.18078e-09	-0.523277	54392	1	1	1e+08	16000
1e+08	1.65	-0.45	-1	0.137899	0.862101	0.137899	0.862101	2.72041e-09	-0.497091	54392	1	1	1e+08	16000
1e+08	1.65	-0.45	-0.95	0.317466	0.682534	0.317466	0.682534	5.18563e-09	-0.469666	54392	1	1	1e+08	16000
1e+08	1.65	-0.45	-0.9	0.582847	0.417153	0.582847	0.417153	7.3869e-09	-0.441407	54392	1	1	1e+08	16000
1e+08	1.65	-0.45	-0.85	0.802453	0.197547	0.802453	0.197547	8.42403e-09	-0.413987	54392	1	1	1e+08	16000
1e+08	1.65	-0.45	-0.8	0.918398	0.0816025	0.918398	0.0816025	8.79329e-09	-0.387804	54392	1	1	1e+08	16000
1e+08	1.65	-0.45	-0.75	0.968102	0.0318977	0.968102	0.0318977	8.92379e-09	-0.362316	54392	1	1	1e+08	16000
1e+08	1.65	-0.45	-0.7	0.98779	0.0122096	0.98779	0.0122096	8.97149e-09	-0.337126	54392	1	1	1e+08	16000
1e+08	1.65	-0.45	-0.65	0.995363	0.00463663	0.995363	0.00463663	8.98927e-09	-0.312053	54392	1	1	1e+08	16000
1e+08	1.65	-0.45	-0.6	0.998244	0.00175551	0.998245	0.00175551	8.99595e-09	-0.287026	54392	1	1	1e+08	16000
1e+08	1.65	-0.45	-0.55	0.999336	0.000663919	0.999336	0.000663919	8.99847e-09	-0.262015	54392	1	1	1e+08	16000
1e+08	1.65	-0.45	-0.5	0.999749	0.000250981	0.999749	0.000250981	8.99942e-09	-0.237012	54392	1	1	1e+08	16000
1e+08	1.65	-0.45	-0.45	0.999905	9.48627e-05	0.999905	9.48627e-05	8.99978e-09	-0.21201	54392	1	1	1e+08	16000
1e+08	1.65	-0.45	-0.4	0.999964	3.58529e-05	0.999964	3.58529e-05	8.99992e-09	-0.187009	54392	1	1	1e+08	16000
1e+08	1.65	-0.45	-0.35	0.999986	1.35501e-05	0.999986	1.35501e-05	8.99997e-09	-0.162009	54392	1	1	1e+08	16000
1e+08	1.65	-0.45	-0.3	0.999995	5.12103e-06	0.999995	5.12103e-06	8.99999e-09	-0.137009	54392	1	1	1e+08	16000
1e+08	1.65	-0.45	-0.25	0.999998	1.9354e-06	0.999998	1.9354e-06	9e-09	-0.112009	54392	1	1	1e+08	16000
1e+08	1.65	-0.45	-0.2	0.999999	7.31448e-07	0.999999	7.31448e-07	9e-09	-0.0870091	54392	1	1	1e+08	16000
1e+08	1.65	-0.45	-0.15	1	2.76437e-07	1	2.76437e-07	9e-09	-0.0620091	54392	1	1	1e+08	16000
1e+08	1.65	-0.45	-0.1	1	1.04474e-07	1	1.04474e-07	9e-09	-0.0370091	54392	1	1	1e+08	16000
1e+08	1.65	-0.45	-0.05	1	3.9484e-08	1	3.9484e-08	9e-09	-0.0120091	54392	1	1	1e+08	16000
1e+08	1.65	-0.45	0	1	1.49222e-08	1	1.49222e-08	9e-09	0.0129909	54392	1	1	1e+08	16000
1e+08	1.65	-0.45	0.05	1	5.63958e-09	1	5.63958e-09	9e-09	0.0379909	54392	1	1	1e+08	16000
1e+08	1.65	-0.45	0.1	1	2.13137e-09	1	2.13137e-09	9e-09	0.0629909	54392	1	1	1e+08	16000
1e+08	1.65	-0.45	0.15	1	8.05511e-10	1	8.05511e-10	9e-09	0.0879909	54392	1	1	1e+08	16000
1e+08	1.65	-0.45	0.2	1	3.04428e-10	1	3.04428e-10	9e-09	0.112991	54392	1	1	1e+08	16000
1e+08	1.65	-0.45	0.25	1	1.15053e-10	1	1.15053e-10	9e-09	0.137991	54392	1	1	1e+08	16000
1e+08	1.65	-0.45	0.3	1	4.3482e-11	1	4.3482e-11	9e-09	0.162991	54392	1	1	1e+08	16000
1e+08	1.65	-0.45	0.35	1	1.64332e-11	1	1.64332e-11	9e-09	0.187991	54392	1	1	1e+08	16000
1e+08	1.65	-0.45	0.4	1	6.21061e-12	1	6.21061e-12	9e-09	0.212991	54392	1	1	1e+08	16000
1e+08	1.65	-0.45	0.45	1	2.34718e-12	1	2.34718e-12	9e-09	0.237991	54392	1	1	1e+08	16000
1e+08	1.65	-0.45	0.5	1	8.87082e-13	1	8.87082e-13	9e-09	0.262991	54392	1	1	1e+08	16000
1e+08	1.65	-0.45	0.55	1	-1.32639e-12	1	-1.32639e-12	9e-09	nan	54392	1	1	1e+08	16000
1e+08	1.65	-0.45	0.6	1	1.30775e-13	1	1.30775e-13	9e-09	0.312178	54392	1	1	1e+08	16000
1e+08	1.7	-0.45	-2.35	0.94973	0.0502705	0.949729	0.0502705	8.87728e-09	-0.374496	54392	1	1	1e+08	16000
1e+08	1.7	-0.45	-2.3	0.85442	0.14558	0.85442	0.14558	8.60176e-09	-0.404532	54392	1	1	1e+08	16000
1e+08	1.7	-0.45	-2.25	0.644119	0.355881	0.644119	0.355881	7.73075e-09	-0.434757	54392	1	1	1e+08	16000
1e+08	1.7	-0.45	-2.2	0.357536	0.642464	0.357536	0.642464	5.61e-09	-0.465058	54392	1	1	1e+08	16000
1e+08	1.7	-0.45	-2.15	0.155342	0.844658	0.155342	0.844658	3.00709e-09	-0.493505	54392	1	1	1e+08	16000
1e+08	1.7	-0.45	-2.1	0.0627718	0.937228	0.0627718	0.937228	1.34577e-09	-0.519458	54392	1	1	1e+08	16000
1e+08	1.7	-0.45	-2.05	0.0255713	0.974429	0.0255713	0.974429	5.71795e-10	-0.543531	54392	1	1	1e+08	16000
1e+08	1.7	-0.45	-2	0.0107547	0.989245	0.0107547	0.989245	2.44587e-10	-0.566171	54392	1	1	1e+08	16000
1e+08	1.7	-0.45	-1.95	0.00470387	0.995296	0.00470387	0.995296	1.07718e-10	-0.587575	54392	1	1	1e+08	16000
1e+08	1.7	-0.45	-1.9	0.00214486	0.997855	0.00214486	0.997855	4.9257e-11	-0.607818	54392	1	1	1e+08	16000
1e+08	1.7	-0.45	-1.85	0.00102055	0.998979	0.00102055	0.998979	2.3463e-11	-0.626929	54392	1	1	1e+08	16000
1e+08	1.7	-0.45	-1.8	0.00050692	0.999493	0.00050692	0.999493	1.16569e-11	-0.644921	54392	1	1	1e+08	16000
1e+08	1.7	-0.45	-1.75	0.000262906	0.999737	0.000262906	0.999737	6.04327e-12	-0.661796	54392	1	1	1e+08	16000
1e+08	1.7	-0.45	-1.7	0.000142394	0.999858	0.000142394	0.999858	3.26968e-12	-0.677553	54392	1	1	1e+08	16000
1e+08	1.7	-0.45	-1.65	8.05555e-05	0.999919	8.05555e-05	0.999919	1.84616e-12	-0.692191	54392	1	1	1e+08	16000
1e+08	1.7	-0.45	-1.6	6.17532e-05	0.999938	6.17532e-05	0.999938	1.41329e-12	-0.69902	54392	1	1	1e+08	16000
1e+08	1.7	-0.45	-1.55	6.18302e-05	0.999938	6.18302e-05	0.999938	1.41506e-12	-0.698988	54392	1	1	1e+08	16000
1e+08	1.7	-0.45	-1.5	6.23664e-05	0.999938	6.23664e-05	0.999938	1.42741e-12	-0.698766	54392	1	1	1e+08	16000
1e+08	1.7	-0.45	-1.45	6.59982e-05	0.999934	6.59982e-05	0.999934	1.51102e-12	-0.697312	54392	1	1	1e+08	16000
1e+08	1.7	-0.45	-1.4	8.7282e-05	0.999913	8.7282e-05	0.999913	2.00101e-12	-0.69013	54392	1	1	1e+08	16000
1e+08	1.7	-0.45	-1.35	0.000174454	0.999826	0.000174454	0.999826	4.00762e-12	-0.672335	54392	1	1	1e+08	16000
1e+08	1.7	-0.45	-1.3	0.000435899	0.999564	0.000435899	0.999564	1.00234e-11	-0.648801	54392	1	1	1e+08	16000
1e+08	1.7	-0.45	-1.25	0.00114283	0.998857	0.00114283	0.998857	2.62716e-11	-0.624018	54392	1	1	1e+08	16000
1e+08	1.7	-0.45	-1.2	0.00301744	0.996983	0.00301744	0.996983	6.92298e-11	-0.599025	54392	1	1	1e+08	16000
1e+08	1.7	-0.45	-1.15	0.00796537	0.992035	0.00796537	0.992035	1.81729e-10	-0.573958	54392	1	1	1e+08	16000
1e+08	1.7	-0.45	-1.1	0.0209547	0.979045	0.0209547	0.979045	4.71036e-10	-0.548768	54392	1	1	1e+08	16000
1e+08	1.7	-0.45	-1.05	0.0545724	0.945428	0.0545724	0.945428	1.18082e-09	-0.523278	54392	1	1	1e+08	16000
1e+08	1.7	-0.45	-1	0.137896	0.862104	0.137896	0.862104	2.72046e-09	-0.497091	54392	1	1	1e+08	16000
1e+08	1.7	-0.45	-0.95	0.317465	0.682535	0.317465	0.682535	5.18567e-09	-0.469666	54392	1	1	1e+08	16000
1e+08	1.7	-0.45	-0.9	0.582847	0.417153	0.582847	0.417153	7.38691e-09	-0.441407	54392	1	1	1e+08	16000
1e+08	1.7	-0.45	-0.85	0.802453	0.197547	0.802453	0.197547	8.42403e-09	-0.413987	54392	1	1	1e+08	16000
1e+08	1.7	-0.45	-0.8	0.918398	0.0816025	0.918398	0.0816025	8.79329e-09	-0.387804	54392	1	1	1e+08	16000
1e+08	1.7	-0.45	-0.75	0.968102	0.0318977	0.968102	0.0318977	8.92379e-09	-0.362316	54392	1	1	1e+08	16000
1e+08	1.7	-0.45	-0.7	0.98779	0.0122096	0.98779	0.0122096	8.97149e-09	-0.337126	54392	1	1	1e+08	16000
1e+08	1.7	-0.45	-0.65	0.995363	0.00463663	0.995363	0.00463663	8.98927e-09	-0.312053	54392	1	1	1e+08	16000
1e+08	1.7	-0.45	-0.6	0.998244	0.00175551	0.998245	0.00175551	8.99595e-09	-0.287026	54392	1	1	1e+08	16000
1e+08	1.7	-0.45	-0.55	0.999336	0.000663919	0.999336	0.000663919	8.99847e-09	-0.262015	54392	1	1	1e+08	16000
1e+08	1.7	-0.45	-0.5	0.999749	0.000250981	0.999749	0.000250981	8.99942e-09	-0.237012	54392	1	1	1e+08	16000
1e+08	1.7	-0.45	-0.45	0.999905	9.48627e-05	0.999905	9.48627e-05	8.99978e-09	-0.21201	54392	1	1	1e+08	16000
1e+08	1.7	-0.45	-0.4	0.999964	3.58529e-05	0.999964	3.58529e-05	8.99992e-09	-0.187009	54392	1	1	1e+08	16000
1e+08	1.7	-0.45	-0.35	0.999986	1.35501e-05	0.999986	1.35501e-05	8.99997e-09	-0.162009	54392	1	1	1e+08	16000
1e+08	1.7	-0.45	-0.3	0.999995	5.12103e-06	0.999995	5.12103e-06	8.99999e-09	-0.137009	54392	1	1	1e+08	16000
1e+08	1.7	-0.45	-0.25	0.999998	1.9354e-06	0.999998	1.9354e-06	9e-09	-0.112009	54392	1	1	1e+08	16000
1e+08	1.7	-0.45	-0.2	0.999999	7.31448e-07	0.999999	7.31448e-07	9e-09	-0.0870091	54392	1	1	1e+08	16000
1e+08	1.7	-0.45	-0.15	1	2.76437e-07	1	2.76437e-07	9e-09	-0.0620091	54392	1	1	1e+08	16000
1e+08	1.7	-0.45	-0.1	1	1.04474e-07	1	1.04474e-07	9e-09	-0.0370091	54392	1	1	1e+08	16000
1e+08	1.7	-0.45	-0.05	1	3.9484e-08	1	3.9484e-08	9e-09	-0.0120091	54392	1	1	1e+08	16000
1e+08	1.7	-0.45	0	1	1.49222e-08	1	1.49222e-08	9e-09	0.0129909	54392	1	1	1e+08	16000
1e+08	1.7	-0.45	0.05	1	5.63958e-09	1	5.63958e-09	9e-09	0.0379909	54392	1	1	1e+08	16000
1e+08	1.7	-0.45	0.1	1	2.13137e-09	1	2.13137e-09	9e-09	0.0629909	54392	1	1	1e+08	16000
1e+08	1.7	-0.45	0.15	1	8.05511e-10	1	8.05511e-10	9e-09	0.0879909	54392	1	1	1e+08	16000
1e+08	1.7	-0.45	0.2	1	3.04428e-10	1	3.04428e-10	9e-09	0.112991	54392	1	1	1e+08	16000
1e+08	1.7	-0.45	0.25	1	1.15053e-10	1	1.15053e-10	9e-09	0.137991	54392	1	1	1e+08	16000
1e+08	1.7	-0.45	0.3	1	4.3482e-11	1	4.3482e-11	9e-09	0.162991	54392	1	1	1e+08	16000
1e+08	1.7	-0.45	0.35	1	1.64332e-11	1	1.64332e-11	9e-09	0.187991	54392	1	1	1e+08	16000
1e+08	1.7	-0.45	0.4	1	6.21061e-12	1	6.21061e-12	9e-09	0.212991	54392	1	1	1e+08	16000
1e+08	1.7	-0.45	0.45	1	2.34718e-12	1	2.34718e-12	9e-09	0.237991	54392	1	1	1e+08	16000
1e+08	1.7	-0.45	0.5	1	8.87082e-13	1	8.87082e-13	9e-09	0.262991	54392	1	1	1e+08	16000
1e+08	1.7	-0.45	0.55	1	6.1471e-13	1	6.1471e-13	9e-09	0.272414	54392	1	1	1e+08	16000
1e+08	1.7	-0.45	0.6	1	1.30775e-13	1	1.30775e-13	9e-09	0.312178	54392	1	1	1e+08	16000
1e+08	1.7	-0.45	0.65	1	2.90534e-13	1	2.90534e-13	9e-09	0.291669	54392	1	1	1e+08	16000
1e+08	1.75	-0.45	-2.3	0.563891	0.436109	0.563891	0.436109	7.27033e-09	-0.443398	54392	1	1	1e+08	16000
1e+08	1.75	-0.45	-2.25	0.274182	0.725818	0.274182	0.725818	4.68115e-09	-0.475012	54392	1	1	1e+08	16000
1e+08	1.75	-0.45	-2.2	0.108386	0.891614	0.108386	0.891614	2.20863e-09	-0.504143	54392	1	1	1e+08	16000
1e+08	1.75	-0.45	-2.15	0.0412054	0.958795	0.0412054	0.958795	9.05168e-10	-0.530857	54392	1	1	1e+08	16000
1e+08	1.75	-0.45	-2.1	0.0159765	0.984024	0.0159765	0.984024	3.61187e-10	-0.555867	54392	1	1	1e+08	16000
1e+08	1.75	-0.45	-2.05	0.00641985	0.99358	0.00641985	0.99358	1.46735e-10	-0.57954	54392	1	1	1e+08	16000
1e+08	1.75	-0.45	-2	0.00268651	0.997314	0.00268651	0.997314	6.16678e-11	-0.602018	54392	1	1	1e+08	16000
1e+08	1.75	-0.45	-1.95	0.00117268	0.998827	0.00117268	0.998827	2.69649e-11	-0.623355	54392	1	1	1e+08	16000
1e+08	1.75	-0.45	-1.9	0.000534254	0.999466	0.000534254	0.999466	1.22936e-11	-0.643571	54392	1	1	1e+08	16000
1e+08	1.75	-0.45	-1.85	0.000254096	0.999746	0.000254096	0.999746	5.84853e-12	-0.662671	54392	1	1	1e+08	16000
1e+08	1.75	-0.45	-1.8	0.000126174	0.999874	0.000126174	0.999874	2.90431e-12	-0.680661	54392	1	1	1e+08	16000
1e+08	1.75	-0.45	-1.75	6.54163e-05	0.999935	6.54163e-05	0.999935	1.50562e-12	-0.69754	54392	1	1	1e+08	16000
1e+08	1.75	-0.45	-1.7	3.54137e-05	0.999965	3.54137e-05	0.999965	8.14868e-13	-0.713307	54392	1	1	1e+08	16000
1e+08	1.75	-0.45	-1.65	2.00239e-05	0.99998	2.00239e-05	0.99998	4.60528e-13	-0.727957	54392	1	1	1e+08	16000
1e+08	1.75	-0.45	-1.6	1.53862e-05	0.999985	1.53862e-05	0.999985	3.53745e-13	-0.734726	54392	1	1	1e+08	16000
1e+08	1.75	-0.45	-1.55	1.56916e-05	0.999984	1.56916e-05	0.999984	3.60777e-13	-0.734221	54392	1	1	1e+08	16000
1e+08	1.75	-0.45	-1.5	1.76825e-05	0.999982	1.76825e-05	0.999982	4.06618e-13	-0.731152	54392	1	1	1e+08	16000
1e+08	1.75	-0.45	-1.45	2.78888e-05	0.999972	2.78888e-05	0.999972	6.41614e-13	-0.719445	54392	1	1	1e+08	16000
1e+08	1.75	-0.45	-1.4	6.35076e-05	0.999937	6.35076e-05	0.999937	1.46168e-12	-0.6983	54392	1	1	1e+08	16000
1e+08	1.75	-0.45	-1.35	0.000163767	0.999836	0.000163767	0.999836	3.76965e-12	-0.67396	54392	1	1	1e+08	16000
1e+08	1.75	-0.45	-1.3	0.000431629	0.999568	0.000431629	0.999568	9.93317e-12	-0.649054	54392	1	1	1e+08	16000
1e+08	1.75	-0.45	-1.25	0.0011411	0.998859	0.0011411	0.998859	2.62399e-11	-0.624057	54392	1	1	1e+08	16000
1e+08	1.75	-0.45	-1.2	0.00301668	0.996983	0.00301668	0.996983	6.92204e-11	-0.599032	54392	1	1	1e+08	16000
1e+08	1.75	-0.45	-1.15	0.00796497	0.992035	0.00796497	0.992035	1.81728e-10	-0.573959	54392	1	1	1e+08	16000
1e+08	1.75	-0.45	-1.1	0.0209544	0.979046	0.0209544	0.979046	4.71038e-10	-0.548768	54392	1	1	1e+08	16000
1e+08	1.75	-0.45	-1.05	0.0545722	0.945428	0.0545722	0.945428	1.18083e-09	-0.523278	54392	1	1	1e+08	16000
1e+08	1.75	-0.45	-1	0.137896	0.862104	0.137896	0.862104	2.72046e-09	-0.497091	54392	1	1	1e+08	16000
1e+08	1.75	-0.45	-0.95	0.317465	0.682535	0.317465	0.682535	5.18568e-09	-0.469666	54392	1	1	1e+08	16000
1e+08	1.75	-0.45	-0.9	0.582847	0.417153	0.582847	0.417153	7.38692e-09	-0.441407	54392	1	1	1e+08	16000
1e+08	1.75	-0.45	-0.85	0.802453	0.197547	0.802453	0.197547	8.42403e-09	-0.413987	54392	1	1	1e+08	16000
1e+08	1.75	-0.45	-0.8	0.918398	0.0816025	0.918398	0.0816025	8.79329e-09	-0.387804	54392	1	1	1e+08	16000
1e+08	1.75	-0.45	-0.75	0.968102	0.0318977	0.968102	0.0318977	8.92379e-09	-0.362316	54392	1	1	1e+08	16000
1e+08	1.75	-0.45	-0.7	0.98779	0.0122096	0.98779	0.0122096	8.97149e-09	-0.337126	54392	1	1	1e+08	16000
1e+08	1.75	-0.45	-0.65	0.995363	0.00463663	0.995363	0.00463663	8.98927e-09	-0.312053	54392	1	1	1e+08	16000
1e+08	1.75	-0.45	-0.6	0.998244	0.00175551	0.998245	0.00175551	8.99595e-09	-0.287026	54392	1	1	1e+08	16000
1e+08	1.75	-0.45	-0.55	0.999336	0.000663919	0.999336	0.000663919	8.99847e-09	-0.262015	54392	1	1	1e+08	16000
1e+08	1.75	-0.45	-0.5	0.999749	0.000250981	0.999749	0.000250981	8.99942e-09	-0.237012	54392	1	1	1e+08	16000
1e+08	1.75	-0.45	-0.45	0.999905	9.48627e-05	0.999905	9.48627e-05	8.99978e-09	-0.21201	54392	1	1	1e+08	16000
1e+08	1.75	-0.45	-0.4	0.999964	3.58529e-05	0.999964	3.58529e-05	8.99992e-09	-0.187009	54392	1	1	1e+08	16000
1e+08	1.75	-0.45	-0.35	0.999986	1.35501e-05	0.999986	1.35501e-05	8.99997e-09	-0.162009	54392	1	1	1e+08	16000
1e+08	1.75	-0.45	-0.3	0.999995	5.12103e-06	0.999995	5.12103e-06	8.99999e-09	-0.137009	54392	1	1	1e+08	16000
1e+08	1.75	-0.45	-0.25	0.999998	1.9354e-06	0.999998	1.9354e-06	9e-09	-0.112009	54392	1	1	1e+08	16000
1e+08	1.75	-0.45	-0.2	0.999999	7.31448e-07	0.999999	7.31448e-07	9e-09	-0.0870091	54392	1	1	1e+08	16000
1e+08	1.75	-0.45	-0.15	1	2.76437e-07	1	2.76437e-07	9e-09	-0.0620091	54392	1	1	1e+08	16000
1e+08	1.75	-0.45	-0.1	1	1.04474e-07	1	1.04474e-07	9e-09	-0.0370091	54392	1	1	1e+08	16000
1e+08	1.75	-0.45	-0.05	1	3.9484e-08	1	3.9484e-08	9e-09	-0.0120091	54392	1	1	1e+08	16000
1e+08	1.75	-0.45	0	1	1.49222e-08	1	1.49222e-08	9e-09	0.0129909	54392	1	1	1e+08	16000
1e+08	1.75	-0.45	0.05	1	5.63958e-09	1	5.63958e-09	9e-09	0.0379909	54392	1	1	1e+08	16000
1e+08	1.75	-0.45	0.1	1	2.13137e-09	1	2.13137e-09	9e-09	0.0629909	54392	1	1	1e+08	16000
1e+08	1.75	-0.45	0.15	1	8.05511e-10	1	8.05511e-10	9e-09	0.0879909	54392	1	1	1e+08	16000
1e+08	1.75	-0.45	0.2	1	3.04428e-10	1	3.04428e-10	9e-09	0.112991	54392	1	1	1e+08	16000
1e+08	1.75	-0.45	0.25	1	1.15053e-10	1	1.15053e-10	9e-09	0.137991	54392	1	1	1e+08	16000
1e+08	1.75	-0.45	0.3	1	4.3482e-11	1	4.3482e-11	9e-09	0.162991	54392	1	1	1e+08	16000
1e+08	1.75	-0.45	0.35	1	1.64332e-11	1	1.64332e-11	9e-09	0.187991	54392	1	1	1e+08	16000
1e+08	1.75	-0.45	0.4	1	6.21061e-12	1	6.21061e-12	9e-09	0.212991	54392	1	1	1e+08	16000
1e+08	1.75	-0.45	0.45	1	2.34718e-12	1	2.34718e-12	9e-09	0.237991	54392	1	1	1e+08	16000
1e+08	1.75	-0.45	0.5	1	8.87082e-13	1	8.87082e-13	9e-09	0.262991	54392	1	1	1e+08	16000
1e+08	1.75	-0.45	0.55	1	-1.32988e-12	1	-1.32988e-12	9e-09	nan	54392	1	1	1e+08	16000
1e+08	1.75	-0.45	0.6	1	1.30775e-13	1	1.30775e-13	9e-09	0.312178	54392	1	1	1e+08	16000
1e+08	1.75	-0.45	0.65	1	2.90534e-13	1	2.90534e-13	9e-09	0.291669	54392	1	1	1e+08	16000
1e+08	1.75	-0.45	0.7	1	1.8098e-14	1	1.8098e-14	9e-09	0.36299	54392	1	1	1e+08	16000
1e+08	1.8	-0.45	-2.3	0.269115	0.730885	0.269115	0.730885	4.61872e-09	-0.47567	54392	1	1	1e+08	16000
1e+08	1.8	-0.45	-2.25	0.0750137	0.924986	0.0750137	0.924986	1.58631e-09	-0.514543	54392	1	1	1e+08	16000
1e+08	1.8	-0.45	-2.2	0.0269427	0.973057	0.0269427	0.973057	6.01528e-10	-0.542152	54392	1	1	1e+08	16000
1e+08	1.8	-0.45	-2.15	0.00996514	0.990035	0.00996514	0.990035	2.26843e-10	-0.568151	54392	1	1	1e+08	16000
1e+08	1.8	-0.45	-2.1	0.00382932	0.996171	0.00382932	0.996171	8.77858e-11	-0.592882	54392	1	1	1e+08	16000
1e+08	1.8	-0.45	-2.05	0.00153382	0.998466	0.00153382	0.998466	3.52551e-11	-0.616448	54392	1	1	1e+08	16000
1e+08	1.8	-0.45	-2	0.000641069	0.999359	0.000641069	0.999359	1.47502e-11	-0.638885	54392	1	1	1e+08	16000
1e+08	1.8	-0.45	-1.95	0.000279691	0.99972	0.000279691	0.99972	6.43802e-12	-0.660205	54392	1	1	1e+08	16000
1e+08	1.8	-0.45	-1.9	0.000127396	0.999873	0.000127396	0.999873	2.93293e-12	-0.680413	54392	1	1	1e+08	16000
1e+08	1.8	-0.45	-1.85	6.05839e-05	0.999939	6.05839e-05	0.999939	1.39487e-12	-0.699511	54392	1	1	1e+08	16000
1e+08	1.8	-0.45	-1.8	3.00812e-05	0.99997	3.00812e-05	0.99997	6.92592e-13	-0.7175	54392	1	1	1e+08	16000
1e+08	1.8	-0.45	-1.75	1.55948e-05	0.999984	1.55948e-05	0.999984	3.59047e-13	-0.73438	54392	1	1	1e+08	16000
1e+08	1.8	-0.45	-1.7	8.44306e-06	0.999992	8.44306e-06	0.999992	1.94377e-13	-0.750145	54392	1	1	1e+08	16000
1e+08	1.8	-0.45	-1.65	4.79426e-06	0.999995	4.79426e-06	0.999995	1.10361e-13	-0.764685	54392	1	1	1e+08	16000
1e+08	1.8	-0.45	-1.6	3.86424e-06	0.999996	3.86424e-06	0.999996	8.8947e-14	-0.770226	54392	1	1	1e+08	16000
1e+08	1.8	-0.45	-1.55	4.94145e-06	0.999995	4.94145e-06	0.999995	1.1375e-13	-0.763908	54392	1	1	1e+08	16000
1e+08	1.8	-0.45	-1.5	9.5302e-06	0.99999	9.5302e-06	0.99999	2.19408e-13	-0.747033	54392	1	1	1e+08	16000
1e+08	1.8	-0.45	-1.45	2.35738e-05	0.999976	2.35738e-05	0.999976	5.42762e-13	-0.723763	54392	1	1	1e+08	16000
1e+08	1.8	-0.45	-1.4	6.17285e-05	0.999938	6.17285e-05	0.999938	1.42122e-12	-0.699031	54392	1	1	1e+08	16000
1e+08	1.8	-0.45	-1.35	0.000163079	0.999837	0.000163079	0.999837	3.7543e-12	-0.674068	54392	1	1	1e+08	16000
1e+08	1.8	-0.45	-1.3	0.000431362	0.999569	0.000431362	0.999569	9.92752e-12	-0.649069	54392	1	1	1e+08	16000
1e+08	1.8	-0.45	-1.25	0.001141	0.998859	0.001141	0.998859	2.62379e-11	-0.62406	54392	1	1	1e+08	16000
1e+08	1.8	-0.45	-1.2	0.00301663	0.996983	0.00301663	0.996983	6.92198e-11	-0.599032	54392	1	1	1e+08	16000
1e+08	1.8	-0.45	-1.15	0.00796495	0.992035	0.00796495	0.992035	1.81728e-10	-0.573959	54392	1	1	1e+08	16000
1e+08	1.8	-0.45	-1.1	0.0209544	0.979046	0.0209544	0.979046	4.71038e-10	-0.548768	54392	1	1	1e+08	16000
1e+08	1.8	-0.45	-1.05	0.0545722	0.945428	0.0545722	0.945428	1.18083e-09	-0.523278	54392	1	1	1e+08	16000
1e+08	1.8	-0.45	-1	0.137896	0.862104	0.137896	0.862104	2.72046e-09	-0.497091	54392	1	1	1e+08	16000
1e+08	1.8	-0.45	-0.95	0.317465	0.682535	0.317465	0.682535	5.18568e-09	-0.469666	54392	1	1	1e+08	16000
1e+08	1.8	-0.45	-0.9	0.582847	0.417153	0.582847	0.417153	7.38692e-09	-0.441407	54392	1	1	1e+08	16000
1e+08	1.8	-0.45	-0.85	0.802453	0.197547	0.802453	0.197547	8.42403e-09	-0.413987	54392	1	1	1e+08	16000
1e+08	1.8	-0.45	-0.8	0.918398	0.0816025	0.918398	0.0816025	8.79329e-09	-0.387804	54392	1	1	1e+08	16000
1e+08	1.8	-0.45	-0.75	0.968102	0.0318977	0.968102	0.0318977	8.92379e-09	-0.362316	54392	1	1	1e+08	16000
1e+08	1.8	-0.45	-0.7	0.98779	0.0122096	0.98779	0.0122096	8.97149e-09	-0.337126	54392	1	1	1e+08	16000
1e+08	1.8	-0.45	-0.65	0.995363	0.00463663	0.995363	0.00463663	8.98927e-09	-0.312053	54392	1	1	1e+08	16000
1e+08	1.8	-0.45	-0.6	0.998244	0.00175551	0.998245	0.00175551	8.99595e-09	-0.287026	54392	1	1	1e+08	16000
1e+08	1.8	-0.45	-0.55	0.999336	0.000663919	0.999336	0.000663919	8.99847e-09	-0.262015	54392	1	1	1e+08	16000
1e+08	1.8	-0.45	-0.5	0.999749	0.000250981	0.999749	0.000250981	8.99942e-09	-0.237012	54392	1	1	1e+08	16000
1e+08	1.8	-0.45	-0.45	0.999905	9.48627e-05	0.999905	9.48627e-05	8.99978e-09	-0.21201	54392	1	1	1e+08	16000
1e+08	1.8	-0.45	-0.4	0.999964	3.58529e-05	0.999964	3.58529e-05	8.99992e-09	-0.187009	54392	1	1	1e+08	16000
1e+08	1.8	-0.45	-0.35	0.999986	1.35501e-05	0.999986	1.35501e-05	8.99997e-09	-0.162009	54392	1	1	1e+08	16000
1e+08	1.8	-0.45	-0.3	0.999995	5.12103e-06	0.999995	5.12103e-06	8.99999e-09	-0.137009	54392	1	1	1e+08	16000
1e+08	1.8	-0.45	-0.25	0.999998	1.9354e-06	0.999998	1.9354e-06	9e-09	-0.112009	54392	1	1	1e+08	16000
1e+08	1.8	-0.45	-0.2	0.999999	7.31448e-07	0.999999	7.31448e-07	9e-09	-0.0870091	54392	1	1	1e+08	16000
1e+08	1.8	-0.45	-0.15	1	2.76437e-07	1	2.76437e-07	9e-09	-0.0620091	54392	1	1	1e+08	16000
1e+08	1.8	-0.45	-0.1	1	1.04474e-07	1	1.04474e-07	9e-09	-0.0370091	54392	1	1	1e+08	16000
1e+08	1.8	-0.45	-0.05	1	3.9484e-08	1	3.9484e-08	9e-09	-0.0120091	54392	1	1	1e+08	16000
1e+08	1.8	-0.45	0	1	1.49222e-08	1	1.49222e-08	9e-09	0.0129909	54392	1	1	1e+08	16000
1e+08	1.8	-0.45	0.05	1	5.63958e-09	1	5.63958e-09	9e-09	0.0379909	54392	1	1	1e+08	16000
1e+08	1.8	-0.45	0.1	1	2.13137e-09	1	2.13137e-09	9e-09	0.0629909	54392	1	1	1e+08	16000
1e+08	1.8	-0.45	0.15	1	8.05511e-10	1	8.05511e-10	9e-09	0.0879909	54392	1	1	1e+08	16000
1e+08	1.8	-0.45	0.2	1	3.04428e-10	1	3.04428e-10	9e-09	0.112991	54392	1	1	1e+08	16000
1e+08	1.8	-0.45	0.25	1	1.15053e-10	1	1.15053e-10	9e-09	0.137991	54392	1	1	1e+08	16000
1e+08	1.8	-0.45	0.3	1	4.3482e-11	1	4.3482e-11	9e-09	0.162991	54392	1	1	1e+08	16000
1e+08	1.8	-0.45	0.35	1	1.64332e-11	1	1.64332e-11	9e-09	0.187991	54392	1	1	1e+08	16000
1e+08	1.8	-0.45	0.4	1	6.21061e-12	1	6.21061e-12	9e-09	0.212991	54392	1	1	1e+08	16000
1e+08	1.8	-0.45	0.45	1	2.34718e-12	1	2.34718e-12	9e-09	0.237991	54392	1	1	1e+08	16000
1e+08	1.8	-0.45	0.5	1	8.87082e-13	1	8.87082e-13	9e-09	0.262991	54392	1	1	1e+08	16000
1e+08	1.8	-0.45	0.55	1	6.12262e-13	1	6.12262e-13	9e-09	0.272517	54392	1	1	1e+08	16000
1e+08	1.8	-0.45	0.6	1	1.30775e-13	1	1.30775e-13	9e-09	0.312178	54392	1	1	1e+08	16000
1e+08	1.8	-0.45	0.65	1	2.90534e-13	1	2.90534e-13	9e-09	0.291669	54392	1	1	1e+08	16000
1e+08	1.8	-0.45	0.7	1	1.8098e-14	1	1.8098e-14	9e-09	0.36299	54392	1	1	1e+08	16000
1e+08	1.8	-0.45	0.75	1	-1.50329e-14	1	-1.50329e-14	9e-09	nan	54392	1	1	1e+08	16000
1e+08	1.85	-0.45	-2.2	0.00629892	0.993701	0.00629892	0.993701	1.43991e-10	-0.580032	54392	1	1	1e+08	16000
1e+08	1.85	-0.45	-2.15	0.00228309	0.997717	0.00228309	0.997717	5.24322e-11	-0.606209	54392	1	1	1e+08	16000
1e+08	1.85	-0.45	-2.1	0.000875523	0.999124	0.000875523	0.999124	2.01394e-11	-0.630871	54392	1	1	1e+08	16000
1e+08	1.85	-0.45	-2.05	0.000350421	0.99965	0.000350421	0.99965	8.06548e-12	-0.654411	54392	1	1	1e+08	16000
1e+08	1.85	-0.45	-2	0.000146418	0.999854	0.000146418	0.999854	3.37082e-12	-0.676837	54392	1	1	1e+08	16000
1e+08	1.85	-0.45	-1.95	6.38727e-05	0.999936	6.38727e-05	0.999936	1.47061e-12	-0.698153	54392	1	1	1e+08	16000
1e+08	1.85	-0.45	-1.9	2.90917e-05	0.999971	2.90917e-05	0.999971	6.69837e-13	-0.71836	54392	1	1	1e+08	16000
1e+08	1.85	-0.45	-1.85	1.38344e-05	0.999986	1.38344e-05	0.999986	3.18542e-13	-0.737457	54392	1	1	1e+08	16000
1e+08	1.85	-0.45	-1.8	6.869e-06	0.999993	6.869e-06	0.999993	1.58162e-13	-0.755446	54392	1	1	1e+08	16000
1e+08	1.85	-0.45	-1.75	3.56156e-06	0.999996	3.56156e-06	0.999996	8.20061e-14	-0.772321	54392	1	1	1e+08	16000
1e+08	1.85	-0.45	-1.7	1.93576e-06	0.999998	1.93576e-06	0.999998	4.45708e-14	-0.787986	54392	1	1	1e+08	16000
1e+08	1.85	-0.45	-1.65	1.18837e-06	0.999999	1.18837e-06	0.999999	2.73616e-14	-0.800522	54392	1	1	1e+08	16000
1e+08	1.85	-0.45	-1.6	1.50878e-06	0.999999	1.50878e-06	0.999999	3.47394e-14	-0.794389	54392	1	1	1e+08	16000
1e+08	1.85	-0.45	-1.55	3.4294e-06	0.999997	3.4294e-06	0.999997	7.89629e-14	-0.773293	54392	1	1	1e+08	16000
1e+08	1.85	-0.45	-1.5	8.84092e-06	0.999991	8.84092e-06	0.999991	2.03566e-13	-0.748962	54392	1	1	1e+08	16000
1e+08	1.85	-0.45	-1.45	2.33033e-05	0.999977	2.33033e-05	0.999977	5.36563e-13	-0.72406	54392	1	1	1e+08	16000
1e+08	1.85	-0.45	-1.4	6.16253e-05	0.999938	6.16253e-05	0.999938	1.41887e-12	-0.699074	54392	1	1	1e+08	16000
1e+08	1.85	-0.45	-1.35	0.00016304	0.999837	0.00016304	0.999837	3.75342e-12	-0.674074	54392	1	1	1e+08	16000
1e+08	1.85	-0.45	-1.3	0.000431347	0.999569	0.000431347	0.999569	9.92719e-12	-0.64907	54392	1	1	1e+08	16000
1e+08	1.85	-0.45	-1.25	0.00114099	0.998859	0.00114099	0.998859	2.62378e-11	-0.62406	54392	1	1	1e+08	16000
1e+08	1.85	-0.45	-1.2	0.00301663	0.996983	0.00301663	0.996983	6.92198e-11	-0.599032	54392	1	1	1e+08	16000
1e+08	1.85	-0.45	-1.15	0.00796495	0.992035	0.00796495	0.992035	1.81728e-10	-0.573959	54392	1	1	1e+08	16000
1e+08	1.85	-0.45	-1.1	0.0209544	0.979046	0.0209544	0.979046	4.71038e-10	-0.548768	54392	1	1	1e+08	16000
1e+08	1.85	-0.45	-1.05	0.0545722	0.945428	0.0545722	0.945428	1.18083e-09	-0.523278	54392	1	1	1e+08	16000
1e+08	1.85	-0.45	-1	0.137896	0.862104	0.137896	0.862104	2.72046e-09	-0.497091	54392	1	1	1e+08	16000
1e+08	1.85	-0.45	-0.95	0.317465	0.682535	0.317465	0.682535	5.18568e-09	-0.469666	54392	1	1	1e+08	16000
1e+08	1.85	-0.45	-0.9	0.582847	0.417153	0.582847	0.417153	7.38692e-09	-0.441407	54392	1	1	1e+08	16000
1e+08	1.85	-0.45	-0.85	0.802453	0.197547	0.802453	0.197547	8.42403e-09	-0.413987	54392	1	1	1e+08	16000
1e+08	1.85	-0.45	-0.8	0.918398	0.0816025	0.918398	0.0816025	8.79329e-09	-0.387804	54392	1	1	1e+08	16000
1e+08	1.85	-0.45	-0.75	0.968102	0.0318977	0.968102	0.0318977	8.92379e-09	-0.362316	54392	1	1	1e+08	16000
1e+08	1.85	-0.45	-0.7	0.98779	0.0122096	0.98779	0.0122096	8.97149e-09	-0.337126	54392	1	1	1e+08	16000
1e+08	1.85	-0.45	-0.65	0.995363	0.00463663	0.995363	0.00463663	8.98927e-09	-0.312053	54392	1	1	1e+08	16000
1e+08	1.85	-0.45	-0.6	0.998244	0.00175551	0.998245	0.00175551	8.99595e-09	-0.287026	54392	1	1	1e+08	16000
1e+08	1.85	-0.45	-0.55	0.999336	0.000663919	0.999336	0.000663919	8.99847e-09	-0.262015	54392	1	1	1e+08	16000
1e+08	1.85	-0.45	-0.5	0.999749	0.000250981	0.999749	0.000250981	8.99942e-09	-0.237012	54392	1	1	1e+08	16000
1e+08	1.85	-0.45	-0.45	0.999905	9.48627e-05	0.999905	9.48627e-05	8.99978e-09	-0.21201	54392	1	1	1e+08	16000
1e+08	1.85	-0.45	-0.4	0.999964	3.58529e-05	0.999964	3.58529e-05	8.99992e-09	-0.187009	54392	1	1	1e+08	16000
1e+08	1.85	-0.45	-0.35	0.999986	1.35501e-05	0.999986	1.35501e-05	8.99997e-09	-0.162009	54392	1	1	1e+08	16000
1e+08	1.85	-0.45	-0.3	0.999995	5.12103e-06	0.999995	5.12103e-06	8.99999e-09	-0.137009	54392	1	1	1e+08	16000
1e+08	1.85	-0.45	-0.25	0.999998	1.9354e-06	0.999998	1.9354e-06	9e-09	-0.112009	54392	1	1	1e+08	16000
1e+08	1.85	-0.45	-0.2	0.999999	7.31448e-07	0.999999	7.31448e-07	9e-09	-0.0870091	54392	1	1	1e+08	16000
1e+08	1.85	-0.45	-0.15	1	2.76437e-07	1	2.76437e-07	9e-09	-0.0620091	54392	1	1	1e+08	16000
1e+08	1.85	-0.45	-0.1	1	1.04474e-07	1	1.04474e-07	9e-09	-0.0370091	54392	1	1	1e+08	16000
1e+08	1.85	-0.45	-0.05	1	3.9484e-08	1	3.9484e-08	9e-09	-0.0120091	54392	1	1	1e+08	16000
1e+08	1.85	-0.45	0	1	1.49222e-08	1	1.49222e-08	9e-09	0.0129909	54392	1	1	1e+08	16000
1e+08	1.85	-0.45	0.05	1	5.63958e-09	1	5.63958e-09	9e-09	0.0379909	54392	1	1	1e+08	16000
1e+08	1.85	-0.45	0.1	1	2.13137e-09	1	2.13137e-09	9e-09	0.0629909	54392	1	1	1e+08	16000
1e+08	1.85	-0.45	0.15	1	8.05511e-10	1	8.05511e-10	9e-09	0.0879909	54392	1	1	1e+08	16000
1e+08	1.85	-0.45	0.2	1	3.04428e-10	1	3.04428e-10	9e-09	0.112991	54392	1	1	1e+08	16000
1e+08	1.85	-0.45	0.25	1	1.15053e-10	1	1.15053e-10	9e-09	0.137991	54392	1	1	1e+08	16000
1e+08	1.85	-0.45	0.3	1	4.3482e-11	1	4.3482e-11	9e-09	0.162991	54392	1	1	1e+08	16000
1e+08	1.85	-0.45	0.35	1	1.64332e-11	1	1.64332e-11	9e-09	0.187991	54392	1	1	1e+08	16000
1e+08	1.85	-0.45	0.4	1	6.21061e-12	1	6.21061e-12	9e-09	0.212991	54392	1	1	1e+08	16000
1e+08	1.85	-0.45	0.45	1	2.34718e-12	1	2.34718e-12	9e-09	0.237991	54392	1	1	1e+08	16000
1e+08	1.85	-0.45	0.5	1	8.87082e-13	1	8.87082e-13	9e-09	0.262991	54392	1	1	1e+08	16000
1e+08	1.85	-0.45	0.55	1	4.74336e-13	1	4.74336e-13	9e-09	0.279075	54392	1	1	1e+08	16000
1e+08	1.85	-0.45	0.6	1	1.30775e-13	1	1.30775e-13	9e-09	0.312178	54392	1	1	1e+08	16000
1e+08	1.85	-0.45	0.65	1	2.90534e-13	1	2.90534e-13	9e-09	0.291669	54392	1	1	1e+08	16000
1e+08	1.85	-0.45	0.7	1	1.8098e-14	1	1.8098e-14	9e-09	0.36299	54392	1	1	1e+08	16000
1e+08	1.85	-0.45	0.75	1	-1.50329e-14	1	-1.50329e-14	9e-09	nan	54392	1	1	1e+08	16000
1e+08	1.85	-0.45	0.8	1	4.81056e-15	1	4.81056e-15	9e-09	0.397032	54392	1	1	1e+08	16000
1e+08	1.85	-0.45	0.85	1	9.8654e-16	1	9.8654e-16	9e-09	0.437738	54392	1	1	1e+08	16000
1e+08	1.9	-0.45	-2.15	0.000552655	0.999447	0.000552656	0.999447	1.27173e-11	-0.6427	54392	1	1	1e+08	16000
1e+08	1.9	-0.45	-2.1	0.000191691	0.999808	0.000191691	0.999808	4.41286e-12	-0.669914	54392	1	1	1e+08	16000
1e+08	1.9	-0.45	-2.05	7.66474e-05	0.999923	7.66475e-05	0.999923	1.76472e-12	-0.693468	54392	1	1	1e+08	16000
1e+08	1.9	-0.45	-2	3.20237e-05	0.999968	3.20237e-05	0.999968	7.37346e-13	-0.715893	54392	1	1	1e+08	16000
1e+08	1.9	-0.45	-1.95	1.39695e-05	0.999986	1.39695e-05	0.999986	3.21655e-13	-0.737208	54392	1	1	1e+08	16000
1e+08	1.9	-0.45	-1.9	6.36253e-06	0.999994	6.36253e-06	0.999994	1.46502e-13	-0.757414	54392	1	1	1e+08	16000
1e+08	1.9	-0.45	-1.85	3.02566e-06	0.999997	3.02566e-06	0.999997	6.96682e-14	-0.776511	54392	1	1	1e+08	16000
1e+08	1.9	-0.45	-1.8	1.50249e-06	0.999999	1.50249e-06	0.999999	3.45959e-14	-0.794496	54392	1	1	1e+08	16000
1e+08	1.9	-0.45	-1.75	7.81733e-07	0.999999	7.81734e-07	0.999999	1.8e-14	-0.811283	54392	1	1	1e+08	16000
1e+08	1.9	-0.45	-1.7	4.58178e-07	1	4.58178e-07	1	1.05499e-14	-0.825009	54392	1	1	1e+08	16000
1e+08	1.9	-0.45	-1.65	5.31486e-07	0.999999	5.31486e-07	0.999999	1.22378e-14	-0.821196	54392	1	1	1e+08	16000
1e+08	1.9	-0.45	-1.6	1.2703e-06	0.999999	1.2703e-06	0.999999	2.92497e-14	-0.798809	54392	1	1	1e+08	16000
1e+08	1.9	-0.45	-1.55	3.33135e-06	0.999997	3.33135e-06	0.999997	7.67067e-14	-0.774038	54392	1	1	1e+08	16000
1e+08	1.9	-0.45	-1.5	8.80333e-06	0.999991	8.80333e-06	0.999991	2.02702e-13	-0.749071	54392	1	1	1e+08	16000
1e+08	1.9	-0.45	-1.45	2.32891e-05	0.999977	2.32891e-05	0.999977	5.36236e-13	-0.724076	54392	1	1	1e+08	16000
1e+08	1.9	-0.45	-1.4	6.16199e-05	0.999938	6.16199e-05	0.999938	1.41875e-12	-0.699076	54392	1	1	1e+08	16000
1e+08	1.9	-0.45	-1.35	0.000163038	0.999837	0.000163038	0.999837	3.75338e-12	-0.674074	54392	1	1	1e+08	16000
1e+08	1.9	-0.45	-1.3	0.000431346	0.999569	0.000431346	0.999569	9.92718e-12	-0.64907	54392	1	1	1e+08	16000
1e+08	1.9	-0.45	-1.25	0.00114099	0.998859	0.00114099	0.998859	2.62378e-11	-0.62406	54392	1	1	1e+08	16000
1e+08	1.9	-0.45	-1.2	0.00301663	0.996983	0.00301663	0.996983	6.92198e-11	-0.599032	54392	1	1	1e+08	16000
1e+08	1.9	-0.45	-1.15	0.00796495	0.992035	0.00796495	0.992035	1.81728e-10	-0.573959	54392	1	1	1e+08	16000
1e+08	1.9	-0.45	-1.1	0.0209544	0.979046	0.0209544	0.979046	4.71038e-10	-0.548768	54392	1	1	1e+08	16000
1e+08	1.9	-0.45	-1.05	0.0545722	0.945428	0.0545722	0.945428	1.18083e-09	-0.523278	54392	1	1	1e+08	16000
1e+08	1.9	-0.45	-1	0.137896	0.862104	0.137896	0.862104	2.72046e-09	-0.497091	54392	1	1	1e+08	16000
1e+08	1.9	-0.45	-0.95	0.317465	0.682535	0.317465	0.682535	5.18568e-09	-0.469666	54392	1	1	1e+08	16000
1e+08	1.9	-0.45	-0.9	0.582847	0.417153	0.582847	0.417153	7.38692e-09	-0.441407	54392	1	1	1e+08	16000
1e+08	1.9	-0.45	-0.85	0.802453	0.197547	0.802453	0.197547	8.42403e-09	-0.413987	54392	1	1	1e+08	16000
1e+08	1.9	-0.45	-0.8	0.918398	0.0816025	0.918398	0.0816025	8.79329e-09	-0.387804	54392	1	1	1e+08	16000
1e+08	1.9	-0.45	-0.75	0.968102	0.0318977	0.968102	0.0318977	8.92379e-09	-0.362316	54392	1	1	1e+08	16000
1e+08	1.9	-0.45	-0.7	0.98779	0.0122096	0.98779	0.0122096	8.97149e-09	-0.337126	54392	1	1	1e+08	16000
1e+08	1.9	-0.45	-0.65	0.995363	0.00463663	0.995363	0.00463663	8.98927e-09	-0.312053	54392	1	1	1e+08	16000
1e+08	1.9	-0.45	-0.6	0.998244	0.00175551	0.998245	0.00175551	8.99595e-09	-0.287026	54392	1	1	1e+08	16000
1e+08	1.9	-0.45	-0.55	0.999336	0.000663919	0.999336	0.000663919	8.99847e-09	-0.262015	54392	1	1	1e+08	16000
1e+08	1.9	-0.45	-0.5	0.999749	0.000250981	0.999749	0.000250981	8.99942e-09	-0.237012	54392	1	1	1e+08	16000
1e+08	1.9	-0.45	-0.45	0.999905	9.48627e-05	0.999905	9.48627e-05	8.99978e-09	-0.21201	54392	1	1	1e+08	16000
1e+08	1.9	-0.45	-0.4	0.999964	3.58529e-05	0.999964	3.58529e-05	8.99992e-09	-0.187009	54392	1	1	1e+08	16000
1e+08	1.9	-0.45	-0.35	0.999986	1.35501e-05	0.999986	1.35501e-05	8.99997e-09	-0.162009	54392	1	1	1e+08	16000
1e+08	1.9	-0.45	-0.3	0.999995	5.12103e-06	0.999995	5.12103e-06	8.99999e-09	-0.137009	54392	1	1	1e+08	16000
1e+08	1.9	-0.45	-0.25	0.999998	1.9354e-06	0.999998	1.9354e-06	9e-09	-0.112009	54392	1	1	1e+08	16000
1e+08	1.9	-0.45	-0.2	0.999999	7.31448e-07	0.999999	7.31448e-07	9e-09	-0.0870091	54392	1	1	1e+08	16000
1e+08	1.9	-0.45	-0.15	1	2.76437e-07	1	2.76437e-07	9e-09	-0.0620091	54392	1	1	1e+08	16000
1e+08	1.9	-0.45	-0.1	1	1.04474e-07	1	1.04474e-07	9e-09	-0.0370091	54392	1	1	1e+08	16000
1e+08	1.9	-0.45	-0.05	1	3.9484e-08	1	3.9484e-08	9e-09	-0.0120091	54392	1	1	1e+08	16000
1e+08	1.9	-0.45	0	1	1.49222e-08	1	1.49222e-08	9e-09	0.0129909	54392	1	1	1e+08	16000
1e+08	1.9	-0.45	0.05	1	5.63958e-09	1	5.63958e-09	9e-09	0.0379909	54392	1	1	1e+08	16000
1e+08	1.9	-0.45	0.1	1	2.13137e-09	1	2.13137e-09	9e-09	0.0629909	54392	1	1	1e+08	16000
1e+08	1.9	-0.45	0.15	1	8.05511e-10	1	8.05511e-10	9e-09	0.0879909	54392	1	1	1e+08	16000
1e+08	1.9	-0.45	0.2	1	3.04428e-10	1	3.04428e-10	9e-09	0.112991	54392	1	1	1e+08	16000
1e+08	1.9	-0.45	0.25	1	1.15053e-10	1	1.15053e-10	9e-09	0.137991	54392	1	1	1e+08	16000
1e+08	1.9	-0.45	0.3	1	4.3482e-11	1	4.3482e-11	9e-09	0.162991	54392	1	1	1e+08	16000
1e+08	1.9	-0.45	0.35	1	1.64332e-11	1	1.64332e-11	9e-09	0.187991	54392	1	1	1e+08	16000
1e+08	1.9	-0.45	0.4	1	6.21061e-12	1	6.21061e-12	9e-09	0.212991	54392	1	1	1e+08	16000
1e+08	1.9	-0.45	0.45	1	2.34718e-12	1	2.34718e-12	9e-09	0.237991	54392	1	1	1e+08	16000
1e+08	1.9	-0.45	0.5	1	8.87082e-13	1	8.87082e-13	9e-09	0.262991	54392	1	1	1e+08	16000
1e+08	1.9	-0.45	0.55	1	-1.32988e-12	1	-1.32988e-12	9e-09	nan	54392	1	1	1e+08	16000
1e+08	1.9	-0.45	0.6	1	1.30775e-13	1	1.30775e-13	9e-09	0.312178	54392	1	1	1e+08	16000
1e+08	1.9	-0.45	0.65	1	2.90534e-13	1	2.90534e-13	9e-09	0.291669	54392	1	1	1e+08	16000
1e+08	1.9	-0.45	0.7	1	1.8098e-14	1	1.8098e-14	9e-09	0.36299	54392	1	1	1e+08	16000
1e+08	1.9	-0.45	0.75	1	-1.50329e-14	1	-1.50329e-14	9e-09	nan	54392	1	1	1e+08	16000
1e+08	1.9	-0.45	0.8	1	4.81056e-15	1	4.81056e-15	9e-09	0.397032	54392	1	1	1e+08	16000
1e+08	1.9	-0.45	0.85	1	9.8654e-16	1	9.8654e-16	9e-09	0.437738	54392	1	1	1e+08	16000
1e+08	1.95	-0.45	-2.1	5.94839e-05	0.999941	5.94839e-05	0.999941	1.36957e-12	-0.699982	54392	1	1	1e+08	16000
1e+08	1.95	-0.45	-2.05	1.65993e-05	0.999983	1.65994e-05	0.999983	3.82206e-13	-0.732776	54392	1	1	1e+08	16000
1e+08	1.95	-0.45	-2	6.70875e-06	0.999993	6.70875e-06	0.999993	1.54473e-13	-0.756052	54392	1	1	1e+08	16000
1e+08	1.95	-0.45	-1.95	2.92618e-06	0.999997	2.92618e-06	0.999997	6.73775e-14	-0.77737	54392	1	1	1e+08	16000
1e+08	1.95	-0.45	-1.9	1.33275e-06	0.999999	1.33275e-06	0.999999	3.06877e-14	-0.797576	54392	1	1	1e+08	16000
1e+08	1.95	-0.45	-1.85	6.33849e-07	0.999999	6.33849e-07	0.999999	1.45949e-14	-0.81667	54392	1	1	1e+08	16000
1e+08	1.95	-0.45	-1.8	3.15719e-07	1	3.15719e-07	1	7.2697e-15	-0.834577	54392	1	1	1e+08	16000
1e+08	1.95	-0.45	-1.75	1.76681e-07	1	1.76681e-07	1	4.06823e-15	-0.849492	54392	1	1	1e+08	16000
1e+08	1.95	-0.45	-1.7	2.00094e-07	1	2.00094e-07	1	4.60732e-15	-0.846295	54392	1	1	1e+08	16000
1e+08	1.95	-0.45	-1.65	4.77722e-07	1	4.77722e-07	1	1.09999e-14	-0.823936	54392	1	1	1e+08	16000
1e+08	1.95	-0.45	-1.6	1.25771e-06	0.999999	1.25771e-06	0.999999	2.89598e-14	-0.799065	54392	1	1	1e+08	16000
1e+08	1.95	-0.45	-1.55	3.32657e-06	0.999997	3.32657e-06	0.999997	7.65967e-14	-0.774075	54392	1	1	1e+08	16000
1e+08	1.95	-0.45	-1.5	8.80152e-06	0.999991	8.80152e-06	0.999991	2.02661e-13	-0.749076	54392	1	1	1e+08	16000
1e+08	1.95	-0.45	-1.45	2.32884e-05	0.999977	2.32884e-05	0.999977	5.3622e-13	-0.724076	54392	1	1	1e+08	16000
1e+08	1.95	-0.45	-1.4	6.16196e-05	0.999938	6.16196e-05	0.999938	1.41874e-12	-0.699076	54392	1	1	1e+08	16000
1e+08	1.95	-0.45	-1.35	0.000163038	0.999837	0.000163038	0.999837	3.75337e-12	-0.674074	54392	1	1	1e+08	16000
1e+08	1.95	-0.45	-1.3	0.000431346	0.999569	0.000431346	0.999569	9.92718e-12	-0.64907	54392	1	1	1e+08	16000
1e+08	1.95	-0.45	-1.25	0.00114099	0.998859	0.00114099	0.998859	2.62378e-11	-0.62406	54392	1	1	1e+08	16000
1e+08	1.95	-0.45	-1.2	0.00301663	0.996983	0.00301663	0.996983	6.92198e-11	-0.599032	54392	1	1	1e+08	16000
1e+08	1.95	-0.45	-1.15	0.00796495	0.992035	0.00796495	0.992035	1.81728e-10	-0.573959	54392	1	1	1e+08	16000
1e+08	1.95	-0.45	-1.1	0.0209544	0.979046	0.0209544	0.979046	4.71038e-10	-0.548768	54392	1	1	1e+08	16000
1e+08	1.95	-0.45	-1.05	0.0545722	0.945428	0.0545722	0.945428	1.18083e-09	-0.523278	54392	1	1	1e+08	16000
1e+08	1.95	-0.45	-1	0.137896	0.862104	0.137896	0.862104	2.72046e-09	-0.497091	54392	1	1	1e+08	16000
1e+08	1.95	-0.45	-0.95	0.317465	0.682535	0.317465	0.682535	5.18568e-09	-0.469666	54392	1	1	1e+08	16000
1e+08	1.95	-0.45	-0.9	0.582847	0.417153	0.582847	0.417153	7.38692e-09	-0.441407	54392	1	1	1e+08	16000
1e+08	1.95	-0.45	-0.85	0.802453	0.197547	0.802453	0.197547	8.42403e-09	-0.413987	54392	1	1	1e+08	16000
1e+08	1.95	-0.45	-0.8	0.918398	0.0816025	0.918398	0.0816025	8.79329e-09	-0.387804	54392	1	1	1e+08	16000
1e+08	1.95	-0.45	-0.75	0.968102	0.0318977	0.968102	0.0318977	8.92379e-09	-0.362316	54392	1	1	1e+08	16000
1e+08	1.95	-0.45	-0.7	0.98779	0.0122096	0.98779	0.0122096	8.97149e-09	-0.337126	54392	1	1	1e+08	16000
1e+08	1.95	-0.45	-0.65	0.995363	0.00463663	0.995363	0.00463663	8.98927e-09	-0.312053	54392	1	1	1e+08	16000
1e+08	1.95	-0.45	-0.6	0.998244	0.00175551	0.998245	0.00175551	8.99595e-09	-0.287026	54392	1	1	1e+08	16000
1e+08	1.95	-0.45	-0.55	0.999336	0.000663919	0.999336	0.000663919	8.99847e-09	-0.262015	54392	1	1	1e+08	16000
1e+08	1.95	-0.45	-0.5	0.999749	0.000250981	0.999749	0.000250981	8.99942e-09	-0.237012	54392	1	1	1e+08	16000
1e+08	1.95	-0.45	-0.45	0.999905	9.48627e-05	0.999905	9.48627e-05	8.99978e-09	-0.21201	54392	1	1	1e+08	16000
1e+08	1.95	-0.45	-0.4	0.999964	3.58529e-05	0.999964	3.58529e-05	8.99992e-09	-0.187009	54392	1	1	1e+08	16000
1e+08	1.95	-0.45	-0.35	0.999986	1.35501e-05	0.999986	1.35501e-05	8.99997e-09	-0.162009	54392	1	1	1e+08	16000
1e+08	1.95	-0.45	-0.3	0.999995	5.12103e-06	0.999995	5.12103e-06	8.99999e-09	-0.137009	54392	1	1	1e+08	16000
1e+08	1.95	-0.45	-0.25	0.999998	1.9354e-06	0.999998	1.9354e-06	9e-09	-0.112009	54392	1	1	1e+08	16000
1e+08	1.95	-0.45	-0.2	0.999999	7.31448e-07	0.999999	7.31448e-07	9e-09	-0.0870091	54392	1	1	1e+08	16000
1e+08	1.95	-0.45	-0.15	1	2.76437e-07	1	2.76437e-07	9e-09	-0.0620091	54392	1	1	1e+08	16000
1e+08	1.95	-0.45	-0.1	1	1.04474e-07	1	1.04474e-07	9e-09	-0.0370091	54392	1	1	1e+08	16000
1e+08	1.95	-0.45	-0.05	1	3.9484e-08	1	3.9484e-08	9e-09	-0.0120091	54392	1	1	1e+08	16000
1e+08	1.95	-0.45	0	1	1.49222e-08	1	1.49222e-08	9e-09	0.0129909	54392	1	1	1e+08	16000
1e+08	1.95	-0.45	0.05	1	5.63958e-09	1	5.63958e-09	9e-09	0.0379909	54392	1	1	1e+08	16000
1e+08	1.95	-0.45	0.1	1	2.13137e-09	1	2.13137e-09	9e-09	0.0629909	54392	1	1	1e+08	16000
1e+08	1.95	-0.45	0.15	1	8.05511e-10	1	8.05511e-10	9e-09	0.0879909	54392	1	1	1e+08	16000
1e+08	1.95	-0.45	0.2	1	3.04428e-10	1	3.04428e-10	9e-09	0.112991	54392	1	1	1e+08	16000
1e+08	1.95	-0.45	0.25	1	1.15053e-10	1	1.15053e-10	9e-09	0.137991	54392	1	1	1e+08	16000
1e+08	1.95	-0.45	0.3	1	4.3482e-11	1	4.3482e-11	9e-09	0.162991	54392	1	1	1e+08	16000
1e+08	1.95	-0.45	0.35	1	1.64332e-11	1	1.64332e-11	9e-09	0.187991	54392	1	1	1e+08	16000
1e+08	1.95	-0.45	0.4	1	6.21061e-12	1	6.21061e-12	9e-09	0.212991	54392	1	1	1e+08	16000
1e+08	1.95	-0.45	0.45	1	2.34718e-12	1	2.34718e-12	9e-09	0.237991	54392	1	1	1e+08	16000
1e+08	1.95	-0.45	0.5	1	8.87082e-13	1	8.87082e-13	9e-09	0.262991	54392	1	1	1e+08	16000
1e+08	1.95	-0.45	0.55	1	-1.32988e-12	1	-1.32988e-12	9e-09	nan	54392	1	1	1e+08	16000
1e+08	1.95	-0.45	0.6	1	1.30775e-13	1	1.30775e-13	9e-09	0.312178	54392	1	1	1e+08	16000
1e+08	1.95	-0.45	0.65	1	3.56511e-13	1	3.56511e-13	9e-09	0.286411	54392	1	1	1e+08	16000
1e+08	1.95	-0.45	0.7	1	1.8098e-14	1	1.8098e-14	9e-09	0.36299	54392	1	1	1e+08	16000
1e+08	1.95	-0.45	0.75	1	-1.50329e-14	1	-1.50329e-14	9e-09	nan	54392	1	1	1e+08	16000
1e+08	1.95	-0.45	0.8	1	4.81056e-15	1	4.81056e-15	9e-09	0.397032	54392	1	1	1e+08	16000
1e+08	1.95	-0.45	0.85	1	9.8654e-16	1	9.8654e-16	9e-09	0.437738	54392	1	1	1e+08	16000
1e+08	1.95	-0.45	0.9	1	3.97519e-16	1	3.97519e-16	9e-09	0.461092	54392	1	1	1e+08	16000
1e+08	2	-0.45	-2.05	8.27733e-06	0.999992	8.27732e-06	0.999992	1.90591e-13	-0.750654	54392	1	1	1e+08	16000
1e+08	2	-0.45	-2	1.78366e-06	0.999998	1.78366e-06	0.999998	4.10702e-14	-0.790089	54392	1	1	1e+08	16000
1e+08	2	-0.45	-1.95	6.00132e-07	0.999999	6.00134e-07	0.999999	1.38186e-14	-0.818075	54392	1	1	1e+08	16000
1e+08	2	-0.45	-1.9	2.67429e-07	1	2.6743e-07	1	6.15778e-15	-0.838842	54392	1	1	1e+08	16000
1e+08	2	-0.45	-1.85	1.27517e-07	1	1.27518e-07	1	2.93619e-15	-0.85787	54392	1	1	1e+08	16000
1e+08	2	-0.45	-1.8	6.81412e-08	1	6.81411e-08	1	1.56901e-15	-0.873971	54392	1	1	1e+08	16000
1e+08	2	-0.45	-1.75	7.53402e-08	1	7.53401e-08	1	1.73477e-15	-0.871391	54392	1	1	1e+08	16000
1e+08	2	-0.45	-1.7	1.8043e-07	1	1.8043e-07	1	4.15455e-15	-0.848952	54392	1	1	1e+08	16000
1e+08	2	-0.45	-1.65	4.75214e-07	1	4.75214e-07	1	1.09422e-14	-0.824071	54392	1	1	1e+08	16000
1e+08	2	-0.45	-1.6	1.25715e-06	0.999999	1.25715e-06	0.999999	2.8947e-14	-0.799076	54392	1	1	1e+08	16000
1e+08	2	-0.45	-1.55	3.32635e-06	0.999997	3.32635e-06	0.999997	7.65918e-14	-0.774077	54392	1	1	1e+08	16000
1e+08	2	-0.45	-1.5	8.80144e-06	0.999991	8.80144e-06	0.999991	2.02659e-13	-0.749077	54392	1	1	1e+08	16000
1e+08	2	-0.45	-1.45	2.32883e-05	0.999977	2.32883e-05	0.999977	5.3622e-13	-0.724076	54392	1	1	1e+08	16000
1e+08	2	-0.45	-1.4	6.16196e-05	0.999938	6.16196e-05	0.999938	1.41874e-12	-0.699076	54392	1	1	1e+08	16000
1e+08	2	-0.45	-1.35	0.000163038	0.999837	0.000163038	0.999837	3.75337e-12	-0.674074	54392	1	1	1e+08	16000
1e+08	2	-0.45	-1.3	0.000431346	0.999569	0.000431346	0.999569	9.92718e-12	-0.64907	54392	1	1	1e+08	16000
1e+08	2	-0.45	-1.25	0.00114099	0.998859	0.00114099	0.998859	2.62378e-11	-0.62406	54392	1	1	1e+08	16000
1e+08	2	-0.45	-1.2	0.00301663	0.996983	0.00301663	0.996983	6.92198e-11	-0.599032	54392	1	1	1e+08	16000
1e+08	2	-0.45	-1.15	0.00796495	0.992035	0.00796495	0.992035	1.81728e-10	-0.573959	54392	1	1	1e+08	16000
1e+08	2	-0.45	-1.1	0.0209544	0.979046	0.0209544	0.979046	4.71038e-10	-0.548768	54392	1	1	1e+08	16000
1e+08	2	-0.45	-1.05	0.0545722	0.945428	0.0545722	0.945428	1.18083e-09	-0.523278	54392	1	1	1e+08	16000
1e+08	2	-0.45	-1	0.137896	0.862104	0.137896	0.862104	2.72046e-09	-0.497091	54392	1	1	1e+08	16000
1e+08	2	-0.45	-0.95	0.317465	0.682535	0.317465	0.682535	5.18568e-09	-0.469666	54392	1	1	1e+08	16000
1e+08	2	-0.45	-0.9	0.582847	0.417153	0.582847	0.417153	7.38692e-09	-0.441407	54392	1	1	1e+08	16000
1e+08	2	-0.45	-0.85	0.802453	0.197547	0.802453	0.197547	8.42403e-09	-0.413987	54392	1	1	1e+08	16000
1e+08	2	-0.45	-0.8	0.918398	0.0816025	0.918398	0.0816025	8.79329e-09	-0.387804	54392	1	1	1e+08	16000
1e+08	2	-0.45	-0.75	0.968102	0.0318977	0.968102	0.0318977	8.92379e-09	-0.362316	54392	1	1	1e+08	16000
1e+08	2	-0.45	-0.7	0.98779	0.0122096	0.98779	0.0122096	8.97149e-09	-0.337126	54392	1	1	1e+08	16000
1e+08	2	-0.45	-0.65	0.995363	0.00463663	0.995363	0.00463663	8.98927e-09	-0.312053	54392	1	1	1e+08	16000
1e+08	2	-0.45	-0.6	0.998244	0.00175551	0.998245	0.00175551	8.99595e-09	-0.287026	54392	1	1	1e+08	16000
1e+08	2	-0.45	-0.55	0.999336	0.000663919	0.999336	0.000663919	8.99847e-09	-0.262015	54392	1	1	1e+08	16000
1e+08	2	-0.45	-0.5	0.999749	0.000250981	0.999749	0.000250981	8.99942e-09	-0.237012	54392	1	1	1e+08	16000
1e+08	2	-0.45	-0.45	0.999905	9.48627e-05	0.999905	9.48627e-05	8.99978e-09	-0.21201	54392	1	1	1e+08	16000
1e+08	2	-0.45	-0.4	0.999964	3.58529e-05	0.999964	3.58529e-05	8.99992e-09	-0.187009	54392	1	1	1e+08	16000
1e+08	2	-0.45	-0.35	0.999986	1.35501e-05	0.999986	1.35501e-05	8.99997e-09	-0.162009	54392	1	1	1e+08	16000
1e+08	2	-0.45	-0.3	0.999995	5.12103e-06	0.999995	5.12103e-06	8.99999e-09	-0.137009	54392	1	1	1e+08	16000
1e+08	2	-0.45	-0.25	0.999998	1.9354e-06	0.999998	1.9354e-06	9e-09	-0.112009	54392	1	1	1e+08	16000
1e+08	2	-0.45	-0.2	0.999999	7.31448e-07	0.999999	7.31448e-07	9e-09	-0.0870091	54392	1	1	1e+08	16000
1e+08	2	-0.45	-0.15	1	2.76437e-07	1	2.76437e-07	9e-09	-0.0620091	54392	1	1	1e+08	16000
1e+08	2	-0.45	-0.1	1	1.04474e-07	1	1.04474e-07	9e-09	-0.0370091	54392	1	1	1e+08	16000
1e+08	2	-0.45	-0.05	1	3.9484e-08	1	3.9484e-08	9e-09	-0.0120091	54392	1	1	1e+08	16000
1e+08	2	-0.45	0	1	1.49222e-08	1	1.49222e-08	9e-09	0.0129909	54392	1	1	1e+08	16000
1e+08	2	-0.45	0.05	1	5.63958e-09	1	5.63958e-09	9e-09	0.0379909	54392	1	1	1e+08	16000
1e+08	2	-0.45	0.1	1	2.13137e-09	1	2.13137e-09	9e-09	0.0629909	54392	1	1	1e+08	16000
1e+08	2	-0.45	0.15	1	8.05511e-10	1	8.05511e-10	9e-09	0.0879909	54392	1	1	1e+08	16000
1e+08	2	-0.45	0.2	1	3.04428e-10	1	3.04428e-10	9e-09	0.112991	54392	1	1	1e+08	16000
1e+08	2	-0.45	0.25	1	1.15053e-10	1	1.15053e-10	9e-09	0.137991	54392	1	1	1e+08	16000
1e+08	2	-0.45	0.3	1	4.3482e-11	1	4.3482e-11	9e-09	0.162991	54392	1	1	1e+08	16000
1e+08	2	-0.45	0.35	1	1.64332e-11	1	1.64332e-11	9e-09	0.187991	54392	1	1	1e+08	16000
1e+08	2	-0.45	0.4	1	6.21061e-12	1	6.21061e-12	9e-09	0.212991	54392	1	1	1e+08	16000
1e+08	2	-0.45	0.45	1	2.34718e-12	1	2.34718e-12	9e-09	0.237991	54392	1	1	1e+08	16000
1e+08	2	-0.45	0.5	1	8.87082e-13	1	8.87082e-13	9e-09	0.262991	54392	1	1	1e+08	16000
1e+08	2	-0.45	0.55	1	4.74336e-13	1	4.74336e-13	9e-09	0.279075	54392	1	1	1e+08	16000
1e+08	2	-0.45	0.6	1	1.30775e-13	1	1.30775e-13	9e-09	0.312178	54392	1	1	1e+08	16000
1e+08	2	-0.45	0.65	1	2.90534e-13	1	2.90534e-13	9e-09	0.291669	54392	1	1	1e+08	16000
1e+08	2	-0.45	0.7	1	1.8098e-14	1	1.8098e-14	9e-09	0.36299	54392	1	1	1e+08	16000
1e+08	2	-0.45	0.75	1	-1.50329e-14	1	-1.50329e-14	9e-09	nan	54392	1	1	1e+08	16000
1e+08	2	-0.45	0.8	1	4.81056e-15	1	4.81056e-15	9e-09	0.397032	54392	1	1	1e+08	16000
1e+08	2	-0.45	0.85	1	9.8654e-16	1	9.8654e-16	9e-09	0.437738	54392	1	1	1e+08	16000
1e+08	2	-0.45	0.9	1	3.97519e-16	1	3.97519e-16	9e-09	0.461092	54392	1	1	1e+08	16000
1e+08	2	-0.45	0.95	1	6.19846e-17	1	6.19846e-17	9e-09	0.508838	54392	1	1	1e+08	16000
1e+08	2.05	-0.45	-2.05	7.85741e-06	0.999992	7.85741e-06	0.999992	1.80922e-13	-0.751992	54392	1	1	1e+08	16000
1e+08	2.05	-0.45	-2	1.38484e-06	0.999999	1.38485e-06	0.999999	3.18872e-14	-0.796591	54392	1	1	1e+08	16000
1e+08	2.05	-0.45	-1.95	2.76514e-07	1	2.76515e-07	1	6.36696e-15	-0.837984	54392	1	1	1e+08	16000
1e+08	2.05	-0.45	-1.9	6.94779e-08	1	6.94784e-08	1	1.59979e-15	-0.873472	54392	1	1	1e+08	16000
1e+08	2.05	-0.45	-1.85	2.70054e-08	1	2.70054e-08	1	6.21826e-16	-0.89775	54392	1	1	1e+08	16000
1e+08	2.05	-0.45	-1.8	2.83708e-08	1	2.83706e-08	1	6.53262e-16	-0.896483	54392	1	1	1e+08	16000
1e+08	2.05	-0.45	-1.75	6.81514e-08	1	6.81514e-08	1	1.56924e-15	-0.873967	54392	1	1	1e+08	16000
1e+08	2.05	-0.45	-1.7	1.79591e-07	1	1.79591e-07	1	4.13522e-15	-0.849072	54392	1	1	1e+08	16000
1e+08	2.05	-0.45	-1.65	4.75113e-07	1	4.75113e-07	1	1.09399e-14	-0.824077	54392	1	1	1e+08	16000
1e+08	2.05	-0.45	-1.6	1.25713e-06	0.999999	1.25713e-06	0.999999	2.89465e-14	-0.799077	54392	1	1	1e+08	16000
1e+08	2.05	-0.45	-1.55	3.32635e-06	0.999997	3.32635e-06	0.999997	7.65916e-14	-0.774077	54392	1	1	1e+08	16000
1e+08	2.05	-0.45	-1.5	8.80144e-06	0.999991	8.80144e-06	0.999991	2.02659e-13	-0.749077	54392	1	1	1e+08	16000
1e+08	2.05	-0.45	-1.45	2.32883e-05	0.999977	2.32883e-05	0.999977	5.3622e-13	-0.724076	54392	1	1	1e+08	16000
1e+08	2.05	-0.45	-1.4	6.16196e-05	0.999938	6.16196e-05	0.999938	1.41874e-12	-0.699076	54392	1	1	1e+08	16000
1e+08	2.05	-0.45	-1.35	0.000163038	0.999837	0.000163038	0.999837	3.75337e-12	-0.674074	54392	1	1	1e+08	16000
1e+08	2.05	-0.45	-1.3	0.000431346	0.999569	0.000431346	0.999569	9.92718e-12	-0.64907	54392	1	1	1e+08	16000
1e+08	2.05	-0.45	-1.25	0.00114099	0.998859	0.00114099	0.998859	2.62378e-11	-0.62406	54392	1	1	1e+08	16000
1e+08	2.05	-0.45	-1.2	0.00301663	0.996983	0.00301663	0.996983	6.92198e-11	-0.599032	54392	1	1	1e+08	16000
1e+08	2.05	-0.45	-1.15	0.00796495	0.992035	0.00796495	0.992035	1.81728e-10	-0.573959	54392	1	1	1e+08	16000
1e+08	2.05	-0.45	-1.1	0.0209544	0.979046	0.0209544	0.979046	4.71038e-10	-0.548768	54392	1	1	1e+08	16000
1e+08	2.05	-0.45	-1.05	0.0545722	0.945428	0.0545722	0.945428	1.18083e-09	-0.523278	54392	1	1	1e+08	16000
1e+08	2.05	-0.45	-1	0.137896	0.862104	0.137896	0.862104	2.72046e-09	-0.497091	54392	1	1	1e+08	16000
1e+08	2.05	-0.45	-0.95	0.317465	0.682535	0.317465	0.682535	5.18568e-09	-0.469666	54392	1	1	1e+08	16000
1e+08	2.05	-0.45	-0.9	0.582847	0.417153	0.582847	0.417153	7.38692e-09	-0.441407	54392	1	1	1e+08	16000
1e+08	2.05	-0.45	-0.85	0.802453	0.197547	0.802453	0.197547	8.42403e-09	-0.413987	54392	1	1	1e+08	16000
1e+08	2.05	-0.45	-0.8	0.918398	0.0816025	0.918398	0.0816025	8.79329e-09	-0.387804	54392	1	1	1e+08	16000
1e+08	2.05	-0.45	-0.75	0.968102	0.0318977	0.968102	0.0318977	8.92379e-09	-0.362316	54392	1	1	1e+08	16000
1e+08	2.05	-0.45	-0.7	0.98779	0.0122096	0.98779	0.0122096	8.97149e-09	-0.337126	54392	1	1	1e+08	16000
1e+08	2.05	-0.45	-0.65	0.995363	0.00463663	0.995363	0.00463663	8.98927e-09	-0.312053	54392	1	1	1e+08	16000
1e+08	2.05	-0.45	-0.6	0.998244	0.00175551	0.998245	0.00175551	8.99595e-09	-0.287026	54392	1	1	1e+08	16000
1e+08	2.05	-0.45	-0.55	0.999336	0.000663919	0.999336	0.000663919	8.99847e-09	-0.262015	54392	1	1	1e+08	16000
1e+08	2.05	-0.45	-0.5	0.999749	0.000250981	0.999749	0.000250981	8.99942e-09	-0.237012	54392	1	1	1e+08	16000
1e+08	2.05	-0.45	-0.45	0.999905	9.48627e-05	0.999905	9.48627e-05	8.99978e-09	-0.21201	54392	1	1	1e+08	16000
1e+08	2.05	-0.45	-0.4	0.999964	3.58529e-05	0.999964	3.58529e-05	8.99992e-09	-0.187009	54392	1	1	1e+08	16000
1e+08	2.05	-0.45	-0.35	0.999986	1.35501e-05	0.999986	1.35501e-05	8.99997e-09	-0.162009	54392	1	1	1e+08	16000
1e+08	2.05	-0.45	-0.3	0.999995	5.12103e-06	0.999995	5.12103e-06	8.99999e-09	-0.137009	54392	1	1	1e+08	16000
1e+08	2.05	-0.45	-0.25	0.999998	1.9354e-06	0.999998	1.9354e-06	9e-09	-0.112009	54392	1	1	1e+08	16000
1e+08	2.05	-0.45	-0.2	0.999999	7.31448e-07	0.999999	7.31448e-07	9e-09	-0.0870091	54392	1	1	1e+08	16000
1e+08	2.05	-0.45	-0.15	1	2.76437e-07	1	2.76437e-07	9e-09	-0.0620091	54392	1	1	1e+08	16000
1e+08	2.05	-0.45	-0.1	1	1.04474e-07	1	1.04474e-07	9e-09	-0.0370091	54392	1	1	1e+08	16000
1e+08	2.05	-0.45	-0.05	1	3.9484e-08	1	3.9484e-08	9e-09	-0.0120091	54392	1	1	1e+08	16000
1e+08	2.05	-0.45	0	1	1.49222e-08	1	1.49222e-08	9e-09	0.0129909	54392	1	1	1e+08	16000
1e+08	2.05	-0.45	0.05	1	5.63958e-09	1	5.63958e-09	9e-09	0.0379909	54392	1	1	1e+08	16000
1e+08	2.05	-0.45	0.1	1	2.13137e-09	1	2.13137e-09	9e-09	0.0629909	54392	1	1	1e+08	16000
1e+08	2.05	-0.45	0.15	1	8.05511e-10	1	8.05511e-10	9e-09	0.0879909	54392	1	1	1e+08	16000
1e+08	2.05	-0.45	0.2	1	3.04428e-10	1	3.04428e-10	9e-09	0.112991	54392	1	1	1e+08	16000
1e+08	2.05	-0.45	0.25	1	1.15053e-10	1	1.15053e-10	9e-09	0.137991	54392	1	1	1e+08	16000
1e+08	2.05	-0.45	0.3	1	4.3482e-11	1	4.3482e-11	9e-09	0.162991	54392	1	1	1e+08	16000
1e+08	2.05	-0.45	0.35	1	1.64332e-11	1	1.64332e-11	9e-09	0.187991	54392	1	1	1e+08	16000
1e+08	2.05	-0.45	0.4	1	6.21061e-12	1	6.21061e-12	9e-09	0.212991	54392	1	1	1e+08	16000
1e+08	2.05	-0.45	0.45	1	2.34718e-12	1	2.34718e-12	9e-09	0.237991	54392	1	1	1e+08	16000
1e+08	2.05	-0.45	0.5	1	8.87082e-13	1	8.87082e-13	9e-09	0.262991	54392	1	1	1e+08	16000
1e+08	2.05	-0.45	0.55	1	-1.32988e-12	1	-1.32988e-12	9e-09	nan	54392	1	1	1e+08	16000
1e+08	2.05	-0.45	0.6	1	1.30775e-13	1	1.30775e-13	9e-09	0.312178	54392	1	1	1e+08	16000
1e+08	2.05	-0.45	0.65	1	2.90534e-13	1	2.90534e-13	9e-09	0.291669	54392	1	1	1e+08	16000
1e+08	2.05	-0.45	0.7	1	1.8098e-14	1	1.8098e-14	9e-09	0.36299	54392	1	1	1e+08	16000
1e+08	2.05	-0.45	0.75	1	-1.50329e-14	1	-1.50329e-14	9e-09	nan	54392	1	1	1e+08	16000
1e+08	2.05	-0.45	0.8	1	4.81056e-15	1	4.81056e-15	9e-09	0.397032	54392	1	1	1e+08	16000
1e+08	2.05	-0.45	0.85	1	9.8654e-16	1	9.8654e-16	9e-09	0.437738	54392	1	1	1e+08	16000
1e+08	2.05	-0.45	0.9	1	3.97519e-16	1	3.97519e-16	9e-09	0.461092	54392	1	1	1e+08	16000
1e+08	2.05	-0.45	0.95	1	6.19846e-17	1	6.19846e-17	9e-09	0.508838	54392	1	1	1e+08	16000
1e+08	2.05	-0.45	1	1	2.23355e-18	1	2.23355e-18	9e-09	0.594222	54392	1	1	1e+08	16000
1e+08	2.1	-0.45	-1.95	2.60979e-07	1	2.6098e-07	1	6.00926e-15	-0.839469	54392	1	1	1e+08	16000
1e+08	2.1	-0.45	-1.9	5.46547e-08	1	5.46554e-08	1	1.25847e-15	-0.879637	54392	1	1	1e+08	16000
1e+08	2.1	-0.45	-1.85	1.51847e-08	1	1.51845e-08	1	3.49643e-16	-0.912543	54392	1	1	1e+08	16000
1e+08	2.1	-0.45	-1.8	2.57437e-08	1	2.57438e-08	1	5.9277e-16	-0.89898	54392	1	1	1e+08	16000
1e+08	2.1	-0.45	-1.75	6.78705e-08	1	6.78705e-08	1	1.56278e-15	-0.874073	54392	1	1	1e+08	16000
1e+08	2.1	-0.45	-1.7	1.79559e-07	1	1.79559e-07	1	4.13451e-15	-0.849077	54392	1	1	1e+08	16000
1e+08	2.1	-0.45	-1.65	4.75109e-07	1	4.75109e-07	1	1.09398e-14	-0.824077	54392	1	1	1e+08	16000
1e+08	2.1	-0.45	-1.6	1.25713e-06	0.999999	1.25713e-06	0.999999	2.89465e-14	-0.799077	54392	1	1	1e+08	16000
1e+08	2.1	-0.45	-1.55	3.32635e-06	0.999997	3.32635e-06	0.999997	7.65916e-14	-0.774077	54392	1	1	1e+08	16000
1e+08	2.1	-0.45	-1.5	8.80144e-06	0.999991	8.80144e-06	0.999991	2.02659e-13	-0.749077	54392	1	1	1e+08	16000
1e+08	2.1	-0.45	-1.45	2.32883e-05	0.999977	2.32883e-05	0.999977	5.3622e-13	-0.724076	54392	1	1	1e+08	16000
1e+08	2.1	-0.45	-1.4	6.16196e-05	0.999938	6.16196e-05	0.999938	1.41874e-12	-0.699076	54392	1	1	1e+08	16000
1e+08	2.1	-0.45	-1.35	0.000163038	0.999837	0.000163038	0.999837	3.75337e-12	-0.674074	54392	1	1	1e+08	16000
1e+08	2.1	-0.45	-1.3	0.000431346	0.999569	0.000431346	0.999569	9.92718e-12	-0.64907	54392	1	1	1e+08	16000
1e+08	2.1	-0.45	-1.25	0.00114099	0.998859	0.00114099	0.998859	2.62378e-11	-0.62406	54392	1	1	1e+08	16000
1e+08	2.1	-0.45	-1.2	0.00301663	0.996983	0.00301663	0.996983	6.92198e-11	-0.599032	54392	1	1	1e+08	16000
1e+08	2.1	-0.45	-1.15	0.00796495	0.992035	0.00796495	0.992035	1.81728e-10	-0.573959	54392	1	1	1e+08	16000
1e+08	2.1	-0.45	-1.1	0.0209544	0.979046	0.0209544	0.979046	4.71038e-10	-0.548768	54392	1	1	1e+08	16000
1e+08	2.1	-0.45	-1.05	0.0545722	0.945428	0.0545722	0.945428	1.18083e-09	-0.523278	54392	1	1	1e+08	16000
1e+08	2.1	-0.45	-1	0.137896	0.862104	0.137896	0.862104	2.72046e-09	-0.497091	54392	1	1	1e+08	16000
1e+08	2.1	-0.45	-0.95	0.317465	0.682535	0.317465	0.682535	5.18568e-09	-0.469666	54392	1	1	1e+08	16000
1e+08	2.1	-0.45	-0.9	0.582847	0.417153	0.582847	0.417153	7.38692e-09	-0.441407	54392	1	1	1e+08	16000
1e+08	2.1	-0.45	-0.85	0.802453	0.197547	0.802453	0.197547	8.42403e-09	-0.413987	54392	1	1	1e+08	16000
1e+08	2.1	-0.45	-0.8	0.918398	0.0816025	0.918398	0.0816025	8.79329e-09	-0.387804	54392	1	1	1e+08	16000
1e+08	2.1	-0.45	-0.75	0.968102	0.0318977	0.968102	0.0318977	8.92379e-09	-0.362316	54392	1	1	1e+08	16000
1e+08	2.1	-0.45	-0.7	0.98779	0.0122096	0.98779	0.0122096	8.97149e-09	-0.337126	54392	1	1	1e+08	16000
1e+08	2.1	-0.45	-0.65	0.995363	0.00463663	0.995363	0.00463663	8.98927e-09	-0.312053	54392	1	1	1e+08	16000
1e+08	2.1	-0.45	-0.6	0.998244	0.00175551	0.998245	0.00175551	8.99595e-09	-0.287026	54392	1	1	1e+08	16000
1e+08	2.1	-0.45	-0.55	0.999336	0.000663919	0.999336	0.000663919	8.99847e-09	-0.262015	54392	1	1	1e+08	16000
1e+08	2.1	-0.45	-0.5	0.999749	0.000250981	0.999749	0.000250981	8.99942e-09	-0.237012	54392	1	1	1e+08	16000
1e+08	2.1	-0.45	-0.45	0.999905	9.48627e-05	0.999905	9.48627e-05	8.99978e-09	-0.21201	54392	1	1	1e+08	16000
1e+08	2.1	-0.45	-0.4	0.999964	3.58529e-05	0.999964	3.58529e-05	8.99992e-09	-0.187009	54392	1	1	1e+08	16000
1e+08	2.1	-0.45	-0.35	0.999986	1.35501e-05	0.999986	1.35501e-05	8.99997e-09	-0.162009	54392	1	1	1e+08	16000
1e+08	2.1	-0.45	-0.3	0.999995	5.12103e-06	0.999995	5.12103e-06	8.99999e-09	-0.137009	54392	1	1	1e+08	16000
1e+08	2.1	-0.45	-0.25	0.999998	1.9354e-06	0.999998	1.9354e-06	9e-09	-0.112009	54392	1	1	1e+08	16000
1e+08	2.1	-0.45	-0.2	0.999999	7.31448e-07	0.999999	7.31448e-07	9e-09	-0.0870091	54392	1	1	1e+08	16000
1e+08	2.1	-0.45	-0.15	1	2.76437e-07	1	2.76437e-07	9e-09	-0.0620091	54392	1	1	1e+08	16000
1e+08	2.1	-0.45	-0.1	1	1.04474e-07	1	1.04474e-07	9e-09	-0.0370091	54392	1	1	1e+08	16000
1e+08	2.1	-0.45	-0.05	1	3.9484e-08	1	3.9484e-08	9e-09	-0.0120091	54392	1	1	1e+08	16000
1e+08	2.1	-0.45	0	1	1.49222e-08	1	1.49222e-08	9e-09	0.0129909	54392	1	1	1e+08	16000
1e+08	2.1	-0.45	0.05	1	5.63958e-09	1	5.63958e-09	9e-09	0.0379909	54392	1	1	1e+08	16000
1e+08	2.1	-0.45	0.1	1	2.13137e-09	1	2.13137e-09	9e-09	0.0629909	54392	1	1	1e+08	16000
1e+08	2.1	-0.45	0.15	1	8.05511e-10	1	8.05511e-10	9e-09	0.0879909	54392	1	1	1e+08	16000
1e+08	2.1	-0.45	0.2	1	3.04428e-10	1	3.04428e-10	9e-09	0.112991	54392	1	1	1e+08	16000
1e+08	2.1	-0.45	0.25	1	1.15053e-10	1	1.15053e-10	9e-09	0.137991	54392	1	1	1e+08	16000
1e+08	2.1	-0.45	0.3	1	4.3482e-11	1	4.3482e-11	9e-09	0.162991	54392	1	1	1e+08	16000
1e+08	2.1	-0.45	0.35	1	1.64332e-11	1	1.64332e-11	9e-09	0.187991	54392	1	1	1e+08	16000
1e+08	2.1	-0.45	0.4	1	6.21061e-12	1	6.21061e-12	9e-09	0.212991	54392	1	1	1e+08	16000
1e+08	2.1	-0.45	0.45	1	2.34718e-12	1	2.34718e-12	9e-09	0.237991	54392	1	1	1e+08	16000
1e+08	2.1	-0.45	0.5	1	8.87082e-13	1	8.87082e-13	9e-09	0.262991	54392	1	1	1e+08	16000
1e+08	2.1	-0.45	0.55	1	-1.32988e-12	1	-1.32988e-12	9e-09	nan	54392	1	1	1e+08	16000
1e+08	2.1	-0.45	0.6	1	1.30775e-13	1	1.30775e-13	9e-09	0.312178	54392	1	1	1e+08	16000
1e+08	2.1	-0.45	0.65	1	3.56511e-13	1	3.56511e-13	9e-09	0.286411	54392	1	1	1e+08	16000
1e+08	2.1	-0.45	0.7	1	1.8098e-14	1	1.8098e-14	9e-09	0.36299	54392	1	1	1e+08	16000
1e+08	2.1	-0.45	0.75	1	-1.50329e-14	1	-1.50329e-14	9e-09	nan	54392	1	1	1e+08	16000
1e+08	2.1	-0.45	0.8	1	4.81056e-15	1	4.81056e-15	9e-09	0.397032	54392	1	1	1e+08	16000
1e+08	2.1	-0.45	0.85	1	9.8654e-16	1	9.8654e-16	9e-09	0.437738	54392	1	1	1e+08	16000
1e+08	2.1	-0.45	0.9	1	3.97519e-16	1	3.97519e-16	9e-09	0.461092	54392	1	1	1e+08	16000
1e+08	2.1	-0.45	0.95	1	6.19846e-17	1	6.19846e-17	9e-09	0.508838	54392	1	1	1e+08	16000
1e+08	2.1	-0.45	1	1	2.23355e-18	1	2.23355e-18	9e-09	0.594222	54392	1	1	1e+08	16000
1e+08	2.1	-0.45	1.05	1	6.62369e-20	1	6.62369e-20	9e-09	0.684611	54392	1	1	1e+08	16000
1e+08	2.15	-0.45	-1.9	5.41218e-08	1	5.41218e-08	1	1.2462e-15	-0.879889	54392	1	1	1e+08	16000
1e+08	2.15	-0.45	-1.85	1.46956e-08	1	1.46957e-08	1	3.38379e-16	-0.913384	54392	1	1	1e+08	16000
1e+08	2.15	-0.45	-1.8	2.56495e-08	1	2.56498e-08	1	5.90601e-16	-0.899074	54392	1	1	1e+08	16000
1e+08	2.15	-0.45	-1.75	6.7861e-08	1	6.7861e-08	1	1.56256e-15	-0.874077	54392	1	1	1e+08	16000
1e+08	2.15	-0.45	-1.7	1.79558e-07	1	1.79558e-07	1	4.13448e-15	-0.849077	54392	1	1	1e+08	16000
1e+08	2.15	-0.45	-1.65	4.75109e-07	1	4.75109e-07	1	1.09398e-14	-0.824077	54392	1	1	1e+08	16000
1e+08	2.15	-0.45	-1.6	1.25713e-06	0.999999	1.25713e-06	0.999999	2.89465e-14	-0.799077	54392	1	1	1e+08	16000
1e+08	2.15	-0.45	-1.55	3.32635e-06	0.999997	3.32635e-06	0.999997	7.65916e-14	-0.774077	54392	1	1	1e+08	16000
1e+08	2.15	-0.45	-1.5	8.80144e-06	0.999991	8.80144e-06	0.999991	2.02659e-13	-0.749077	54392	1	1	1e+08	16000
1e+08	2.15	-0.45	-1.45	2.32883e-05	0.999977	2.32883e-05	0.999977	5.3622e-13	-0.724076	54392	1	1	1e+08	16000
1e+08	2.15	-0.45	-1.4	6.16196e-05	0.999938	6.16196e-05	0.999938	1.41874e-12	-0.699076	54392	1	1	1e+08	16000
1e+08	2.15	-0.45	-1.35	0.000163038	0.999837	0.000163038	0.999837	3.75337e-12	-0.674074	54392	1	1	1e+08	16000
1e+08	2.15	-0.45	-1.3	0.000431346	0.999569	0.000431346	0.999569	9.92718e-12	-0.64907	54392	1	1	1e+08	16000
1e+08	2.15	-0.45	-1.25	0.00114099	0.998859	0.00114099	0.998859	2.62378e-11	-0.62406	54392	1	1	1e+08	16000
1e+08	2.15	-0.45	-1.2	0.00301663	0.996983	0.00301663	0.996983	6.92198e-11	-0.599032	54392	1	1	1e+08	16000
1e+08	2.15	-0.45	-1.15	0.00796495	0.992035	0.00796495	0.992035	1.81728e-10	-0.573959	54392	1	1	1e+08	16000
1e+08	2.15	-0.45	-1.1	0.0209544	0.979046	0.0209544	0.979046	4.71038e-10	-0.548768	54392	1	1	1e+08	16000
1e+08	2.15	-0.45	-1.05	0.0545722	0.945428	0.0545722	0.945428	1.18083e-09	-0.523278	54392	1	1	1e+08	16000
1e+08	2.15	-0.45	-1	0.137896	0.862104	0.137896	0.862104	2.72046e-09	-0.497091	54392	1	1	1e+08	16000
1e+08	2.15	-0.45	-0.95	0.317465	0.682535	0.317465	0.682535	5.18568e-09	-0.469666	54392	1	1	1e+08	16000
1e+08	2.15	-0.45	-0.9	0.582847	0.417153	0.582847	0.417153	7.38692e-09	-0.441407	54392	1	1	1e+08	16000
1e+08	2.15	-0.45	-0.85	0.802453	0.197547	0.802453	0.197547	8.42403e-09	-0.413987	54392	1	1	1e+08	16000
1e+08	2.15	-0.45	-0.8	0.918398	0.0816025	0.918398	0.0816025	8.79329e-09	-0.387804	54392	1	1	1e+08	16000
1e+08	2.15	-0.45	-0.75	0.968102	0.0318977	0.968102	0.0318977	8.92379e-09	-0.362316	54392	1	1	1e+08	16000
1e+08	2.15	-0.45	-0.7	0.98779	0.0122096	0.98779	0.0122096	8.97149e-09	-0.337126	54392	1	1	1e+08	16000
1e+08	2.15	-0.45	-0.65	0.995363	0.00463663	0.995363	0.00463663	8.98927e-09	-0.312053	54392	1	1	1e+08	16000
1e+08	2.15	-0.45	-0.6	0.998244	0.00175551	0.998245	0.00175551	8.99595e-09	-0.287026	54392	1	1	1e+08	16000
1e+08	2.15	-0.45	-0.55	0.999336	0.000663919	0.999336	0.000663919	8.99847e-09	-0.262015	54392	1	1	1e+08	16000
1e+08	2.15	-0.45	-0.5	0.999749	0.000250981	0.999749	0.000250981	8.99942e-09	-0.237012	54392	1	1	1e+08	16000
1e+08	2.15	-0.45	-0.45	0.999905	9.48627e-05	0.999905	9.48627e-05	8.99978e-09	-0.21201	54392	1	1	1e+08	16000
1e+08	2.15	-0.45	-0.4	0.999964	3.58529e-05	0.999964	3.58529e-05	8.99992e-09	-0.187009	54392	1	1	1e+08	16000
1e+08	2.15	-0.45	-0.35	0.999986	1.35501e-05	0.999986	1.35501e-05	8.99997e-09	-0.162009	54392	1	1	1e+08	16000
1e+08	2.15	-0.45	-0.3	0.999995	5.12103e-06	0.999995	5.12103e-06	8.99999e-09	-0.137009	54392	1	1	1e+08	16000
1e+08	2.15	-0.45	-0.25	0.999998	1.9354e-06	0.999998	1.9354e-06	9e-09	-0.112009	54392	1	1	1e+08	16000
1e+08	2.15	-0.45	-0.2	0.999999	7.31448e-07	0.999999	7.31448e-07	9e-09	-0.0870091	54392	1	1	1e+08	16000
1e+08	2.15	-0.45	-0.15	1	2.76437e-07	1	2.76437e-07	9e-09	-0.0620091	54392	1	1	1e+08	16000
1e+08	2.15	-0.45	-0.1	1	1.04474e-07	1	1.04474e-07	9e-09	-0.0370091	54392	1	1	1e+08	16000
1e+08	2.15	-0.45	-0.05	1	3.9484e-08	1	3.9484e-08	9e-09	-0.0120091	54392	1	1	1e+08	16000
1e+08	2.15	-0.45	0	1	1.49222e-08	1	1.49222e-08	9e-09	0.0129909	54392	1	1	1e+08	16000
1e+08	2.15	-0.45	0.05	1	5.63958e-09	1	5.63958e-09	9e-09	0.0379909	54392	1	1	1e+08	16000
1e+08	2.15	-0.45	0.1	1	2.13137e-09	1	2.13137e-09	9e-09	0.0629909	54392	1	1	1e+08	16000
1e+08	2.15	-0.45	0.15	1	8.05511e-10	1	8.05511e-10	9e-09	0.0879909	54392	1	1	1e+08	16000
1e+08	2.15	-0.45	0.2	1	3.04428e-10	1	3.04428e-10	9e-09	0.112991	54392	1	1	1e+08	16000
1e+08	2.15	-0.45	0.25	1	1.15053e-10	1	1.15053e-10	9e-09	0.137991	54392	1	1	1e+08	16000
1e+08	2.15	-0.45	0.3	1	4.3482e-11	1	4.3482e-11	9e-09	0.162991	54392	1	1	1e+08	16000
1e+08	2.15	-0.45	0.35	1	1.64332e-11	1	1.64332e-11	9e-09	0.187991	54392	1	1	1e+08	16000
1e+08	2.15	-0.45	0.4	1	6.21061e-12	1	6.21061e-12	9e-09	0.212991	54392	1	1	1e+08	16000
1e+08	2.15	-0.45	0.45	1	2.34718e-12	1	2.34718e-12	9e-09	0.237991	54392	1	1	1e+08	16000
1e+08	2.15	-0.45	0.5	1	8.87082e-13	1	8.87082e-13	9e-09	0.262991	54392	1	1	1e+08	16000
1e+08	2.15	-0.45	0.55	1	6.12262e-13	1	6.12262e-13	9e-09	0.272517	54392	1	1	1e+08	16000
1e+08	2.15	-0.45	0.6	1	1.30775e-13	1	1.30775e-13	9e-09	0.312178	54392	1	1	1e+08	16000
1e+08	2.15	-0.45	0.65	1	2.90534e-13	1	2.90534e-13	9e-09	0.291669	54392	1	1	1e+08	16000
1e+08	2.15	-0.45	0.7	1	1.8098e-14	1	1.8098e-14	9e-09	0.36299	54392	1	1	1e+08	16000
1e+08	2.15	-0.45	0.75	1	-1.50329e-14	1	-1.50329e-14	9e-09	nan	54392	1	1	1e+08	16000
1e+08	2.15	-0.45	0.8	1	4.81056e-15	1	4.81056e-15	9e-09	0.397032	54392	1	1	1e+08	16000
1e+08	2.15	-0.45	0.85	1	9.8654e-16	1	9.8654e-16	9e-09	0.437738	54392	1	1	1e+08	16000
1e+08	2.15	-0.45	0.9	1	3.97519e-16	1	3.97519e-16	9e-09	0.461092	54392	1	1	1e+08	16000
1e+08	2.15	-0.45	0.95	1	6.19846e-17	1	6.19846e-17	9e-09	0.508838	54392	1	1	1e+08	16000
1e+08	2.15	-0.45	1	1	2.23355e-18	1	2.23355e-18	9e-09	0.594222	54392	1	1	1e+08	16000
1e+08	2.15	-0.45	1.05	1	6.62369e-20	1	6.62369e-20	9e-09	0.684611	54392	1	1	1e+08	16000
1e+08	2.15	-0.45	1.1	1	1.80028e-21	1	1.80028e-21	9e-09	0.777241	54392	1	1	1e+08	16000
1e+08	2.2	-0.45	-1.85	1.468e-08	1	1.468e-08	1	3.3802e-16	-0.913411	54392	1	1	1e+08	16000
1e+08	2.2	-0.45	-1.8	2.56468e-08	1	2.56469e-08	1	5.90538e-16	-0.899077	54392	1	1	1e+08	16000
1e+08	2.2	-0.45	-1.75	6.78606e-08	1	6.78606e-08	1	1.56255e-15	-0.874077	54392	1	1	1e+08	16000
1e+08	2.2	-0.45	-1.7	1.79558e-07	1	1.79558e-07	1	4.13448e-15	-0.849077	54392	1	1	1e+08	16000
1e+08	2.2	-0.45	-1.65	4.75109e-07	1	4.75109e-07	1	1.09398e-14	-0.824077	54392	1	1	1e+08	16000
1e+08	2.2	-0.45	-1.6	1.25713e-06	0.999999	1.25713e-06	0.999999	2.89465e-14	-0.799077	54392	1	1	1e+08	16000
1e+08	2.2	-0.45	-1.55	3.32635e-06	0.999997	3.32635e-06	0.999997	7.65916e-14	-0.774077	54392	1	1	1e+08	16000
1e+08	2.2	-0.45	-1.5	8.80144e-06	0.999991	8.80144e-06	0.999991	2.02659e-13	-0.749077	54392	1	1	1e+08	16000
1e+08	2.2	-0.45	-1.45	2.32883e-05	0.999977	2.32883e-05	0.999977	5.3622e-13	-0.724076	54392	1	1	1e+08	16000
1e+08	2.2	-0.45	-1.4	6.16196e-05	0.999938	6.16196e-05	0.999938	1.41874e-12	-0.699076	54392	1	1	1e+08	16000
1e+08	2.2	-0.45	-1.35	0.000163038	0.999837	0.000163038	0.999837	3.75337e-12	-0.674074	54392	1	1	1e+08	16000
1e+08	2.2	-0.45	-1.3	0.000431346	0.999569	0.000431346	0.999569	9.92718e-12	-0.64907	54392	1	1	1e+08	16000
1e+08	2.2	-0.45	-1.25	0.00114099	0.998859	0.00114099	0.998859	2.62378e-11	-0.62406	54392	1	1	1e+08	16000
1e+08	2.2	-0.45	-1.2	0.00301663	0.996983	0.00301663	0.996983	6.92198e-11	-0.599032	54392	1	1	1e+08	16000
1e+08	2.2	-0.45	-1.15	0.00796495	0.992035	0.00796495	0.992035	1.81728e-10	-0.573959	54392	1	1	1e+08	16000
1e+08	2.2	-0.45	-1.1	0.0209544	0.979046	0.0209544	0.979046	4.71038e-10	-0.548768	54392	1	1	1e+08	16000
1e+08	2.2	-0.45	-1.05	0.0545722	0.945428	0.0545722	0.945428	1.18083e-09	-0.523278	54392	1	1	1e+08	16000
1e+08	2.2	-0.45	-1	0.137896	0.862104	0.137896	0.862104	2.72046e-09	-0.497091	54392	1	1	1e+08	16000
1e+08	2.2	-0.45	-0.95	0.317465	0.682535	0.317465	0.682535	5.18568e-09	-0.469666	54392	1	1	1e+08	16000
1e+08	2.2	-0.45	-0.9	0.582847	0.417153	0.582847	0.417153	7.38692e-09	-0.441407	54392	1	1	1e+08	16000
1e+08	2.2	-0.45	-0.85	0.802453	0.197547	0.802453	0.197547	8.42403e-09	-0.413987	54392	1	1	1e+08	16000
1e+08	2.2	-0.45	-0.8	0.918398	0.0816025	0.918398	0.0816025	8.79329e-09	-0.387804	54392	1	1	1e+08	16000
1e+08	2.2	-0.45	-0.75	0.968102	0.0318977	0.968102	0.0318977	8.92379e-09	-0.362316	54392	1	1	1e+08	16000
1e+08	2.2	-0.45	-0.7	0.98779	0.0122096	0.98779	0.0122096	8.97149e-09	-0.337126	54392	1	1	1e+08	16000
1e+08	2.2	-0.45	-0.65	0.995363	0.00463663	0.995363	0.00463663	8.98927e-09	-0.312053	54392	1	1	1e+08	16000
1e+08	2.2	-0.45	-0.6	0.998244	0.00175551	0.998245	0.00175551	8.99595e-09	-0.287026	54392	1	1	1e+08	16000
1e+08	2.2	-0.45	-0.55	0.999336	0.000663919	0.999336	0.000663919	8.99847e-09	-0.262015	54392	1	1	1e+08	16000
1e+08	2.2	-0.45	-0.5	0.999749	0.000250981	0.999749	0.000250981	8.99942e-09	-0.237012	54392	1	1	1e+08	16000
1e+08	2.2	-0.45	-0.45	0.999905	9.48627e-05	0.999905	9.48627e-05	8.99978e-09	-0.21201	54392	1	1	1e+08	16000
1e+08	2.2	-0.45	-0.4	0.999964	3.58529e-05	0.999964	3.58529e-05	8.99992e-09	-0.187009	54392	1	1	1e+08	16000
1e+08	2.2	-0.45	-0.35	0.999986	1.35501e-05	0.999986	1.35501e-05	8.99997e-09	-0.162009	54392	1	1	1e+08	16000
1e+08	2.2	-0.45	-0.3	0.999995	5.12103e-06	0.999995	5.12103e-06	8.99999e-09	-0.137009	54392	1	1	1e+08	16000
1e+08	2.2	-0.45	-0.25	0.999998	1.9354e-06	0.999998	1.9354e-06	9e-09	-0.112009	54392	1	1	1e+08	16000
1e+08	2.2	-0.45	-0.2	0.999999	7.31448e-07	0.999999	7.31448e-07	9e-09	-0.0870091	54392	1	1	1e+08	16000
1e+08	2.2	-0.45	-0.15	1	2.76437e-07	1	2.76437e-07	9e-09	-0.0620091	54392	1	1	1e+08	16000
1e+08	2.2	-0.45	-0.1	1	1.04474e-07	1	1.04474e-07	9e-09	-0.0370091	54392	1	1	1e+08	16000
1e+08	2.2	-0.45	-0.05	1	3.9484e-08	1	3.9484e-08	9e-09	-0.0120091	54392	1	1	1e+08	16000
1e+08	2.2	-0.45	0	1	1.49222e-08	1	1.49222e-08	9e-09	0.0129909	54392	1	1	1e+08	16000
1e+08	2.2	-0.45	0.05	1	5.63958e-09	1	5.63958e-09	9e-09	0.0379909	54392	1	1	1e+08	16000
1e+08	2.2	-0.45	0.1	1	2.13137e-09	1	2.13137e-09	9e-09	0.0629909	54392	1	1	1e+08	16000
1e+08	2.2	-0.45	0.15	1	8.05511e-10	1	8.05511e-10	9e-09	0.0879909	54392	1	1	1e+08	16000
1e+08	2.2	-0.45	0.2	1	3.04428e-10	1	3.04428e-10	9e-09	0.112991	54392	1	1	1e+08	16000
1e+08	2.2	-0.45	0.25	1	1.15053e-10	1	1.15053e-10	9e-09	0.137991	54392	1	1	1e+08	16000
1e+08	2.2	-0.45	0.3	1	4.3482e-11	1	4.3482e-11	9e-09	0.162991	54392	1	1	1e+08	16000
1e+08	2.2	-0.45	0.35	1	1.64332e-11	1	1.64332e-11	9e-09	0.187991	54392	1	1	1e+08	16000
1e+08	2.2	-0.45	0.4	1	6.21061e-12	1	6.21061e-12	9e-09	0.212991	54392	1	1	1e+08	16000
1e+08	2.2	-0.45	0.45	1	2.34718e-12	1	2.34718e-12	9e-09	0.237991	54392	1	1	1e+08	16000
1e+08	2.2	-0.45	0.5	1	8.87082e-13	1	8.87082e-13	9e-09	0.262991	54392	1	1	1e+08	16000
1e+08	2.2	-0.45	0.55	1	6.12262e-13	1	6.12262e-13	9e-09	0.272517	54392	1	1	1e+08	16000
1e+08	2.2	-0.45	0.6	1	1.30775e-13	1	1.30775e-13	9e-09	0.312178	54392	1	1	1e+08	16000
1e+08	2.2	-0.45	0.65	1	2.90534e-13	1	2.90534e-13	9e-09	0.291669	54392	1	1	1e+08	16000
1e+08	2.2	-0.45	0.7	1	1.8098e-14	1	1.8098e-14	9e-09	0.36299	54392	1	1	1e+08	16000
1e+08	2.2	-0.45	0.75	1	-1.50329e-14	1	-1.50329e-14	9e-09	nan	54392	1	1	1e+08	16000
1e+08	2.2	-0.45	0.8	1	4.81056e-15	1	4.81056e-15	9e-09	0.397032	54392	1	1	1e+08	16000
1e+08	2.2	-0.45	0.85	1	9.8654e-16	1	9.8654e-16	9e-09	0.437738	54392	1	1	1e+08	16000
1e+08	2.2	-0.45	0.9	1	3.97519e-16	1	3.97519e-16	9e-09	0.461092	54392	1	1	1e+08	16000
1e+08	2.2	-0.45	0.95	1	6.19846e-17	1	6.19846e-17	9e-09	0.508838	54392	1	1	1e+08	16000
1e+08	2.2	-0.45	1	1	2.23355e-18	1	2.23355e-18	9e-09	0.594222	54392	1	1	1e+08	16000
1e+08	2.2	-0.45	1.05	1	6.62369e-20	1	6.62369e-20	9e-09	0.684611	54392	1	1	1e+08	16000
1e+08	2.2	-0.45	1.1	1	1.80028e-21	1	1.80028e-21	9e-09	0.777241	54392	1	1	1e+08	16000
1e+08	2.2	-0.45	1.15	1	4.48846e-23	1	4.48846e-23	9e-09	0.872087	54392	1	1	1e+08	16000
1e+08	2.2	-0.45	1.2	1	1.02653e-24	1	1.02653e-24	9e-09	0.969152	54392	1	1	1e+08	16000
1e+08	2.25	-0.45	-1.8	2.56468e-08	1	2.56467e-08	1	5.90539e-16	-0.899077	54392	1	1	1e+08	16000
1e+08	2.25	-0.45	-1.75	6.78606e-08	1	6.78607e-08	1	1.56255e-15	-0.874077	54392	1	1	1e+08	16000
1e+08	2.25	-0.45	-1.7	1.79558e-07	1	1.79558e-07	1	4.13448e-15	-0.849077	54392	1	1	1e+08	16000
1e+08	2.25	-0.45	-1.65	4.75109e-07	1	4.75109e-07	1	1.09398e-14	-0.824077	54392	1	1	1e+08	16000
1e+08	2.25	-0.45	-1.6	1.25713e-06	0.999999	1.25713e-06	0.999999	2.89465e-14	-0.799077	54392	1	1	1e+08	16000
1e+08	2.25	-0.45	-1.55	3.32635e-06	0.999997	3.32635e-06	0.999997	7.65916e-14	-0.774077	54392	1	1	1e+08	16000
1e+08	2.25	-0.45	-1.5	8.80144e-06	0.999991	8.80144e-06	0.999991	2.02659e-13	-0.749077	54392	1	1	1e+08	16000
1e+08	2.25	-0.45	-1.45	2.32883e-05	0.999977	2.32883e-05	0.999977	5.3622e-13	-0.724076	54392	1	1	1e+08	16000
1e+08	2.25	-0.45	-1.4	6.16196e-05	0.999938	6.16196e-05	0.999938	1.41874e-12	-0.699076	54392	1	1	1e+08	16000
1e+08	2.25	-0.45	-1.35	0.000163038	0.999837	0.000163038	0.999837	3.75337e-12	-0.674074	54392	1	1	1e+08	16000
1e+08	2.25	-0.45	-1.3	0.000431346	0.999569	0.000431346	0.999569	9.92718e-12	-0.64907	54392	1	1	1e+08	16000
1e+08	2.25	-0.45	-1.25	0.00114099	0.998859	0.00114099	0.998859	2.62378e-11	-0.62406	54392	1	1	1e+08	16000
1e+08	2.25	-0.45	-1.2	0.00301663	0.996983	0.00301663	0.996983	6.92198e-11	-0.599032	54392	1	1	1e+08	16000
1e+08	2.25	-0.45	-1.15	0.00796495	0.992035	0.00796495	0.992035	1.81728e-10	-0.573959	54392	1	1	1e+08	16000
1e+08	2.25	-0.45	-1.1	0.0209544	0.979046	0.0209544	0.979046	4.71038e-10	-0.548768	54392	1	1	1e+08	16000
1e+08	2.25	-0.45	-1.05	0.0545722	0.945428	0.0545722	0.945428	1.18083e-09	-0.523278	54392	1	1	1e+08	16000
1e+08	2.25	-0.45	-1	0.137896	0.862104	0.137896	0.862104	2.72046e-09	-0.497091	54392	1	1	1e+08	16000
1e+08	2.25	-0.45	-0.95	0.317465	0.682535	0.317465	0.682535	5.18568e-09	-0.469666	54392	1	1	1e+08	16000
1e+08	2.25	-0.45	-0.9	0.582847	0.417153	0.582847	0.417153	7.38692e-09	-0.441407	54392	1	1	1e+08	16000
1e+08	2.25	-0.45	-0.85	0.802453	0.197547	0.802453	0.197547	8.42403e-09	-0.413987	54392	1	1	1e+08	16000
1e+08	2.25	-0.45	-0.8	0.918398	0.0816025	0.918398	0.0816025	8.79329e-09	-0.387804	54392	1	1	1e+08	16000
1e+08	2.25	-0.45	-0.75	0.968102	0.0318977	0.968102	0.0318977	8.92379e-09	-0.362316	54392	1	1	1e+08	16000
1e+08	2.25	-0.45	-0.7	0.98779	0.0122096	0.98779	0.0122096	8.97149e-09	-0.337126	54392	1	1	1e+08	16000
1e+08	2.25	-0.45	-0.65	0.995363	0.00463663	0.995363	0.00463663	8.98927e-09	-0.312053	54392	1	1	1e+08	16000
1e+08	2.25	-0.45	-0.6	0.998244	0.00175551	0.998245	0.00175551	8.99595e-09	-0.287026	54392	1	1	1e+08	16000
1e+08	2.25	-0.45	-0.55	0.999336	0.000663919	0.999336	0.000663919	8.99847e-09	-0.262015	54392	1	1	1e+08	16000
1e+08	2.25	-0.45	-0.5	0.999749	0.000250981	0.999749	0.000250981	8.99942e-09	-0.237012	54392	1	1	1e+08	16000
1e+08	2.25	-0.45	-0.45	0.999905	9.48627e-05	0.999905	9.48627e-05	8.99978e-09	-0.21201	54392	1	1	1e+08	16000
1e+08	2.25	-0.45	-0.4	0.999964	3.58529e-05	0.999964	3.58529e-05	8.99992e-09	-0.187009	54392	1	1	1e+08	16000
1e+08	2.25	-0.45	-0.35	0.999986	1.35501e-05	0.999986	1.35501e-05	8.99997e-09	-0.162009	54392	1	1	1e+08	16000
1e+08	2.25	-0.45	-0.3	0.999995	5.12103e-06	0.999995	5.12103e-06	8.99999e-09	-0.137009	54392	1	1	1e+08	16000
1e+08	2.25	-0.45	-0.25	0.999998	1.9354e-06	0.999998	1.9354e-06	9e-09	-0.112009	54392	1	1	1e+08	16000
1e+08	2.25	-0.45	-0.2	0.999999	7.31448e-07	0.999999	7.31448e-07	9e-09	-0.0870091	54392	1	1	1e+08	16000
1e+08	2.25	-0.45	-0.15	1	2.76437e-07	1	2.76437e-07	9e-09	-0.0620091	54392	1	1	1e+08	16000
1e+08	2.25	-0.45	-0.1	1	1.04474e-07	1	1.04474e-07	9e-09	-0.0370091	54392	1	1	1e+08	16000
1e+08	2.25	-0.45	-0.05	1	3.9484e-08	1	3.9484e-08	9e-09	-0.0120091	54392	1	1	1e+08	16000
1e+08	2.25	-0.45	0	1	1.49222e-08	1	1.49222e-08	9e-09	0.0129909	54392	1	1	1e+08	16000
1e+08	2.25	-0.45	0.05	1	5.63958e-09	1	5.63958e-09	9e-09	0.0379909	54392	1	1	1e+08	16000
1e+08	2.25	-0.45	0.1	1	2.13137e-09	1	2.13137e-09	9e-09	0.0629909	54392	1	1	1e+08	16000
1e+08	2.25	-0.45	0.15	1	8.05511e-10	1	8.05511e-10	9e-09	0.0879909	54392	1	1	1e+08	16000
1e+08	2.25	-0.45	0.2	1	3.04428e-10	1	3.04428e-10	9e-09	0.112991	54392	1	1	1e+08	16000
1e+08	2.25	-0.45	0.25	1	1.15053e-10	1	1.15053e-10	9e-09	0.137991	54392	1	1	1e+08	16000
1e+08	2.25	-0.45	0.3	1	4.3482e-11	1	4.3482e-11	9e-09	0.162991	54392	1	1	1e+08	16000
1e+08	2.25	-0.45	0.35	1	1.64332e-11	1	1.64332e-11	9e-09	0.187991	54392	1	1	1e+08	16000
1e+08	2.25	-0.45	0.4	1	6.21061e-12	1	6.21061e-12	9e-09	0.212991	54392	1	1	1e+08	16000
1e+08	2.25	-0.45	0.45	1	2.34718e-12	1	2.34718e-12	9e-09	0.237991	54392	1	1	1e+08	16000
1e+08	2.25	-0.45	0.5	1	8.87082e-13	1	8.87082e-13	9e-09	0.262991	54392	1	1	1e+08	16000
1e+08	2.25	-0.45	0.55	1	-1.32988e-12	1	-1.32988e-12	9e-09	nan	54392	1	1	1e+08	16000
1e+08	2.25	-0.45	0.6	1	1.30775e-13	1	1.30775e-13	9e-09	0.312178	54392	1	1	1e+08	16000
1e+08	2.25	-0.45	0.65	1	2.90534e-13	1	2.90534e-13	9e-09	0.291669	54392	1	1	1e+08	16000
1e+08	2.25	-0.45	0.7	1	1.8098e-14	1	1.8098e-14	9e-09	0.36299	54392	1	1	1e+08	16000
1e+08	2.25	-0.45	0.75	1	-1.50329e-14	1	-1.50329e-14	9e-09	nan	54392	1	1	1e+08	16000
1e+08	2.25	-0.45	0.8	1	4.81056e-15	1	4.81056e-15	9e-09	0.397032	54392	1	1	1e+08	16000
1e+08	2.25	-0.45	0.85	1	9.8654e-16	1	9.8654e-16	9e-09	0.437738	54392	1	1	1e+08	16000
1e+08	2.25	-0.45	0.9	1	3.97519e-16	1	3.97519e-16	9e-09	0.461092	54392	1	1	1e+08	16000
1e+08	2.25	-0.45	0.95	1	6.19846e-17	1	6.19846e-17	9e-09	0.508838	54392	1	1	1e+08	16000
1e+08	2.25	-0.45	1	1	2.23355e-18	1	2.23355e-18	9e-09	0.594222	54392	1	1	1e+08	16000
1e+08	2.25	-0.45	1.05	1	6.62369e-20	1	6.62369e-20	9e-09	0.684611	54392	1	1	1e+08	16000
1e+08	2.25	-0.45	1.1	1	1.80028e-21	1	1.80028e-21	9e-09	0.777241	54392	1	1	1e+08	16000
1e+08	2.25	-0.45	1.15	1	4.48846e-23	1	4.48846e-23	9e-09	0.872087	54392	1	1	1e+08	16000
1e+08	2.25	-0.45	1.2	1	1.02653e-24	1	1.02653e-24	9e-09	0.969152	54392	1	1	1e+08	16000
1e+08	2.3	-0.45	-1.75	6.78607e-08	1	6.78607e-08	1	1.56255e-15	-0.874077	54392	1	1	1e+08	16000
1e+08	2.3	-0.45	-1.7	1.79558e-07	1	1.79558e-07	1	4.13448e-15	-0.849077	54392	1	1	1e+08	16000
1e+08	2.3	-0.45	-1.65	4.75109e-07	1	4.75109e-07	1	1.09398e-14	-0.824077	54392	1	1	1e+08	16000
1e+08	2.3	-0.45	-1.6	1.25713e-06	0.999999	1.25713e-06	0.999999	2.89465e-14	-0.799077	54392	1	1	1e+08	16000
1e+08	2.3	-0.45	-1.55	3.32635e-06	0.999997	3.32635e-06	0.999997	7.65916e-14	-0.774077	54392	1	1	1e+08	16000
1e+08	2.3	-0.45	-1.5	8.80144e-06	0.999991	8.80144e-06	0.999991	2.02659e-13	-0.749077	54392	1	1	1e+08	16000
1e+08	2.3	-0.45	-1.45	2.32883e-05	0.999977	2.32883e-05	0.999977	5.3622e-13	-0.724076	54392	1	1	1e+08	16000
1e+08	2.3	-0.45	-1.4	6.16196e-05	0.999938	6.16196e-05	0.999938	1.41874e-12	-0.699076	54392	1	1	1e+08	16000
1e+08	2.3	-0.45	-1.35	0.000163038	0.999837	0.000163038	0.999837	3.75337e-12	-0.674074	54392	1	1	1e+08	16000
1e+08	2.3	-0.45	-1.3	0.000431346	0.999569	0.000431346	0.999569	9.92718e-12	-0.64907	54392	1	1	1e+08	16000
1e+08	2.3	-0.45	-1.25	0.00114099	0.998859	0.00114099	0.998859	2.62378e-11	-0.62406	54392	1	1	1e+08	16000
1e+08	2.3	-0.45	-1.2	0.00301663	0.996983	0.00301663	0.996983	6.92198e-11	-0.599032	54392	1	1	1e+08	16000
1e+08	2.3	-0.45	-1.15	0.00796495	0.992035	0.00796495	0.992035	1.81728e-10	-0.573959	54392	1	1	1e+08	16000
1e+08	2.3	-0.45	-1.1	0.0209544	0.979046	0.0209544	0.979046	4.71038e-10	-0.548768	54392	1	1	1e+08	16000
1e+08	2.3	-0.45	-1.05	0.0545722	0.945428	0.0545722	0.945428	1.18083e-09	-0.523278	54392	1	1	1e+08	16000
1e+08	2.3	-0.45	-1	0.137896	0.862104	0.137896	0.862104	2.72046e-09	-0.497091	54392	1	1	1e+08	16000
1e+08	2.3	-0.45	-0.95	0.317465	0.682535	0.317465	0.682535	5.18568e-09	-0.469666	54392	1	1	1e+08	16000
1e+08	2.3	-0.45	-0.9	0.582847	0.417153	0.582847	0.417153	7.38692e-09	-0.441407	54392	1	1	1e+08	16000
1e+08	2.3	-0.45	-0.85	0.802453	0.197547	0.802453	0.197547	8.42403e-09	-0.413987	54392	1	1	1e+08	16000
1e+08	2.3	-0.45	-0.8	0.918398	0.0816025	0.918398	0.0816025	8.79329e-09	-0.387804	54392	1	1	1e+08	16000
1e+08	2.3	-0.45	-0.75	0.968102	0.0318977	0.968102	0.0318977	8.92379e-09	-0.362316	54392	1	1	1e+08	16000
1e+08	2.3	-0.45	-0.7	0.98779	0.0122096	0.98779	0.0122096	8.97149e-09	-0.337126	54392	1	1	1e+08	16000
1e+08	2.3	-0.45	-0.65	0.995363	0.00463663	0.995363	0.00463663	8.98927e-09	-0.312053	54392	1	1	1e+08	16000
1e+08	2.3	-0.45	-0.6	0.998244	0.00175551	0.998245	0.00175551	8.99595e-09	-0.287026	54392	1	1	1e+08	16000
1e+08	2.3	-0.45	-0.55	0.999336	0.000663919	0.999336	0.000663919	8.99847e-09	-0.262015	54392	1	1	1e+08	16000
1e+08	2.3	-0.45	-0.5	0.999749	0.000250981	0.999749	0.000250981	8.99942e-09	-0.237012	54392	1	1	1e+08	16000
1e+08	2.3	-0.45	-0.45	0.999905	9.48627e-05	0.999905	9.48627e-05	8.99978e-09	-0.21201	54392	1	1	1e+08	16000
1e+08	2.3	-0.45	-0.4	0.999964	3.58529e-05	0.999964	3.58529e-05	8.99992e-09	-0.187009	54392	1	1	1e+08	16000
1e+08	2.3	-0.45	-0.35	0.999986	1.35501e-05	0.999986	1.35501e-05	8.99997e-09	-0.162009	54392	1	1	1e+08	16000
1e+08	2.3	-0.45	-0.3	0.999995	5.12103e-06	0.999995	5.12103e-06	8.99999e-09	-0.137009	54392	1	1	1e+08	16000
1e+08	2.3	-0.45	-0.25	0.999998	1.9354e-06	0.999998	1.9354e-06	9e-09	-0.112009	54392	1	1	1e+08	16000
1e+08	2.3	-0.45	-0.2	0.999999	7.31448e-07	0.999999	7.31448e-07	9e-09	-0.0870091	54392	1	1	1e+08	16000
1e+08	2.3	-0.45	-0.15	1	2.76437e-07	1	2.76437e-07	9e-09	-0.0620091	54392	1	1	1e+08	16000
1e+08	2.3	-0.45	-0.1	1	1.04474e-07	1	1.04474e-07	9e-09	-0.0370091	54392	1	1	1e+08	16000
1e+08	2.3	-0.45	-0.05	1	3.9484e-08	1	3.9484e-08	9e-09	-0.0120091	54392	1	1	1e+08	16000
1e+08	2.3	-0.45	0	1	1.49222e-08	1	1.49222e-08	9e-09	0.0129909	54392	1	1	1e+08	16000
1e+08	2.3	-0.45	0.05	1	5.63958e-09	1	5.63958e-09	9e-09	0.0379909	54392	1	1	1e+08	16000
1e+08	2.3	-0.45	0.1	1	2.13137e-09	1	2.13137e-09	9e-09	0.0629909	54392	1	1	1e+08	16000
1e+08	2.3	-0.45	0.15	1	8.05511e-10	1	8.05511e-10	9e-09	0.0879909	54392	1	1	1e+08	16000
1e+08	2.3	-0.45	0.2	1	3.04428e-10	1	3.04428e-10	9e-09	0.112991	54392	1	1	1e+08	16000
1e+08	2.3	-0.45	0.25	1	1.15053e-10	1	1.15053e-10	9e-09	0.137991	54392	1	1	1e+08	16000
1e+08	2.3	-0.45	0.3	1	4.3482e-11	1	4.3482e-11	9e-09	0.162991	54392	1	1	1e+08	16000
1e+08	2.3	-0.45	0.35	1	1.64332e-11	1	1.64332e-11	9e-09	0.187991	54392	1	1	1e+08	16000
1e+08	2.3	-0.45	0.4	1	6.21061e-12	1	6.21061e-12	9e-09	0.212991	54392	1	1	1e+08	16000
1e+08	2.3	-0.45	0.45	1	2.34718e-12	1	2.34718e-12	9e-09	0.237991	54392	1	1	1e+08	16000
1e+08	2.3	-0.45	0.5	1	8.87082e-13	1	8.87082e-13	9e-09	0.262991	54392	1	1	1e+08	16000
1e+08	2.3	-0.45	0.55	1	-1.32988e-12	1	-1.32988e-12	9e-09	nan	54392	1	1	1e+08	16000
1e+08	2.3	-0.45	0.6	1	1.30775e-13	1	1.30775e-13	9e-09	0.312178	54392	1	1	1e+08	16000
1e+08	2.3	-0.45	0.65	1	2.90534e-13	1	2.90534e-13	9e-09	0.291669	54392	1	1	1e+08	16000
1e+08	2.3	-0.45	0.7	1	1.8098e-14	1	1.8098e-14	9e-09	0.36299	54392	1	1	1e+08	16000
1e+08	2.3	-0.45	0.75	1	-1.50329e-14	1	-1.50329e-14	9e-09	nan	54392	1	1	1e+08	16000
1e+08	2.3	-0.45	0.8	1	4.81056e-15	1	4.81056e-15	9e-09	0.397032	54392	1	1	1e+08	16000
1e+08	2.3	-0.45	0.85	1	9.8654e-16	1	9.8654e-16	9e-09	0.437738	54392	1	1	1e+08	16000
1e+08	2.3	-0.45	0.9	1	3.97519e-16	1	3.97519e-16	9e-09	0.461092	54392	1	1	1e+08	16000
1e+08	2.3	-0.45	0.95	1	6.19846e-17	1	6.19846e-17	9e-09	0.508838	54392	1	1	1e+08	16000
1e+08	2.3	-0.45	1	1	2.23355e-18	1	2.23355e-18	9e-09	0.594222	54392	1	1	1e+08	16000
1e+08	2.3	-0.45	1.05	1	6.62369e-20	1	6.62369e-20	9e-09	0.684611	54392	1	1	1e+08	16000
1e+08	2.3	-0.45	1.1	1	1.80028e-21	1	1.80028e-21	9e-09	0.777241	54392	1	1	1e+08	16000
1e+08	2.3	-0.45	1.15	1	4.48846e-23	1	4.48846e-23	9e-09	0.872087	54392	1	1	1e+08	16000
1e+08	2.3	-0.45	1.2	1	1.02653e-24	1	1.02653e-24	9e-09	0.969152	54392	1	1	1e+08	16000
1e+08	2.3	-0.45	1.25	1	2.15361e-26	1	2.15361e-26	9e-09	1.06843	54392	1	1	1e+08	16000
1e+08	2.35	-0.45	-1.7	1.79558e-07	1	1.79558e-07	1	4.13448e-15	-0.849077	54392	1	1	1e+08	16000
1e+08	2.35	-0.45	-1.65	4.75109e-07	1	4.75109e-07	1	1.09398e-14	-0.824077	54392	1	1	1e+08	16000
1e+08	2.35	-0.45	-1.6	1.25713e-06	0.999999	1.25713e-06	0.999999	2.89465e-14	-0.799077	54392	1	1	1e+08	16000
1e+08	2.35	-0.45	-1.55	3.32635e-06	0.999997	3.32635e-06	0.999997	7.65916e-14	-0.774077	54392	1	1	1e+08	16000
1e+08	2.35	-0.45	-1.5	8.80144e-06	0.999991	8.80144e-06	0.999991	2.02659e-13	-0.749077	54392	1	1	1e+08	16000
1e+08	2.35	-0.45	-1.45	2.32883e-05	0.999977	2.32883e-05	0.999977	5.3622e-13	-0.724076	54392	1	1	1e+08	16000
1e+08	2.35	-0.45	-1.4	6.16196e-05	0.999938	6.16196e-05	0.999938	1.41874e-12	-0.699076	54392	1	1	1e+08	16000
1e+08	2.35	-0.45	-1.35	0.000163038	0.999837	0.000163038	0.999837	3.75337e-12	-0.674074	54392	1	1	1e+08	16000
1e+08	2.35	-0.45	-1.3	0.000431346	0.999569	0.000431346	0.999569	9.92718e-12	-0.64907	54392	1	1	1e+08	16000
1e+08	2.35	-0.45	-1.25	0.00114099	0.998859	0.00114099	0.998859	2.62378e-11	-0.62406	54392	1	1	1e+08	16000
1e+08	2.35	-0.45	-1.2	0.00301663	0.996983	0.00301663	0.996983	6.92198e-11	-0.599032	54392	1	1	1e+08	16000
1e+08	2.35	-0.45	-1.15	0.00796495	0.992035	0.00796495	0.992035	1.81728e-10	-0.573959	54392	1	1	1e+08	16000
1e+08	2.35	-0.45	-1.1	0.0209544	0.979046	0.0209544	0.979046	4.71038e-10	-0.548768	54392	1	1	1e+08	16000
1e+08	2.35	-0.45	-1.05	0.0545722	0.945428	0.0545722	0.945428	1.18083e-09	-0.523278	54392	1	1	1e+08	16000
1e+08	2.35	-0.45	-1	0.137896	0.862104	0.137896	0.862104	2.72046e-09	-0.497091	54392	1	1	1e+08	16000
1e+08	2.35	-0.45	-0.95	0.317465	0.682535	0.317465	0.682535	5.18568e-09	-0.469666	54392	1	1	1e+08	16000
1e+08	2.35	-0.45	-0.9	0.582847	0.417153	0.582847	0.417153	7.38692e-09	-0.441407	54392	1	1	1e+08	16000
1e+08	2.35	-0.45	-0.85	0.802453	0.197547	0.802453	0.197547	8.42403e-09	-0.413987	54392	1	1	1e+08	16000
1e+08	2.35	-0.45	-0.8	0.918398	0.0816025	0.918398	0.0816025	8.79329e-09	-0.387804	54392	1	1	1e+08	16000
1e+08	2.35	-0.45	-0.75	0.968102	0.0318977	0.968102	0.0318977	8.92379e-09	-0.362316	54392	1	1	1e+08	16000
1e+08	2.35	-0.45	-0.7	0.98779	0.0122096	0.98779	0.0122096	8.97149e-09	-0.337126	54392	1	1	1e+08	16000
1e+08	2.35	-0.45	-0.65	0.995363	0.00463663	0.995363	0.00463663	8.98927e-09	-0.312053	54392	1	1	1e+08	16000
1e+08	2.35	-0.45	-0.6	0.998244	0.00175551	0.998245	0.00175551	8.99595e-09	-0.287026	54392	1	1	1e+08	16000
1e+08	2.35	-0.45	-0.55	0.999336	0.000663919	0.999336	0.000663919	8.99847e-09	-0.262015	54392	1	1	1e+08	16000
1e+08	2.35	-0.45	-0.5	0.999749	0.000250981	0.999749	0.000250981	8.99942e-09	-0.237012	54392	1	1	1e+08	16000
1e+08	2.35	-0.45	-0.45	0.999905	9.48627e-05	0.999905	9.48627e-05	8.99978e-09	-0.21201	54392	1	1	1e+08	16000
1e+08	2.35	-0.45	-0.4	0.999964	3.58529e-05	0.999964	3.58529e-05	8.99992e-09	-0.187009	54392	1	1	1e+08	16000
1e+08	2.35	-0.45	-0.35	0.999986	1.35501e-05	0.999986	1.35501e-05	8.99997e-09	-0.162009	54392	1	1	1e+08	16000
1e+08	2.35	-0.45	-0.3	0.999995	5.12103e-06	0.999995	5.12103e-06	8.99999e-09	-0.137009	54392	1	1	1e+08	16000
1e+08	2.35	-0.45	-0.25	0.999998	1.9354e-06	0.999998	1.9354e-06	9e-09	-0.112009	54392	1	1	1e+08	16000
1e+08	2.35	-0.45	-0.2	0.999999	7.31448e-07	0.999999	7.31448e-07	9e-09	-0.0870091	54392	1	1	1e+08	16000
1e+08	2.35	-0.45	-0.15	1	2.76437e-07	1	2.76437e-07	9e-09	-0.0620091	54392	1	1	1e+08	16000
1e+08	2.35	-0.45	-0.1	1	1.04474e-07	1	1.04474e-07	9e-09	-0.0370091	54392	1	1	1e+08	16000
1e+08	2.35	-0.45	-0.05	1	3.9484e-08	1	3.9484e-08	9e-09	-0.0120091	54392	1	1	1e+08	16000
1e+08	2.35	-0.45	0	1	1.49222e-08	1	1.49222e-08	9e-09	0.0129909	54392	1	1	1e+08	16000
1e+08	2.35	-0.45	0.05	1	5.63958e-09	1	5.63958e-09	9e-09	0.0379909	54392	1	1	1e+08	16000
1e+08	2.35	-0.45	0.1	1	2.13137e-09	1	2.13137e-09	9e-09	0.0629909	54392	1	1	1e+08	16000
1e+08	2.35	-0.45	0.15	1	8.05511e-10	1	8.05511e-10	9e-09	0.0879909	54392	1	1	1e+08	16000
1e+08	2.35	-0.45	0.2	1	3.04428e-10	1	3.04428e-10	9e-09	0.112991	54392	1	1	1e+08	16000
1e+08	2.35	-0.45	0.25	1	1.15053e-10	1	1.15053e-10	9e-09	0.137991	54392	1	1	1e+08	16000
1e+08	2.35	-0.45	0.3	1	4.3482e-11	1	4.3482e-11	9e-09	0.162991	54392	1	1	1e+08	16000
1e+08	2.35	-0.45	0.35	1	1.64332e-11	1	1.64332e-11	9e-09	0.187991	54392	1	1	1e+08	16000
1e+08	2.35	-0.45	0.4	1	6.21061e-12	1	6.21061e-12	9e-09	0.212991	54392	1	1	1e+08	16000
1e+08	2.35	-0.45	0.45	1	2.34718e-12	1	2.34718e-12	9e-09	0.237991	54392	1	1	1e+08	16000
1e+08	2.35	-0.45	0.5	1	8.87082e-13	1	8.87082e-13	9e-09	0.262991	54392	1	1	1e+08	16000
1e+08	2.35	-0.45	0.55	1	-1.32988e-12	1	-1.32988e-12	9e-09	nan	54392	1	1	1e+08	16000
1e+08	2.35	-0.45	0.6	1	1.30775e-13	1	1.30775e-13	9e-09	0.312178	54392	1	1	1e+08	16000
1e+08	2.35	-0.45	0.65	1	2.90534e-13	1	2.90534e-13	9e-09	0.291669	54392	1	1	1e+08	16000
1e+08	2.35	-0.45	0.7	1	1.8098e-14	1	1.8098e-14	9e-09	0.36299	54392	1	1	1e+08	16000
1e+08	2.35	-0.45	0.75	1	-1.50329e-14	1	-1.50329e-14	9e-09	nan	54392	1	1	1e+08	16000
1e+08	2.35	-0.45	0.8	1	4.81056e-15	1	4.81056e-15	9e-09	0.397032	54392	1	1	1e+08	16000
1e+08	2.35	-0.45	0.85	1	9.8654e-16	1	9.8654e-16	9e-09	0.437738	54392	1	1	1e+08	16000
1e+08	2.35	-0.45	0.9	1	3.97519e-16	1	3.97519e-16	9e-09	0.461092	54392	1	1	1e+08	16000
1e+08	2.35	-0.45	0.95	1	6.19846e-17	1	6.19846e-17	9e-09	0.508838	54392	1	1	1e+08	16000
1e+08	2.35	-0.45	1	1	2.23355e-18	1	2.23355e-18	9e-09	0.594222	54392	1	1	1e+08	16000
1e+08	2.35	-0.45	1.05	1	6.62369e-20	1	6.62369e-20	9e-09	0.684611	54392	1	1	1e+08	16000
1e+08	2.35	-0.45	1.1	1	1.80028e-21	1	1.80028e-21	9e-09	0.777241	54392	1	1	1e+08	16000
1e+08	2.35	-0.45	1.15	1	4.48846e-23	1	4.48846e-23	9e-09	0.872087	54392	1	1	1e+08	16000
1e+08	2.35	-0.45	1.2	1	1.02653e-24	1	1.02653e-24	9e-09	0.969152	54392	1	1	1e+08	16000
1e+08	2.35	-0.45	1.25	1	2.15361e-26	1	2.15361e-26	9e-09	1.06843	54392	1	1	1e+08	16000
1e+08	2.35	-0.45	1.3	1	4.14458e-28	1	4.14458e-28	9e-09	1.16993	54392	1	1	1e+08	16000
1e+08	2.4	-0.45	-1.65	4.75109e-07	1	4.75109e-07	1	1.09398e-14	-0.824077	54392	1	1	1e+08	16000
1e+08	2.4	-0.45	-1.6	1.25713e-06	0.999999	1.25713e-06	0.999999	2.89465e-14	-0.799077	54392	1	1	1e+08	16000
1e+08	2.4	-0.45	-1.55	3.32635e-06	0.999997	3.32635e-06	0.999997	7.65916e-14	-0.774077	54392	1	1	1e+08	16000
1e+08	2.4	-0.45	-1.5	8.80144e-06	0.999991	8.80144e-06	0.999991	2.02659e-13	-0.749077	54392	1	1	1e+08	16000
1e+08	2.4	-0.45	-1.45	2.32883e-05	0.999977	2.32883e-05	0.999977	5.3622e-13	-0.724076	54392	1	1	1e+08	16000
1e+08	2.4	-0.45	-1.4	6.16196e-05	0.999938	6.16196e-05	0.999938	1.41874e-12	-0.699076	54392	1	1	1e+08	16000
1e+08	2.4	-0.45	-1.35	0.000163038	0.999837	0.000163038	0.999837	3.75337e-12	-0.674074	54392	1	1	1e+08	16000
1e+08	2.4	-0.45	-1.3	0.000431346	0.999569	0.000431346	0.999569	9.92718e-12	-0.64907	54392	1	1	1e+08	16000
1e+08	2.4	-0.45	-1.25	0.00114099	0.998859	0.00114099	0.998859	2.62378e-11	-0.62406	54392	1	1	1e+08	16000
1e+08	2.4	-0.45	-1.2	0.00301663	0.996983	0.00301663	0.996983	6.92198e-11	-0.599032	54392	1	1	1e+08	16000
1e+08	2.4	-0.45	-1.15	0.00796495	0.992035	0.00796495	0.992035	1.81728e-10	-0.573959	54392	1	1	1e+08	16000
1e+08	2.4	-0.45	-1.1	0.0209544	0.979046	0.0209544	0.979046	4.71038e-10	-0.548768	54392	1	1	1e+08	16000
1e+08	2.4	-0.45	-1.05	0.0545722	0.945428	0.0545722	0.945428	1.18083e-09	-0.523278	54392	1	1	1e+08	16000
1e+08	2.4	-0.45	-1	0.137896	0.862104	0.137896	0.862104	2.72046e-09	-0.497091	54392	1	1	1e+08	16000
1e+08	2.4	-0.45	-0.95	0.317465	0.682535	0.317465	0.682535	5.18568e-09	-0.469666	54392	1	1	1e+08	16000
1e+08	2.4	-0.45	-0.9	0.582847	0.417153	0.582847	0.417153	7.38692e-09	-0.441407	54392	1	1	1e+08	16000
1e+08	2.4	-0.45	-0.85	0.802453	0.197547	0.802453	0.197547	8.42403e-09	-0.413987	54392	1	1	1e+08	16000
1e+08	2.4	-0.45	-0.8	0.918398	0.0816025	0.918398	0.0816025	8.79329e-09	-0.387804	54392	1	1	1e+08	16000
1e+08	2.4	-0.45	-0.75	0.968102	0.0318977	0.968102	0.0318977	8.92379e-09	-0.362316	54392	1	1	1e+08	16000
1e+08	2.4	-0.45	-0.7	0.98779	0.0122096	0.98779	0.0122096	8.97149e-09	-0.337126	54392	1	1	1e+08	16000
1e+08	2.4	-0.45	-0.65	0.995363	0.00463663	0.995363	0.00463663	8.98927e-09	-0.312053	54392	1	1	1e+08	16000
1e+08	2.4	-0.45	-0.6	0.998244	0.00175551	0.998245	0.00175551	8.99595e-09	-0.287026	54392	1	1	1e+08	16000
1e+08	2.4	-0.45	-0.55	0.999336	0.000663919	0.999336	0.000663919	8.99847e-09	-0.262015	54392	1	1	1e+08	16000
1e+08	2.4	-0.45	-0.5	0.999749	0.000250981	0.999749	0.000250981	8.99942e-09	-0.237012	54392	1	1	1e+08	16000
1e+08	2.4	-0.45	-0.45	0.999905	9.48627e-05	0.999905	9.48627e-05	8.99978e-09	-0.21201	54392	1	1	1e+08	16000
1e+08	2.4	-0.45	-0.4	0.999964	3.58529e-05	0.999964	3.58529e-05	8.99992e-09	-0.187009	54392	1	1	1e+08	16000
1e+08	2.4	-0.45	-0.35	0.999986	1.35501e-05	0.999986	1.35501e-05	8.99997e-09	-0.162009	54392	1	1	1e+08	16000
1e+08	2.4	-0.45	-0.3	0.999995	5.12103e-06	0.999995	5.12103e-06	8.99999e-09	-0.137009	54392	1	1	1e+08	16000
1e+08	2.4	-0.45	-0.25	0.999998	1.9354e-06	0.999998	1.9354e-06	9e-09	-0.112009	54392	1	1	1e+08	16000
1e+08	2.4	-0.45	-0.2	0.999999	7.31448e-07	0.999999	7.31448e-07	9e-09	-0.0870091	54392	1	1	1e+08	16000
1e+08	2.4	-0.45	-0.15	1	2.76437e-07	1	2.76437e-07	9e-09	-0.0620091	54392	1	1	1e+08	16000
1e+08	2.4	-0.45	-0.1	1	1.04474e-07	1	1.04474e-07	9e-09	-0.0370091	54392	1	1	1e+08	16000
1e+08	2.4	-0.45	-0.05	1	3.9484e-08	1	3.9484e-08	9e-09	-0.0120091	54392	1	1	1e+08	16000
1e+08	2.4	-0.45	0	1	1.49222e-08	1	1.49222e-08	9e-09	0.0129909	54392	1	1	1e+08	16000
1e+08	2.4	-0.45	0.05	1	5.63958e-09	1	5.63958e-09	9e-09	0.0379909	54392	1	1	1e+08	16000
1e+08	2.4	-0.45	0.1	1	2.13137e-09	1	2.13137e-09	9e-09	0.0629909	54392	1	1	1e+08	16000
1e+08	2.4	-0.45	0.15	1	8.05511e-10	1	8.05511e-10	9e-09	0.0879909	54392	1	1	1e+08	16000
1e+08	2.4	-0.45	0.2	1	3.04428e-10	1	3.04428e-10	9e-09	0.112991	54392	1	1	1e+08	16000
1e+08	2.4	-0.45	0.25	1	1.15053e-10	1	1.15053e-10	9e-09	0.137991	54392	1	1	1e+08	16000
1e+08	2.4	-0.45	0.3	1	4.3482e-11	1	4.3482e-11	9e-09	0.162991	54392	1	1	1e+08	16000
1e+08	2.4	-0.45	0.35	1	1.64332e-11	1	1.64332e-11	9e-09	0.187991	54392	1	1	1e+08	16000
1e+08	2.4	-0.45	0.4	1	6.21061e-12	1	6.21061e-12	9e-09	0.212991	54392	1	1	1e+08	16000
1e+08	2.4	-0.45	0.45	1	2.34718e-12	1	2.34718e-12	9e-09	0.237991	54392	1	1	1e+08	16000
1e+08	2.4	-0.45	0.5	1	8.87082e-13	1	8.87082e-13	9e-09	0.262991	54392	1	1	1e+08	16000
1e+08	2.4	-0.45	0.55	1	-1.32988e-12	1	-1.32988e-12	9e-09	nan	54392	1	1	1e+08	16000
1e+08	2.4	-0.45	0.6	1	1.30775e-13	1	1.30775e-13	9e-09	0.312178	54392	1	1	1e+08	16000
1e+08	2.4	-0.45	0.65	1	2.90534e-13	1	2.90534e-13	9e-09	0.291669	54392	1	1	1e+08	16000
1e+08	2.4	-0.45	0.7	1	1.8098e-14	1	1.8098e-14	9e-09	0.36299	54392	1	1	1e+08	16000
1e+08	2.4	-0.45	0.75	1	-1.50329e-14	1	-1.50329e-14	9e-09	nan	54392	1	1	1e+08	16000
1e+08	2.4	-0.45	0.8	1	4.81056e-15	1	4.81056e-15	9e-09	0.397032	54392	1	1	1e+08	16000
1e+08	2.4	-0.45	0.85	1	9.8654e-16	1	9.8654e-16	9e-09	0.437738	54392	1	1	1e+08	16000
1e+08	2.4	-0.45	0.9	1	3.97519e-16	1	3.97519e-16	9e-09	0.461092	54392	1	1	1e+08	16000
1e+08	2.4	-0.45	0.95	1	6.19846e-17	1	6.19846e-17	9e-09	0.508838	54392	1	1	1e+08	16000
1e+08	2.4	-0.45	1	1	2.23355e-18	1	2.23355e-18	9e-09	0.594222	54392	1	1	1e+08	16000
1e+08	2.4	-0.45	1.05	1	6.62369e-20	1	6.62369e-20	9e-09	0.684611	54392	1	1	1e+08	16000
1e+08	2.4	-0.45	1.1	1	1.80028e-21	1	1.80028e-21	9e-09	0.777241	54392	1	1	1e+08	16000
1e+08	2.4	-0.45	1.15	1	4.48846e-23	1	4.48846e-23	9e-09	0.872087	54392	1	1	1e+08	16000
1e+08	2.4	-0.45	1.2	1	1.02653e-24	1	1.02653e-24	9e-09	0.969152	54392	1	1	1e+08	16000
1e+08	2.4	-0.45	1.25	1	2.15361e-26	1	2.15361e-26	9e-09	1.06843	54392	1	1	1e+08	16000
1e+08	2.4	-0.45	1.3	1	4.14458e-28	1	4.14458e-28	9e-09	1.16993	54392	1	1	1e+08	16000
1e+08	2.4	-0.45	1.35	1	7.31666e-30	1	7.31666e-30	9e-09	1.27365	54392	1	1	1e+08	16000
1e+08	2.45	-0.45	-1.6	1.25713e-06	0.999999	1.25713e-06	0.999999	2.89465e-14	-0.799077	54392	1	1	1e+08	16000
1e+08	2.45	-0.45	-1.55	3.32635e-06	0.999997	3.32635e-06	0.999997	7.65916e-14	-0.774077	54392	1	1	1e+08	16000
1e+08	2.45	-0.45	-1.5	8.80144e-06	0.999991	8.80144e-06	0.999991	2.02659e-13	-0.749077	54392	1	1	1e+08	16000
1e+08	2.45	-0.45	-1.45	2.32883e-05	0.999977	2.32883e-05	0.999977	5.3622e-13	-0.724076	54392	1	1	1e+08	16000
1e+08	2.45	-0.45	-1.4	6.16196e-05	0.999938	6.16196e-05	0.999938	1.41874e-12	-0.699076	54392	1	1	1e+08	16000
1e+08	2.45	-0.45	-1.35	0.000163038	0.999837	0.000163038	0.999837	3.75337e-12	-0.674074	54392	1	1	1e+08	16000
1e+08	2.45	-0.45	-1.3	0.000431346	0.999569	0.000431346	0.999569	9.92718e-12	-0.64907	54392	1	1	1e+08	16000
1e+08	2.45	-0.45	-1.25	0.00114099	0.998859	0.00114099	0.998859	2.62378e-11	-0.62406	54392	1	1	1e+08	16000
1e+08	2.45	-0.45	-1.2	0.00301663	0.996983	0.00301663	0.996983	6.92198e-11	-0.599032	54392	1	1	1e+08	16000
1e+08	2.45	-0.45	-1.15	0.00796495	0.992035	0.00796495	0.992035	1.81728e-10	-0.573959	54392	1	1	1e+08	16000
1e+08	2.45	-0.45	-1.1	0.0209544	0.979046	0.0209544	0.979046	4.71038e-10	-0.548768	54392	1	1	1e+08	16000
1e+08	2.45	-0.45	-1.05	0.0545722	0.945428	0.0545722	0.945428	1.18083e-09	-0.523278	54392	1	1	1e+08	16000
1e+08	2.45	-0.45	-1	0.137896	0.862104	0.137896	0.862104	2.72046e-09	-0.497091	54392	1	1	1e+08	16000
1e+08	2.45	-0.45	-0.95	0.317465	0.682535	0.317465	0.682535	5.18568e-09	-0.469666	54392	1	1	1e+08	16000
1e+08	2.45	-0.45	-0.9	0.582847	0.417153	0.582847	0.417153	7.38692e-09	-0.441407	54392	1	1	1e+08	16000
1e+08	2.45	-0.45	-0.85	0.802453	0.197547	0.802453	0.197547	8.42403e-09	-0.413987	54392	1	1	1e+08	16000
1e+08	2.45	-0.45	-0.8	0.918398	0.0816025	0.918398	0.0816025	8.79329e-09	-0.387804	54392	1	1	1e+08	16000
1e+08	2.45	-0.45	-0.75	0.968102	0.0318977	0.968102	0.0318977	8.92379e-09	-0.362316	54392	1	1	1e+08	16000
1e+08	2.45	-0.45	-0.7	0.98779	0.0122096	0.98779	0.0122096	8.97149e-09	-0.337126	54392	1	1	1e+08	16000
1e+08	2.45	-0.45	-0.65	0.995363	0.00463663	0.995363	0.00463663	8.98927e-09	-0.312053	54392	1	1	1e+08	16000
1e+08	2.45	-0.45	-0.6	0.998244	0.00175551	0.998245	0.00175551	8.99595e-09	-0.287026	54392	1	1	1e+08	16000
1e+08	2.45	-0.45	-0.55	0.999336	0.000663919	0.999336	0.000663919	8.99847e-09	-0.262015	54392	1	1	1e+08	16000
1e+08	2.45	-0.45	-0.5	0.999749	0.000250981	0.999749	0.000250981	8.99942e-09	-0.237012	54392	1	1	1e+08	16000
1e+08	2.45	-0.45	-0.45	0.999905	9.48627e-05	0.999905	9.48627e-05	8.99978e-09	-0.21201	54392	1	1	1e+08	16000
1e+08	2.45	-0.45	-0.4	0.999964	3.58529e-05	0.999964	3.58529e-05	8.99992e-09	-0.187009	54392	1	1	1e+08	16000
1e+08	2.45	-0.45	-0.35	0.999986	1.35501e-05	0.999986	1.35501e-05	8.99997e-09	-0.162009	54392	1	1	1e+08	16000
1e+08	2.45	-0.45	-0.3	0.999995	5.12103e-06	0.999995	5.12103e-06	8.99999e-09	-0.137009	54392	1	1	1e+08	16000
1e+08	2.45	-0.45	-0.25	0.999998	1.9354e-06	0.999998	1.9354e-06	9e-09	-0.112009	54392	1	1	1e+08	16000
1e+08	2.45	-0.45	-0.2	0.999999	7.31448e-07	0.999999	7.31448e-07	9e-09	-0.0870091	54392	1	1	1e+08	16000
1e+08	2.45	-0.45	-0.15	1	2.76437e-07	1	2.76437e-07	9e-09	-0.0620091	54392	1	1	1e+08	16000
1e+08	2.45	-0.45	-0.1	1	1.04474e-07	1	1.04474e-07	9e-09	-0.0370091	54392	1	1	1e+08	16000
1e+08	2.45	-0.45	-0.05	1	3.9484e-08	1	3.9484e-08	9e-09	-0.0120091	54392	1	1	1e+08	16000
1e+08	2.45	-0.45	0	1	1.49222e-08	1	1.49222e-08	9e-09	0.0129909	54392	1	1	1e+08	16000
1e+08	2.45	-0.45	0.05	1	5.63958e-09	1	5.63958e-09	9e-09	0.0379909	54392	1	1	1e+08	16000
1e+08	2.45	-0.45	0.1	1	2.13137e-09	1	2.13137e-09	9e-09	0.0629909	54392	1	1	1e+08	16000
1e+08	2.45	-0.45	0.15	1	8.05511e-10	1	8.05511e-10	9e-09	0.0879909	54392	1	1	1e+08	16000
1e+08	2.45	-0.45	0.2	1	3.04428e-10	1	3.04428e-10	9e-09	0.112991	54392	1	1	1e+08	16000
1e+08	2.45	-0.45	0.25	1	1.15053e-10	1	1.15053e-10	9e-09	0.137991	54392	1	1	1e+08	16000
1e+08	2.45	-0.45	0.3	1	4.3482e-11	1	4.3482e-11	9e-09	0.162991	54392	1	1	1e+08	16000
1e+08	2.45	-0.45	0.35	1	1.64332e-11	1	1.64332e-11	9e-09	0.187991	54392	1	1	1e+08	16000
1e+08	2.45	-0.45	0.4	1	6.21061e-12	1	6.21061e-12	9e-09	0.212991	54392	1	1	1e+08	16000
1e+08	2.45	-0.45	0.45	1	2.34718e-12	1	2.34718e-12	9e-09	0.237991	54392	1	1	1e+08	16000
1e+08	2.45	-0.45	0.5	1	8.87082e-13	1	8.87082e-13	9e-09	0.262991	54392	1	1	1e+08	16000
1e+08	2.45	-0.45	0.55	1	-1.32988e-12	1	-1.32988e-12	9e-09	nan	54392	1	1	1e+08	16000
1e+08	2.45	-0.45	0.6	1	1.30775e-13	1	1.30775e-13	9e-09	0.312178	54392	1	1	1e+08	16000
1e+08	2.45	-0.45	0.65	1	2.90534e-13	1	2.90534e-13	9e-09	0.291669	54392	1	1	1e+08	16000
1e+08	2.45	-0.45	0.7	1	1.8098e-14	1	1.8098e-14	9e-09	0.36299	54392	1	1	1e+08	16000
1e+08	2.45	-0.45	0.75	1	-1.50329e-14	1	-1.50329e-14	9e-09	nan	54392	1	1	1e+08	16000
1e+08	2.45	-0.45	0.8	1	4.81056e-15	1	4.81056e-15	9e-09	0.397032	54392	1	1	1e+08	16000
1e+08	2.45	-0.45	0.85	1	9.8654e-16	1	9.8654e-16	9e-09	0.437738	54392	1	1	1e+08	16000
1e+08	2.45	-0.45	0.9	1	3.97519e-16	1	3.97519e-16	9e-09	0.461092	54392	1	1	1e+08	16000
1e+08	2.45	-0.45	0.95	1	6.19846e-17	1	6.19846e-17	9e-09	0.508838	54392	1	1	1e+08	16000
1e+08	2.45	-0.45	1	1	2.23355e-18	1	2.23355e-18	9e-09	0.594222	54392	1	1	1e+08	16000
1e+08	2.45	-0.45	1.05	1	6.62369e-20	1	6.62369e-20	9e-09	0.684611	54392	1	1	1e+08	16000
1e+08	2.45	-0.45	1.1	1	1.80028e-21	1	1.80028e-21	9e-09	0.777241	54392	1	1	1e+08	16000
1e+08	2.45	-0.45	1.15	1	4.48846e-23	1	4.48846e-23	9e-09	0.872087	54392	1	1	1e+08	16000
1e+08	2.45	-0.45	1.2	1	1.02653e-24	1	1.02653e-24	9e-09	0.969152	54392	1	1	1e+08	16000
1e+08	2.45	-0.45	1.25	1	2.15361e-26	1	2.15361e-26	9e-09	1.06843	54392	1	1	1e+08	16000
1e+08	2.45	-0.45	1.3	1	4.14458e-28	1	4.14458e-28	9e-09	1.16993	54392	1	1	1e+08	16000
1e+08	2.45	-0.45	1.35	1	7.31666e-30	1	7.31666e-30	9e-09	1.27365	54392	1	1	1e+08	16000
1e+08	2.45	-0.45	1.4	1	1.18485e-31	1	1.18485e-31	9e-09	1.37958	54392	1	1	1e+08	16000
1e+08	2.45	-0.45	1.45	1	1.76009e-33	1	1.76009e-33	9e-09	1.48773	54392	1	1	1e+08	16000
1e+08	2.5	-0.45	-1.55	3.32635e-06	0.999997	3.32635e-06	0.999997	7.65916e-14	-0.774077	54392	1	1	1e+08	16000
1e+08	2.5	-0.45	-1.5	8.80144e-06	0.999991	8.80144e-06	0.999991	2.02659e-13	-0.749077	54392	1	1	1e+08	16000
1e+08	2.5	-0.45	-1.45	2.32883e-05	0.999977	2.32883e-05	0.999977	5.3622e-13	-0.724076	54392	1	1	1e+08	16000
1e+08	2.5	-0.45	-1.4	6.16196e-05	0.999938	6.16196e-05	0.999938	1.41874e-12	-0.699076	54392	1	1	1e+08	16000
1e+08	2.5	-0.45	-1.35	0.000163038	0.999837	0.000163038	0.999837	3.75337e-12	-0.674074	54392	1	1	1e+08	16000
1e+08	2.5	-0.45	-1.3	0.000431346	0.999569	0.000431346	0.999569	9.92718e-12	-0.64907	54392	1	1	1e+08	16000
1e+08	2.5	-0.45	-1.25	0.00114099	0.998859	0.00114099	0.998859	2.62378e-11	-0.62406	54392	1	1	1e+08	16000
1e+08	2.5	-0.45	-1.2	0.00301663	0.996983	0.00301663	0.996983	6.92198e-11	-0.599032	54392	1	1	1e+08	16000
1e+08	2.5	-0.45	-1.15	0.00796495	0.992035	0.00796495	0.992035	1.81728e-10	-0.573959	54392	1	1	1e+08	16000
1e+08	2.5	-0.45	-1.1	0.0209544	0.979046	0.0209544	0.979046	4.71038e-10	-0.548768	54392	1	1	1e+08	16000
1e+08	2.5	-0.45	-1.05	0.0545722	0.945428	0.0545722	0.945428	1.18083e-09	-0.523278	54392	1	1	1e+08	16000
1e+08	2.5	-0.45	-1	0.137896	0.862104	0.137896	0.862104	2.72046e-09	-0.497091	54392	1	1	1e+08	16000
1e+08	2.5	-0.45	-0.95	0.317465	0.682535	0.317465	0.682535	5.18568e-09	-0.469666	54392	1	1	1e+08	16000
1e+08	2.5	-0.45	-0.9	0.582847	0.417153	0.582847	0.417153	7.38692e-09	-0.441407	54392	1	1	1e+08	16000
1e+08	2.5	-0.45	-0.85	0.802453	0.197547	0.802453	0.197547	8.42403e-09	-0.413987	54392	1	1	1e+08	16000
1e+08	2.5	-0.45	-0.8	0.918398	0.0816025	0.918398	0.0816025	8.79329e-09	-0.387804	54392	1	1	1e+08	16000
1e+08	2.5	-0.45	-0.75	0.968102	0.0318977	0.968102	0.0318977	8.92379e-09	-0.362316	54392	1	1	1e+08	16000
1e+08	2.5	-0.45	-0.7	0.98779	0.0122096	0.98779	0.0122096	8.97149e-09	-0.337126	54392	1	1	1e+08	16000
1e+08	2.5	-0.45	-0.65	0.995363	0.00463663	0.995363	0.00463663	8.98927e-09	-0.312053	54392	1	1	1e+08	16000
1e+08	2.5	-0.45	-0.6	0.998244	0.00175551	0.998245	0.00175551	8.99595e-09	-0.287026	54392	1	1	1e+08	16000
1e+08	2.5	-0.45	-0.55	0.999336	0.000663919	0.999336	0.000663919	8.99847e-09	-0.262015	54392	1	1	1e+08	16000
1e+08	2.5	-0.45	-0.5	0.999749	0.000250981	0.999749	0.000250981	8.99942e-09	-0.237012	54392	1	1	1e+08	16000
1e+08	2.5	-0.45	-0.45	0.999905	9.48627e-05	0.999905	9.48627e-05	8.99978e-09	-0.21201	54392	1	1	1e+08	16000
1e+08	2.5	-0.45	-0.4	0.999964	3.58529e-05	0.999964	3.58529e-05	8.99992e-09	-0.187009	54392	1	1	1e+08	16000
1e+08	2.5	-0.45	-0.35	0.999986	1.35501e-05	0.999986	1.35501e-05	8.99997e-09	-0.162009	54392	1	1	1e+08	16000
1e+08	2.5	-0.45	-0.3	0.999995	5.12103e-06	0.999995	5.12103e-06	8.99999e-09	-0.137009	54392	1	1	1e+08	16000
1e+08	2.5	-0.45	-0.25	0.999998	1.9354e-06	0.999998	1.9354e-06	9e-09	-0.112009	54392	1	1	1e+08	16000
1e+08	2.5	-0.45	-0.2	0.999999	7.31448e-07	0.999999	7.31448e-07	9e-09	-0.0870091	54392	1	1	1e+08	16000
1e+08	2.5	-0.45	-0.15	1	2.76437e-07	1	2.76437e-07	9e-09	-0.0620091	54392	1	1	1e+08	16000
1e+08	2.5	-0.45	-0.1	1	1.04474e-07	1	1.04474e-07	9e-09	-0.0370091	54392	1	1	1e+08	16000
1e+08	2.5	-0.45	-0.05	1	3.9484e-08	1	3.9484e-08	9e-09	-0.0120091	54392	1	1	1e+08	16000
1e+08	2.5	-0.45	0	1	1.49222e-08	1	1.49222e-08	9e-09	0.0129909	54392	1	1	1e+08	16000
1e+08	2.5	-0.45	0.05	1	5.63958e-09	1	5.63958e-09	9e-09	0.0379909	54392	1	1	1e+08	16000
1e+08	2.5	-0.45	0.1	1	2.13137e-09	1	2.13137e-09	9e-09	0.0629909	54392	1	1	1e+08	16000
1e+08	2.5	-0.45	0.15	1	8.05511e-10	1	8.05511e-10	9e-09	0.0879909	54392	1	1	1e+08	16000
1e+08	2.5	-0.45	0.2	1	3.04428e-10	1	3.04428e-10	9e-09	0.112991	54392	1	1	1e+08	16000
1e+08	2.5	-0.45	0.25	1	1.15053e-10	1	1.15053e-10	9e-09	0.137991	54392	1	1	1e+08	16000
1e+08	2.5	-0.45	0.3	1	4.3482e-11	1	4.3482e-11	9e-09	0.162991	54392	1	1	1e+08	16000
1e+08	2.5	-0.45	0.35	1	1.64332e-11	1	1.64332e-11	9e-09	0.187991	54392	1	1	1e+08	16000
1e+08	2.5	-0.45	0.4	1	6.21061e-12	1	6.21061e-12	9e-09	0.212991	54392	1	1	1e+08	16000
1e+08	2.5	-0.45	0.45	1	2.34718e-12	1	2.34718e-12	9e-09	0.237991	54392	1	1	1e+08	16000
1e+08	2.5	-0.45	0.5	1	8.87082e-13	1	8.87082e-13	9e-09	0.262991	54392	1	1	1e+08	16000
1e+08	2.5	-0.45	0.55	1	6.12262e-13	1	6.12262e-13	9e-09	0.272517	54392	1	1	1e+08	16000
1e+08	2.5	-0.45	0.6	1	1.30775e-13	1	1.30775e-13	9e-09	0.312178	54392	1	1	1e+08	16000
1e+08	2.5	-0.45	0.65	1	2.90534e-13	1	2.90534e-13	9e-09	0.291669	54392	1	1	1e+08	16000
1e+08	2.5	-0.45	0.7	1	1.8098e-14	1	1.8098e-14	9e-09	0.36299	54392	1	1	1e+08	16000
1e+08	2.5	-0.45	0.75	1	-1.50329e-14	1	-1.50329e-14	9e-09	nan	54392	1	1	1e+08	16000
1e+08	2.5	-0.45	0.8	1	4.81056e-15	1	4.81056e-15	9e-09	0.397032	54392	1	1	1e+08	16000
1e+08	2.5	-0.45	0.85	1	9.8654e-16	1	9.8654e-16	9e-09	0.437738	54392	1	1	1e+08	16000
1e+08	2.5	-0.45	0.9	1	3.97519e-16	1	3.97519e-16	9e-09	0.461092	54392	1	1	1e+08	16000
1e+08	2.5	-0.45	0.95	1	6.19846e-17	1	6.19846e-17	9e-09	0.508838	54392	1	1	1e+08	16000
1e+08	2.5	-0.45	1	1	2.23355e-18	1	2.23355e-18	9e-09	0.594222	54392	1	1	1e+08	16000
1e+08	2.5	-0.45	1.05	1	6.62369e-20	1	6.62369e-20	9e-09	0.684611	54392	1	1	1e+08	16000
1e+08	2.5	-0.45	1.1	1	1.80028e-21	1	1.80028e-21	9e-09	0.777241	54392	1	1	1e+08	16000
1e+08	2.5	-0.45	1.15	1	4.48846e-23	1	4.48846e-23	9e-09	0.872087	54392	1	1	1e+08	16000
1e+08	2.5	-0.45	1.2	1	1.02653e-24	1	1.02653e-24	9e-09	0.969152	54392	1	1	1e+08	16000
1e+08	2.5	-0.45	1.25	1	2.15361e-26	1	2.15361e-26	9e-09	1.06843	54392	1	1	1e+08	16000
1e+08	2.5	-0.45	1.3	1	4.14458e-28	1	4.14458e-28	9e-09	1.16993	54392	1	1	1e+08	16000
1e+08	2.5	-0.45	1.35	1	7.31666e-30	1	7.31666e-30	9e-09	1.27365	54392	1	1	1e+08	16000
1e+08	2.5	-0.45	1.4	1	1.18485e-31	1	1.18485e-31	9e-09	1.37958	54392	1	1	1e+08	16000
1e+08	2.5	-0.45	1.45	1	1.76009e-33	1	1.76009e-33	9e-09	1.48773	54392	1	1	1e+08	16000
1e+08	2.55	-0.45	-1.5	8.80144e-06	0.999991	8.80144e-06	0.999991	2.02659e-13	-0.749077	54392	1	1	1e+08	16000
1e+08	2.55	-0.45	-1.45	2.32883e-05	0.999977	2.32883e-05	0.999977	5.3622e-13	-0.724076	54392	1	1	1e+08	16000
1e+08	2.55	-0.45	-1.4	6.16196e-05	0.999938	6.16196e-05	0.999938	1.41874e-12	-0.699076	54392	1	1	1e+08	16000
1e+08	2.55	-0.45	-1.35	0.000163038	0.999837	0.000163038	0.999837	3.75337e-12	-0.674074	54392	1	1	1e+08	16000
1e+08	2.55	-0.45	-1.3	0.000431346	0.999569	0.000431346	0.999569	9.92718e-12	-0.64907	54392	1	1	1e+08	16000
1e+08	2.55	-0.45	-1.25	0.00114099	0.998859	0.00114099	0.998859	2.62378e-11	-0.62406	54392	1	1	1e+08	16000
1e+08	2.55	-0.45	-1.2	0.00301663	0.996983	0.00301663	0.996983	6.92198e-11	-0.599032	54392	1	1	1e+08	16000
1e+08	2.55	-0.45	-1.15	0.00796495	0.992035	0.00796495	0.992035	1.81728e-10	-0.573959	54392	1	1	1e+08	16000
1e+08	2.55	-0.45	-1.1	0.0209544	0.979046	0.0209544	0.979046	4.71038e-10	-0.548768	54392	1	1	1e+08	16000
1e+08	2.55	-0.45	-1.05	0.0545722	0.945428	0.0545722	0.945428	1.18083e-09	-0.523278	54392	1	1	1e+08	16000
1e+08	2.55	-0.45	-1	0.137896	0.862104	0.137896	0.862104	2.72046e-09	-0.497091	54392	1	1	1e+08	16000
1e+08	2.55	-0.45	-0.95	0.317465	0.682535	0.317465	0.682535	5.18568e-09	-0.469666	54392	1	1	1e+08	16000
1e+08	2.55	-0.45	-0.9	0.582847	0.417153	0.582847	0.417153	7.38692e-09	-0.441407	54392	1	1	1e+08	16000
1e+08	2.55	-0.45	-0.85	0.802453	0.197547	0.802453	0.197547	8.42403e-09	-0.413987	54392	1	1	1e+08	16000
1e+08	2.55	-0.45	-0.8	0.918398	0.0816025	0.918398	0.0816025	8.79329e-09	-0.387804	54392	1	1	1e+08	16000
1e+08	2.55	-0.45	-0.75	0.968102	0.0318977	0.968102	0.0318977	8.92379e-09	-0.362316	54392	1	1	1e+08	16000
1e+08	2.55	-0.45	-0.7	0.98779	0.0122096	0.98779	0.0122096	8.97149e-09	-0.337126	54392	1	1	1e+08	16000
1e+08	2.55	-0.45	-0.65	0.995363	0.00463663	0.995363	0.00463663	8.98927e-09	-0.312053	54392	1	1	1e+08	16000
1e+08	2.55	-0.45	-0.6	0.998244	0.00175551	0.998245	0.00175551	8.99595e-09	-0.287026	54392	1	1	1e+08	16000
1e+08	2.55	-0.45	-0.55	0.999336	0.000663919	0.999336	0.000663919	8.99847e-09	-0.262015	54392	1	1	1e+08	16000
1e+08	2.55	-0.45	-0.5	0.999749	0.000250981	0.999749	0.000250981	8.99942e-09	-0.237012	54392	1	1	1e+08	16000
1e+08	2.55	-0.45	-0.45	0.999905	9.48627e-05	0.999905	9.48627e-05	8.99978e-09	-0.21201	54392	1	1	1e+08	16000
1e+08	2.55	-0.45	-0.4	0.999964	3.58529e-05	0.999964	3.58529e-05	8.99992e-09	-0.187009	54392	1	1	1e+08	16000
1e+08	2.55	-0.45	-0.35	0.999986	1.35501e-05	0.999986	1.35501e-05	8.99997e-09	-0.162009	54392	1	1	1e+08	16000
1e+08	2.55	-0.45	-0.3	0.999995	5.12103e-06	0.999995	5.12103e-06	8.99999e-09	-0.137009	54392	1	1	1e+08	16000
1e+08	2.55	-0.45	-0.25	0.999998	1.9354e-06	0.999998	1.9354e-06	9e-09	-0.112009	54392	1	1	1e+08	16000
1e+08	2.55	-0.45	-0.2	0.999999	7.31448e-07	0.999999	7.31448e-07	9e-09	-0.0870091	54392	1	1	1e+08	16000
1e+08	2.55	-0.45	-0.15	1	2.76437e-07	1	2.76437e-07	9e-09	-0.0620091	54392	1	1	1e+08	16000
1e+08	2.55	-0.45	-0.1	1	1.04474e-07	1	1.04474e-07	9e-09	-0.0370091	54392	1	1	1e+08	16000
1e+08	2.55	-0.45	-0.05	1	3.9484e-08	1	3.9484e-08	9e-09	-0.0120091	54392	1	1	1e+08	16000
1e+08	2.55	-0.45	0	1	1.49222e-08	1	1.49222e-08	9e-09	0.0129909	54392	1	1	1e+08	16000
1e+08	2.55	-0.45	0.05	1	5.63958e-09	1	5.63958e-09	9e-09	0.0379909	54392	1	1	1e+08	16000
1e+08	2.55	-0.45	0.1	1	2.13137e-09	1	2.13137e-09	9e-09	0.0629909	54392	1	1	1e+08	16000
1e+08	2.55	-0.45	0.15	1	8.05511e-10	1	8.05511e-10	9e-09	0.0879909	54392	1	1	1e+08	16000
1e+08	2.55	-0.45	0.2	1	3.04428e-10	1	3.04428e-10	9e-09	0.112991	54392	1	1	1e+08	16000
1e+08	2.55	-0.45	0.25	1	1.15053e-10	1	1.15053e-10	9e-09	0.137991	54392	1	1	1e+08	16000
1e+08	2.55	-0.45	0.3	1	4.3482e-11	1	4.3482e-11	9e-09	0.162991	54392	1	1	1e+08	16000
1e+08	2.55	-0.45	0.35	1	1.64332e-11	1	1.64332e-11	9e-09	0.187991	54392	1	1	1e+08	16000
1e+08	2.55	-0.45	0.4	1	6.21061e-12	1	6.21061e-12	9e-09	0.212991	54392	1	1	1e+08	16000
1e+08	2.55	-0.45	0.45	1	2.34718e-12	1	2.34718e-12	9e-09	0.237991	54392	1	1	1e+08	16000
1e+08	2.55	-0.45	0.5	1	8.87082e-13	1	8.87082e-13	9e-09	0.262991	54392	1	1	1e+08	16000
1e+08	2.55	-0.45	0.55	1	4.74336e-13	1	4.74336e-13	9e-09	0.279075	54392	1	1	1e+08	16000
1e+08	2.55	-0.45	0.6	1	1.30775e-13	1	1.30775e-13	9e-09	0.312178	54392	1	1	1e+08	16000
1e+08	2.55	-0.45	0.65	1	2.90534e-13	1	2.90534e-13	9e-09	0.291669	54392	1	1	1e+08	16000
1e+08	2.55	-0.45	0.7	1	1.8098e-14	1	1.8098e-14	9e-09	0.36299	54392	1	1	1e+08	16000
1e+08	2.55	-0.45	0.75	1	-1.50329e-14	1	-1.50329e-14	9e-09	nan	54392	1	1	1e+08	16000
1e+08	2.55	-0.45	0.8	1	4.81057e-15	1	4.81057e-15	9e-09	0.397032	54392	1	1	1e+08	16000
1e+08	2.55	-0.45	0.85	1	9.8654e-16	1	9.8654e-16	9e-09	0.437738	54392	1	1	1e+08	16000
1e+08	2.55	-0.45	0.9	1	3.97519e-16	1	3.97519e-16	9e-09	0.461092	54392	1	1	1e+08	16000
1e+08	2.55	-0.45	0.95	1	6.19846e-17	1	6.19846e-17	9e-09	0.508838	54392	1	1	1e+08	16000
1e+08	2.55	-0.45	1	1	2.23355e-18	1	2.23355e-18	9e-09	0.594222	54392	1	1	1e+08	16000
1e+08	2.55	-0.45	1.05	1	6.62369e-20	1	6.62369e-20	9e-09	0.684611	54392	1	1	1e+08	16000
1e+08	2.55	-0.45	1.1	1	1.80028e-21	1	1.80028e-21	9e-09	0.777241	54392	1	1	1e+08	16000
1e+08	2.55	-0.45	1.15	1	4.48846e-23	1	4.48846e-23	9e-09	0.872087	54392	1	1	1e+08	16000
1e+08	2.55	-0.45	1.2	1	1.02653e-24	1	1.02653e-24	9e-09	0.969152	54392	1	1	1e+08	16000
1e+08	2.55	-0.45	1.25	1	2.15361e-26	1	2.15361e-26	9e-09	1.06843	54392	1	1	1e+08	16000
1e+08	2.55	-0.45	1.3	1	4.14458e-28	1	4.14458e-28	9e-09	1.16993	54392	1	1	1e+08	16000
1e+08	2.55	-0.45	1.35	1	7.31666e-30	1	7.31666e-30	9e-09	1.27365	54392	1	1	1e+08	16000
1e+08	2.55	-0.45	1.4	1	1.18485e-31	1	1.18485e-31	9e-09	1.37958	54392	1	1	1e+08	16000
1e+08	2.55	-0.45	1.45	1	1.76009e-33	1	1.76009e-33	9e-09	1.48773	54392	1	1	1e+08	16000
1e+08	2.55	-0.45	1.5	1	2.39841e-35	1	2.39841e-35	9e-09	1.5981	54392	1	1	1e+08	16000
1e+08	2.6	-0.45	-1.45	2.32883e-05	0.999977	2.32883e-05	0.999977	5.3622e-13	-0.724076	54392	1	1	1e+08	16000
1e+08	2.6	-0.45	-1.4	6.16196e-05	0.999938	6.16196e-05	0.999938	1.41874e-12	-0.699076	54392	1	1	1e+08	16000
1e+08	2.6	-0.45	-1.35	0.000163038	0.999837	0.000163038	0.999837	3.75337e-12	-0.674074	54392	1	1	1e+08	16000
1e+08	2.6	-0.45	-1.3	0.000431346	0.999569	0.000431346	0.999569	9.92718e-12	-0.64907	54392	1	1	1e+08	16000
1e+08	2.6	-0.45	-1.25	0.00114099	0.998859	0.00114099	0.998859	2.62378e-11	-0.62406	54392	1	1	1e+08	16000
1e+08	2.6	-0.45	-1.2	0.00301663	0.996983	0.00301663	0.996983	6.92198e-11	-0.599032	54392	1	1	1e+08	16000
1e+08	2.6	-0.45	-1.15	0.00796495	0.992035	0.00796495	0.992035	1.81728e-10	-0.573959	54392	1	1	1e+08	16000
1e+08	2.6	-0.45	-1.1	0.0209544	0.979046	0.0209544	0.979046	4.71038e-10	-0.548768	54392	1	1	1e+08	16000
1e+08	2.6	-0.45	-1.05	0.0545722	0.945428	0.0545722	0.945428	1.18083e-09	-0.523278	54392	1	1	1e+08	16000
1e+08	2.6	-0.45	-1	0.137896	0.862104	0.137896	0.862104	2.72046e-09	-0.497091	54392	1	1	1e+08	16000
1e+08	2.6	-0.45	-0.95	0.317465	0.682535	0.317465	0.682535	5.18568e-09	-0.469666	54392	1	1	1e+08	16000
1e+08	2.6	-0.45	-0.9	0.582847	0.417153	0.582847	0.417153	7.38692e-09	-0.441407	54392	1	1	1e+08	16000
1e+08	2.6	-0.45	-0.85	0.802453	0.197547	0.802453	0.197547	8.42403e-09	-0.413987	54392	1	1	1e+08	16000
1e+08	2.6	-0.45	-0.8	0.918398	0.0816025	0.918398	0.0816025	8.79329e-09	-0.387804	54392	1	1	1e+08	16000
1e+08	2.6	-0.45	-0.75	0.968102	0.0318977	0.968102	0.0318977	8.92379e-09	-0.362316	54392	1	1	1e+08	16000
1e+08	2.6	-0.45	-0.7	0.98779	0.0122096	0.98779	0.0122096	8.97149e-09	-0.337126	54392	1	1	1e+08	16000
1e+08	2.6	-0.45	-0.65	0.995363	0.00463663	0.995363	0.00463663	8.98927e-09	-0.312053	54392	1	1	1e+08	16000
1e+08	2.6	-0.45	-0.6	0.998244	0.00175551	0.998245	0.00175551	8.99595e-09	-0.287026	54392	1	1	1e+08	16000
1e+08	2.6	-0.45	-0.55	0.999336	0.000663919	0.999336	0.000663919	8.99847e-09	-0.262015	54392	1	1	1e+08	16000
1e+08	2.6	-0.45	-0.5	0.999749	0.000250981	0.999749	0.000250981	8.99942e-09	-0.237012	54392	1	1	1e+08	16000
1e+08	2.6	-0.45	-0.45	0.999905	9.48627e-05	0.999905	9.48627e-05	8.99978e-09	-0.21201	54392	1	1	1e+08	16000
1e+08	2.6	-0.45	-0.4	0.999964	3.58529e-05	0.999964	3.58529e-05	8.99992e-09	-0.187009	54392	1	1	1e+08	16000
1e+08	2.6	-0.45	-0.35	0.999986	1.35501e-05	0.999986	1.35501e-05	8.99997e-09	-0.162009	54392	1	1	1e+08	16000
1e+08	2.6	-0.45	-0.3	0.999995	5.12103e-06	0.999995	5.12103e-06	8.99999e-09	-0.137009	54392	1	1	1e+08	16000
1e+08	2.6	-0.45	-0.25	0.999998	1.9354e-06	0.999998	1.9354e-06	9e-09	-0.112009	54392	1	1	1e+08	16000
1e+08	2.6	-0.45	-0.2	0.999999	7.31448e-07	0.999999	7.31448e-07	9e-09	-0.0870091	54392	1	1	1e+08	16000
1e+08	2.6	-0.45	-0.15	1	2.76437e-07	1	2.76437e-07	9e-09	-0.0620091	54392	1	1	1e+08	16000
1e+08	2.6	-0.45	-0.1	1	1.04474e-07	1	1.04474e-07	9e-09	-0.0370091	54392	1	1	1e+08	16000
1e+08	2.6	-0.45	-0.05	1	3.9484e-08	1	3.9484e-08	9e-09	-0.0120091	54392	1	1	1e+08	16000
1e+08	2.6	-0.45	0	1	1.49222e-08	1	1.49222e-08	9e-09	0.0129909	54392	1	1	1e+08	16000
1e+08	2.6	-0.45	0.05	1	5.63958e-09	1	5.63958e-09	9e-09	0.0379909	54392	1	1	1e+08	16000
1e+08	2.6	-0.45	0.1	1	2.13137e-09	1	2.13137e-09	9e-09	0.0629909	54392	1	1	1e+08	16000
1e+08	2.6	-0.45	0.15	1	8.05511e-10	1	8.05511e-10	9e-09	0.0879909	54392	1	1	1e+08	16000
1e+08	2.6	-0.45	0.2	1	3.04428e-10	1	3.04428e-10	9e-09	0.112991	54392	1	1	1e+08	16000
1e+08	2.6	-0.45	0.25	1	1.15053e-10	1	1.15053e-10	9e-09	0.137991	54392	1	1	1e+08	16000
1e+08	2.6	-0.45	0.3	1	4.3482e-11	1	4.3482e-11	9e-09	0.162991	54392	1	1	1e+08	16000
1e+08	2.6	-0.45	0.35	1	1.64332e-11	1	1.64332e-11	9e-09	0.187991	54392	1	1	1e+08	16000
1e+08	2.6	-0.45	0.4	1	6.21061e-12	1	6.21061e-12	9e-09	0.212991	54392	1	1	1e+08	16000
1e+08	2.6	-0.45	0.45	1	2.34718e-12	1	2.34718e-12	9e-09	0.237991	54392	1	1	1e+08	16000
1e+08	2.6	-0.45	0.5	1	8.87082e-13	1	8.87082e-13	9e-09	0.262991	54392	1	1	1e+08	16000
1e+08	2.6	-0.45	0.55	1	-1.32988e-12	1	-1.32988e-12	9e-09	nan	54392	1	1	1e+08	16000
1e+08	2.6	-0.45	0.6	1	1.30775e-13	1	1.30775e-13	9e-09	0.312178	54392	1	1	1e+08	16000
1e+08	2.6	-0.45	0.65	1	2.90534e-13	1	2.90534e-13	9e-09	0.291669	54392	1	1	1e+08	16000
1e+08	2.6	-0.45	0.7	1	1.8098e-14	1	1.8098e-14	9e-09	0.36299	54392	1	1	1e+08	16000
1e+08	2.6	-0.45	0.75	1	-1.50329e-14	1	-1.50329e-14	9e-09	nan	54392	1	1	1e+08	16000
1e+08	2.6	-0.45	0.8	1	4.81056e-15	1	4.81056e-15	9e-09	0.397032	54392	1	1	1e+08	16000
1e+08	2.6	-0.45	0.85	1	9.8654e-16	1	9.8654e-16	9e-09	0.437738	54392	1	1	1e+08	16000
1e+08	2.6	-0.45	0.9	1	3.97519e-16	1	3.97519e-16	9e-09	0.461092	54392	1	1	1e+08	16000
1e+08	2.6	-0.45	0.95	1	6.19846e-17	1	6.19846e-17	9e-09	0.508838	54392	1	1	1e+08	16000
1e+08	2.6	-0.45	1	1	2.23355e-18	1	2.23355e-18	9e-09	0.594222	54392	1	1	1e+08	16000
1e+08	2.6	-0.45	1.05	1	6.62369e-20	1	6.62369e-20	9e-09	0.684611	54392	1	1	1e+08	16000
1e+08	2.6	-0.45	1.1	1	1.80028e-21	1	1.80028e-21	9e-09	0.777241	54392	1	1	1e+08	16000
1e+08	2.6	-0.45	1.15	1	4.48846e-23	1	4.48846e-23	9e-09	0.872087	54392	1	1	1e+08	16000
1e+08	2.6	-0.45	1.2	1	1.02653e-24	1	1.02653e-24	9e-09	0.969152	54392	1	1	1e+08	16000
1e+08	2.6	-0.45	1.25	1	2.15361e-26	1	2.15361e-26	9e-09	1.06843	54392	1	1	1e+08	16000
1e+08	2.6	-0.45	1.3	1	4.14458e-28	1	4.14458e-28	9e-09	1.16993	54392	1	1	1e+08	16000
1e+08	2.6	-0.45	1.35	1	7.31666e-30	1	7.31666e-30	9e-09	1.27365	54392	1	1	1e+08	16000
1e+08	2.6	-0.45	1.4	1	1.18485e-31	1	1.18485e-31	9e-09	1.37958	54392	1	1	1e+08	16000
1e+08	2.6	-0.45	1.45	1	1.76009e-33	1	1.76009e-33	9e-09	1.48773	54392	1	1	1e+08	16000
1e+08	2.6	-0.45	1.5	1	2.39841e-35	1	2.39841e-35	9e-09	1.5981	54392	1	1	1e+08	16000
1e+08	2.6	-0.45	1.55	1	2.99799e-37	1	2.99799e-37	9e-09	1.71069	54392	1	1	1e+08	16000
1e+08	2.65	-0.45	-1.4	6.16196e-05	0.999938	6.16196e-05	0.999938	1.41874e-12	-0.699076	54392	1	1	1e+08	16000
1e+08	2.65	-0.45	-1.35	0.000163038	0.999837	0.000163038	0.999837	3.75337e-12	-0.674074	54392	1	1	1e+08	16000
1e+08	2.65	-0.45	-1.3	0.000431346	0.999569	0.000431346	0.999569	9.92718e-12	-0.64907	54392	1	1	1e+08	16000
1e+08	2.65	-0.45	-1.25	0.00114099	0.998859	0.00114099	0.998859	2.62378e-11	-0.62406	54392	1	1	1e+08	16000
1e+08	2.65	-0.45	-1.2	0.00301663	0.996983	0.00301663	0.996983	6.92198e-11	-0.599032	54392	1	1	1e+08	16000
1e+08	2.65	-0.45	-1.15	0.00796495	0.992035	0.00796495	0.992035	1.81728e-10	-0.573959	54392	1	1	1e+08	16000
1e+08	2.65	-0.45	-1.1	0.0209544	0.979046	0.0209544	0.979046	4.71038e-10	-0.548768	54392	1	1	1e+08	16000
1e+08	2.65	-0.45	-1.05	0.0545722	0.945428	0.0545722	0.945428	1.18083e-09	-0.523278	54392	1	1	1e+08	16000
1e+08	2.65	-0.45	-1	0.137896	0.862104	0.137896	0.862104	2.72046e-09	-0.497091	54392	1	1	1e+08	16000
1e+08	2.65	-0.45	-0.95	0.317465	0.682535	0.317465	0.682535	5.18568e-09	-0.469666	54392	1	1	1e+08	16000
1e+08	2.65	-0.45	-0.9	0.582847	0.417153	0.582847	0.417153	7.38692e-09	-0.441407	54392	1	1	1e+08	16000
1e+08	2.65	-0.45	-0.85	0.802453	0.197547	0.802453	0.197547	8.42403e-09	-0.413987	54392	1	1	1e+08	16000
1e+08	2.65	-0.45	-0.8	0.918398	0.0816025	0.918398	0.0816025	8.79329e-09	-0.387804	54392	1	1	1e+08	16000
1e+08	2.65	-0.45	-0.75	0.968102	0.0318977	0.968102	0.0318977	8.92379e-09	-0.362316	54392	1	1	1e+08	16000
1e+08	2.65	-0.45	-0.7	0.98779	0.0122096	0.98779	0.0122096	8.97149e-09	-0.337126	54392	1	1	1e+08	16000
1e+08	2.65	-0.45	-0.65	0.995363	0.00463663	0.995363	0.00463663	8.98927e-09	-0.312053	54392	1	1	1e+08	16000
1e+08	2.65	-0.45	-0.6	0.998244	0.00175551	0.998245	0.00175551	8.99595e-09	-0.287026	54392	1	1	1e+08	16000
1e+08	2.65	-0.45	-0.55	0.999336	0.000663919	0.999336	0.000663919	8.99847e-09	-0.262015	54392	1	1	1e+08	16000
1e+08	2.65	-0.45	-0.5	0.999749	0.000250981	0.999749	0.000250981	8.99942e-09	-0.237012	54392	1	1	1e+08	16000
1e+08	2.65	-0.45	-0.45	0.999905	9.48627e-05	0.999905	9.48627e-05	8.99978e-09	-0.21201	54392	1	1	1e+08	16000
1e+08	2.65	-0.45	-0.4	0.999964	3.58529e-05	0.999964	3.58529e-05	8.99992e-09	-0.187009	54392	1	1	1e+08	16000
1e+08	2.65	-0.45	-0.35	0.999986	1.35501e-05	0.999986	1.35501e-05	8.99997e-09	-0.162009	54392	1	1	1e+08	16000
1e+08	2.65	-0.45	-0.3	0.999995	5.12103e-06	0.999995	5.12103e-06	8.99999e-09	-0.137009	54392	1	1	1e+08	16000
1e+08	2.65	-0.45	-0.25	0.999998	1.9354e-06	0.999998	1.9354e-06	9e-09	-0.112009	54392	1	1	1e+08	16000
1e+08	2.65	-0.45	-0.2	0.999999	7.31448e-07	0.999999	7.31448e-07	9e-09	-0.0870091	54392	1	1	1e+08	16000
1e+08	2.65	-0.45	-0.15	1	2.76437e-07	1	2.76437e-07	9e-09	-0.0620091	54392	1	1	1e+08	16000
1e+08	2.65	-0.45	-0.1	1	1.04474e-07	1	1.04474e-07	9e-09	-0.0370091	54392	1	1	1e+08	16000
1e+08	2.65	-0.45	-0.05	1	3.9484e-08	1	3.9484e-08	9e-09	-0.0120091	54392	1	1	1e+08	16000
1e+08	2.65	-0.45	0	1	1.49222e-08	1	1.49222e-08	9e-09	0.0129909	54392	1	1	1e+08	16000
1e+08	2.65	-0.45	0.05	1	5.63958e-09	1	5.63958e-09	9e-09	0.0379909	54392	1	1	1e+08	16000
1e+08	2.65	-0.45	0.1	1	2.13137e-09	1	2.13137e-09	9e-09	0.0629909	54392	1	1	1e+08	16000
1e+08	2.65	-0.45	0.15	1	8.05511e-10	1	8.05511e-10	9e-09	0.0879909	54392	1	1	1e+08	16000
1e+08	2.65	-0.45	0.2	1	3.04428e-10	1	3.04428e-10	9e-09	0.112991	54392	1	1	1e+08	16000
1e+08	2.65	-0.45	0.25	1	1.15053e-10	1	1.15053e-10	9e-09	0.137991	54392	1	1	1e+08	16000
1e+08	2.65	-0.45	0.3	1	4.3482e-11	1	4.3482e-11	9e-09	0.162991	54392	1	1	1e+08	16000
1e+08	2.65	-0.45	0.35	1	1.64332e-11	1	1.64332e-11	9e-09	0.187991	54392	1	1	1e+08	16000
1e+08	2.65	-0.45	0.4	1	6.21061e-12	1	6.21061e-12	9e-09	0.212991	54392	1	1	1e+08	16000
1e+08	2.65	-0.45	0.45	1	2.34718e-12	1	2.34718e-12	9e-09	0.237991	54392	1	1	1e+08	16000
1e+08	2.65	-0.45	0.5	1	8.87082e-13	1	8.87082e-13	9e-09	0.262991	54392	1	1	1e+08	16000
1e+08	2.65	-0.45	0.55	1	6.12262e-13	1	6.12262e-13	9e-09	0.272517	54392	1	1	1e+08	16000
1e+08	2.65	-0.45	0.6	1	1.30775e-13	1	1.30775e-13	9e-09	0.312178	54392	1	1	1e+08	16000
1e+08	2.65	-0.45	0.65	1	2.90534e-13	1	2.90534e-13	9e-09	0.291669	54392	1	1	1e+08	16000
1e+08	2.65	-0.45	0.7	1	1.8098e-14	1	1.8098e-14	9e-09	0.36299	54392	1	1	1e+08	16000
1e+08	2.65	-0.45	0.75	1	-1.50329e-14	1	-1.50329e-14	9e-09	nan	54392	1	1	1e+08	16000
1e+08	2.65	-0.45	0.8	1	4.81056e-15	1	4.81056e-15	9e-09	0.397032	54392	1	1	1e+08	16000
1e+08	2.65	-0.45	0.85	1	9.8654e-16	1	9.8654e-16	9e-09	0.437738	54392	1	1	1e+08	16000
1e+08	2.65	-0.45	0.9	1	3.97519e-16	1	3.97519e-16	9e-09	0.461092	54392	1	1	1e+08	16000
1e+08	2.65	-0.45	0.95	1	6.19846e-17	1	6.19846e-17	9e-09	0.508838	54392	1	1	1e+08	16000
1e+08	2.65	-0.45	1	1	2.23355e-18	1	2.23355e-18	9e-09	0.594222	54392	1	1	1e+08	16000
1e+08	2.65	-0.45	1.05	1	6.62369e-20	1	6.62369e-20	9e-09	0.684611	54392	1	1	1e+08	16000
1e+08	2.65	-0.45	1.1	1	1.80028e-21	1	1.80028e-21	9e-09	0.777241	54392	1	1	1e+08	16000
1e+08	2.65	-0.45	1.15	1	4.48846e-23	1	4.48846e-23	9e-09	0.872087	54392	1	1	1e+08	16000
1e+08	2.65	-0.45	1.2	1	1.02653e-24	1	1.02653e-24	9e-09	0.969152	54392	1	1	1e+08	16000
1e+08	2.65	-0.45	1.25	1	2.15361e-26	1	2.15361e-26	9e-09	1.06843	54392	1	1	1e+08	16000
1e+08	2.65	-0.45	1.3	1	4.14458e-28	1	4.14458e-28	9e-09	1.16993	54392	1	1	1e+08	16000
1e+08	2.65	-0.45	1.35	1	7.31666e-30	1	7.31666e-30	9e-09	1.27365	54392	1	1	1e+08	16000
1e+08	2.65	-0.45	1.4	1	1.18485e-31	1	1.18485e-31	9e-09	1.37958	54392	1	1	1e+08	16000
1e+08	2.65	-0.45	1.45	1	1.76009e-33	1	1.76009e-33	9e-09	1.48773	54392	1	1	1e+08	16000
1e+08	2.65	-0.45	1.5	1	2.39841e-35	1	2.39841e-35	9e-09	1.5981	54392	1	1	1e+08	16000
1e+08	2.65	-0.45	1.55	1	2.99799e-37	1	2.99799e-37	9e-09	1.71069	54392	1	1	1e+08	16000
1e+08	2.65	-0.45	1.6	1	3.43761e-39	1	3.43761e-39	9e-09	1.82549	54392	1	1	1e+08	16000
1e+08	2.7	-0.45	-1.35	0.000163038	0.999837	0.000163038	0.999837	3.75337e-12	-0.674074	54392	1	1	1e+08	16000
1e+08	2.7	-0.45	-1.3	0.000431346	0.999569	0.000431346	0.999569	9.92718e-12	-0.64907	54392	1	1	1e+08	16000
1e+08	2.7	-0.45	-1.25	0.00114099	0.998859	0.00114099	0.998859	2.62378e-11	-0.62406	54392	1	1	1e+08	16000
1e+08	2.7	-0.45	-1.2	0.00301663	0.996983	0.00301663	0.996983	6.92198e-11	-0.599032	54392	1	1	1e+08	16000
1e+08	2.7	-0.45	-1.15	0.00796495	0.992035	0.00796495	0.992035	1.81728e-10	-0.573959	54392	1	1	1e+08	16000
1e+08	2.7	-0.45	-1.1	0.0209544	0.979046	0.0209544	0.979046	4.71038e-10	-0.548768	54392	1	1	1e+08	16000
1e+08	2.7	-0.45	-1.05	0.0545722	0.945428	0.0545722	0.945428	1.18083e-09	-0.523278	54392	1	1	1e+08	16000
1e+08	2.7	-0.45	-1	0.137896	0.862104	0.137896	0.862104	2.72046e-09	-0.497091	54392	1	1	1e+08	16000
1e+08	2.7	-0.45	-0.95	0.317465	0.682535	0.317465	0.682535	5.18568e-09	-0.469666	54392	1	1	1e+08	16000
1e+08	2.7	-0.45	-0.9	0.582847	0.417153	0.582847	0.417153	7.38692e-09	-0.441407	54392	1	1	1e+08	16000
1e+08	2.7	-0.45	-0.85	0.802453	0.197547	0.802453	0.197547	8.42403e-09	-0.413987	54392	1	1	1e+08	16000
1e+08	2.7	-0.45	-0.8	0.918398	0.0816025	0.918398	0.0816025	8.79329e-09	-0.387804	54392	1	1	1e+08	16000
1e+08	2.7	-0.45	-0.75	0.968102	0.0318977	0.968102	0.0318977	8.92379e-09	-0.362316	54392	1	1	1e+08	16000
1e+08	2.7	-0.45	-0.7	0.98779	0.0122096	0.98779	0.0122096	8.97149e-09	-0.337126	54392	1	1	1e+08	16000
1e+08	2.7	-0.45	-0.65	0.995363	0.00463663	0.995363	0.00463663	8.98927e-09	-0.312053	54392	1	1	1e+08	16000
1e+08	2.7	-0.45	-0.6	0.998244	0.00175551	0.998245	0.00175551	8.99595e-09	-0.287026	54392	1	1	1e+08	16000
1e+08	2.7	-0.45	-0.55	0.999336	0.000663919	0.999336	0.000663919	8.99847e-09	-0.262015	54392	1	1	1e+08	16000
1e+08	2.7	-0.45	-0.5	0.999749	0.000250981	0.999749	0.000250981	8.99942e-09	-0.237012	54392	1	1	1e+08	16000
1e+08	2.7	-0.45	-0.45	0.999905	9.48627e-05	0.999905	9.48627e-05	8.99978e-09	-0.21201	54392	1	1	1e+08	16000
1e+08	2.7	-0.45	-0.4	0.999964	3.58529e-05	0.999964	3.58529e-05	8.99992e-09	-0.187009	54392	1	1	1e+08	16000
1e+08	2.7	-0.45	-0.35	0.999986	1.35501e-05	0.999986	1.35501e-05	8.99997e-09	-0.162009	54392	1	1	1e+08	16000
1e+08	2.7	-0.45	-0.3	0.999995	5.12103e-06	0.999995	5.12103e-06	8.99999e-09	-0.137009	54392	1	1	1e+08	16000
1e+08	2.7	-0.45	-0.25	0.999998	1.9354e-06	0.999998	1.9354e-06	9e-09	-0.112009	54392	1	1	1e+08	16000
1e+08	2.7	-0.45	-0.2	0.999999	7.31448e-07	0.999999	7.31448e-07	9e-09	-0.0870091	54392	1	1	1e+08	16000
1e+08	2.7	-0.45	-0.15	1	2.76437e-07	1	2.76437e-07	9e-09	-0.0620091	54392	1	1	1e+08	16000
1e+08	2.7	-0.45	-0.1	1	1.04474e-07	1	1.04474e-07	9e-09	-0.0370091	54392	1	1	1e+08	16000
1e+08	2.7	-0.45	-0.05	1	3.9484e-08	1	3.9484e-08	9e-09	-0.0120091	54392	1	1	1e+08	16000
1e+08	2.7	-0.45	0	1	1.49222e-08	1	1.49222e-08	9e-09	0.0129909	54392	1	1	1e+08	16000
1e+08	2.7	-0.45	0.05	1	5.63958e-09	1	5.63958e-09	9e-09	0.0379909	54392	1	1	1e+08	16000
1e+08	2.7	-0.45	0.1	1	2.13137e-09	1	2.13137e-09	9e-09	0.0629909	54392	1	1	1e+08	16000
1e+08	2.7	-0.45	0.15	1	8.05511e-10	1	8.05511e-10	9e-09	0.0879909	54392	1	1	1e+08	16000
1e+08	2.7	-0.45	0.2	1	3.04428e-10	1	3.04428e-10	9e-09	0.112991	54392	1	1	1e+08	16000
1e+08	2.7	-0.45	0.25	1	1.15053e-10	1	1.15053e-10	9e-09	0.137991	54392	1	1	1e+08	16000
1e+08	2.7	-0.45	0.3	1	4.3482e-11	1	4.3482e-11	9e-09	0.162991	54392	1	1	1e+08	16000
1e+08	2.7	-0.45	0.35	1	1.64332e-11	1	1.64332e-11	9e-09	0.187991	54392	1	1	1e+08	16000
1e+08	2.7	-0.45	0.4	1	6.21061e-12	1	6.21061e-12	9e-09	0.212991	54392	1	1	1e+08	16000
1e+08	2.7	-0.45	0.45	1	2.34718e-12	1	2.34718e-12	9e-09	0.237991	54392	1	1	1e+08	16000
1e+08	2.7	-0.45	0.5	1	8.87082e-13	1	8.87082e-13	9e-09	0.262991	54392	1	1	1e+08	16000
1e+08	2.7	-0.45	0.55	1	-1.32988e-12	1	-1.32988e-12	9e-09	nan	54392	1	1	1e+08	16000
1e+08	2.7	-0.45	0.6	1	1.30775e-13	1	1.30775e-13	9e-09	0.312178	54392	1	1	1e+08	16000
1e+08	2.7	-0.45	0.65	1	2.90534e-13	1	2.90534e-13	9e-09	0.291669	54392	1	1	1e+08	16000
1e+08	2.7	-0.45	0.7	1	1.8098e-14	1	1.8098e-14	9e-09	0.36299	54392	1	1	1e+08	16000
1e+08	2.7	-0.45	0.75	1	-1.50329e-14	1	-1.50329e-14	9e-09	nan	54392	1	1	1e+08	16000
1e+08	2.7	-0.45	0.8	1	4.81056e-15	1	4.81056e-15	9e-09	0.397032	54392	1	1	1e+08	16000
1e+08	2.7	-0.45	0.85	1	9.8654e-16	1	9.8654e-16	9e-09	0.437738	54392	1	1	1e+08	16000
1e+08	2.7	-0.45	0.9	1	3.97519e-16	1	3.97519e-16	9e-09	0.461092	54392	1	1	1e+08	16000
1e+08	2.7	-0.45	0.95	1	6.19846e-17	1	6.19846e-17	9e-09	0.508838	54392	1	1	1e+08	16000
1e+08	2.7	-0.45	1	1	2.23355e-18	1	2.23355e-18	9e-09	0.594222	54392	1	1	1e+08	16000
1e+08	2.7	-0.45	1.05	1	6.62369e-20	1	6.62369e-20	9e-09	0.684611	54392	1	1	1e+08	16000
1e+08	2.7	-0.45	1.1	1	1.80028e-21	1	1.80028e-21	9e-09	0.777241	54392	1	1	1e+08	16000
1e+08	2.7	-0.45	1.15	1	4.48846e-23	1	4.48846e-23	9e-09	0.872087	54392	1	1	1e+08	16000
1e+08	2.7	-0.45	1.2	1	1.02653e-24	1	1.02653e-24	9e-09	0.969152	54392	1	1	1e+08	16000
1e+08	2.7	-0.45	1.25	1	2.15361e-26	1	2.15361e-26	9e-09	1.06843	54392	1	1	1e+08	16000
1e+08	2.7	-0.45	1.3	1	4.14458e-28	1	4.14458e-28	9e-09	1.16993	54392	1	1	1e+08	16000
1e+08	2.7	-0.45	1.35	1	7.31666e-30	1	7.31666e-30	9e-09	1.27365	54392	1	1	1e+08	16000
1e+08	2.7	-0.45	1.4	1	1.18485e-31	1	1.18485e-31	9e-09	1.37958	54392	1	1	1e+08	16000
1e+08	2.7	-0.45	1.45	1	1.76009e-33	1	1.76009e-33	9e-09	1.48773	54392	1	1	1e+08	16000
1e+08	2.7	-0.45	1.5	1	2.39841e-35	1	2.39841e-35	9e-09	1.5981	54392	1	1	1e+08	16000
1e+08	2.7	-0.45	1.55	1	2.99799e-37	1	2.99799e-37	9e-09	1.71069	54392	1	1	1e+08	16000
1e+08	2.7	-0.45	1.6	1	3.43761e-39	1	3.43761e-39	9e-09	1.82549	54392	1	1	1e+08	16000
1e+08	2.7	-0.45	1.65	1	3.61578e-41	1	3.61578e-41	9e-09	1.94251	54392	1	1	1e+08	16000
1e+08	2.7	-0.45	1.7	1	3.48872e-43	1	3.48872e-43	9e-09	2.06175	54392	1	1	1e+08	16000
1e+08	2.75	-0.45	-1.3	0.000431346	0.999569	0.000431346	0.999569	9.92718e-12	-0.64907	54392	1	1	1e+08	16000
1e+08	2.75	-0.45	-1.25	0.00114099	0.998859	0.00114099	0.998859	2.62378e-11	-0.62406	54392	1	1	1e+08	16000
1e+08	2.75	-0.45	-1.2	0.00301663	0.996983	0.00301663	0.996983	6.92198e-11	-0.599032	54392	1	1	1e+08	16000
1e+08	2.75	-0.45	-1.15	0.00796495	0.992035	0.00796495	0.992035	1.81728e-10	-0.573959	54392	1	1	1e+08	16000
1e+08	2.75	-0.45	-1.1	0.0209544	0.979046	0.0209544	0.979046	4.71038e-10	-0.548768	54392	1	1	1e+08	16000
1e+08	2.75	-0.45	-1.05	0.0545722	0.945428	0.0545722	0.945428	1.18083e-09	-0.523278	54392	1	1	1e+08	16000
1e+08	2.75	-0.45	-1	0.137896	0.862104	0.137896	0.862104	2.72046e-09	-0.497091	54392	1	1	1e+08	16000
1e+08	2.75	-0.45	-0.95	0.317465	0.682535	0.317465	0.682535	5.18568e-09	-0.469666	54392	1	1	1e+08	16000
1e+08	2.75	-0.45	-0.9	0.582847	0.417153	0.582847	0.417153	7.38692e-09	-0.441407	54392	1	1	1e+08	16000
1e+08	2.75	-0.45	-0.85	0.802453	0.197547	0.802453	0.197547	8.42403e-09	-0.413987	54392	1	1	1e+08	16000
1e+08	2.75	-0.45	-0.8	0.918398	0.0816025	0.918398	0.0816025	8.79329e-09	-0.387804	54392	1	1	1e+08	16000
1e+08	2.75	-0.45	-0.75	0.968102	0.0318977	0.968102	0.0318977	8.92379e-09	-0.362316	54392	1	1	1e+08	16000
1e+08	2.75	-0.45	-0.7	0.98779	0.0122096	0.98779	0.0122096	8.97149e-09	-0.337126	54392	1	1	1e+08	16000
1e+08	2.75	-0.45	-0.65	0.995363	0.00463663	0.995363	0.00463663	8.98927e-09	-0.312053	54392	1	1	1e+08	16000
1e+08	2.75	-0.45	-0.6	0.998244	0.00175551	0.998245	0.00175551	8.99595e-09	-0.287026	54392	1	1	1e+08	16000
1e+08	2.75	-0.45	-0.55	0.999336	0.000663919	0.999336	0.000663919	8.99847e-09	-0.262015	54392	1	1	1e+08	16000
1e+08	2.75	-0.45	-0.5	0.999749	0.000250981	0.999749	0.000250981	8.99942e-09	-0.237012	54392	1	1	1e+08	16000
1e+08	2.75	-0.45	-0.45	0.999905	9.48627e-05	0.999905	9.48627e-05	8.99978e-09	-0.21201	54392	1	1	1e+08	16000
1e+08	2.75	-0.45	-0.4	0.999964	3.58529e-05	0.999964	3.58529e-05	8.99992e-09	-0.187009	54392	1	1	1e+08	16000
1e+08	2.75	-0.45	-0.35	0.999986	1.35501e-05	0.999986	1.35501e-05	8.99997e-09	-0.162009	54392	1	1	1e+08	16000
1e+08	2.75	-0.45	-0.3	0.999995	5.12103e-06	0.999995	5.12103e-06	8.99999e-09	-0.137009	54392	1	1	1e+08	16000
1e+08	2.75	-0.45	-0.25	0.999998	1.9354e-06	0.999998	1.9354e-06	9e-09	-0.112009	54392	1	1	1e+08	16000
1e+08	2.75	-0.45	-0.2	0.999999	7.31448e-07	0.999999	7.31448e-07	9e-09	-0.0870091	54392	1	1	1e+08	16000
1e+08	2.75	-0.45	-0.15	1	2.76437e-07	1	2.76437e-07	9e-09	-0.0620091	54392	1	1	1e+08	16000
1e+08	2.75	-0.45	-0.1	1	1.04474e-07	1	1.04474e-07	9e-09	-0.0370091	54392	1	1	1e+08	16000
1e+08	2.75	-0.45	-0.05	1	3.9484e-08	1	3.9484e-08	9e-09	-0.0120091	54392	1	1	1e+08	16000
1e+08	2.75	-0.45	0	1	1.49222e-08	1	1.49222e-08	9e-09	0.0129909	54392	1	1	1e+08	16000
1e+08	2.75	-0.45	0.05	1	5.63958e-09	1	5.63958e-09	9e-09	0.0379909	54392	1	1	1e+08	16000
1e+08	2.75	-0.45	0.1	1	2.13137e-09	1	2.13137e-09	9e-09	0.0629909	54392	1	1	1e+08	16000
1e+08	2.75	-0.45	0.15	1	8.05511e-10	1	8.05511e-10	9e-09	0.0879909	54392	1	1	1e+08	16000
1e+08	2.75	-0.45	0.2	1	3.04428e-10	1	3.04428e-10	9e-09	0.112991	54392	1	1	1e+08	16000
1e+08	2.75	-0.45	0.25	1	1.15053e-10	1	1.15053e-10	9e-09	0.137991	54392	1	1	1e+08	16000
1e+08	2.75	-0.45	0.3	1	4.3482e-11	1	4.3482e-11	9e-09	0.162991	54392	1	1	1e+08	16000
1e+08	2.75	-0.45	0.35	1	1.64332e-11	1	1.64332e-11	9e-09	0.187991	54392	1	1	1e+08	16000
1e+08	2.75	-0.45	0.4	1	6.21061e-12	1	6.21061e-12	9e-09	0.212991	54392	1	1	1e+08	16000
1e+08	2.75	-0.45	0.45	1	2.34718e-12	1	2.34718e-12	9e-09	0.237991	54392	1	1	1e+08	16000
1e+08	2.75	-0.45	0.5	1	8.87082e-13	1	8.87082e-13	9e-09	0.262991	54392	1	1	1e+08	16000
1e+08	2.75	-0.45	0.55	1	4.74336e-13	1	4.74336e-13	9e-09	0.279075	54392	1	1	1e+08	16000
1e+08	2.75	-0.45	0.6	1	1.30775e-13	1	1.30775e-13	9e-09	0.312178	54392	1	1	1e+08	16000
1e+08	2.75	-0.45	0.65	1	3.56511e-13	1	3.56511e-13	9e-09	0.286411	54392	1	1	1e+08	16000
1e+08	2.75	-0.45	0.7	1	1.8098e-14	1	1.8098e-14	9e-09	0.36299	54392	1	1	1e+08	16000
1e+08	2.75	-0.45	0.75	1	-1.50329e-14	1	-1.50329e-14	9e-09	nan	54392	1	1	1e+08	16000
1e+08	2.75	-0.45	0.8	1	4.81056e-15	1	4.81056e-15	9e-09	0.397032	54392	1	1	1e+08	16000
1e+08	2.75	-0.45	0.85	1	9.8654e-16	1	9.8654e-16	9e-09	0.437738	54392	1	1	1e+08	16000
1e+08	2.75	-0.45	0.9	1	3.97519e-16	1	3.97519e-16	9e-09	0.461092	54392	1	1	1e+08	16000
1e+08	2.75	-0.45	0.95	1	6.19846e-17	1	6.19846e-17	9e-09	0.508838	54392	1	1	1e+08	16000
1e+08	2.75	-0.45	1	1	2.23355e-18	1	2.23355e-18	9e-09	0.594222	54392	1	1	1e+08	16000
1e+08	2.75	-0.45	1.05	1	6.62369e-20	1	6.62369e-20	9e-09	0.684611	54392	1	1	1e+08	16000
1e+08	2.75	-0.45	1.1	1	1.80028e-21	1	1.80028e-21	9e-09	0.777241	54392	1	1	1e+08	16000
1e+08	2.75	-0.45	1.15	1	4.48846e-23	1	4.48846e-23	9e-09	0.872087	54392	1	1	1e+08	16000
1e+08	2.75	-0.45	1.2	1	1.02653e-24	1	1.02653e-24	9e-09	0.969152	54392	1	1	1e+08	16000
1e+08	2.75	-0.45	1.25	1	2.15361e-26	1	2.15361e-26	9e-09	1.06843	54392	1	1	1e+08	16000
1e+08	2.75	-0.45	1.3	1	4.14458e-28	1	4.14458e-28	9e-09	1.16993	54392	1	1	1e+08	16000
1e+08	2.75	-0.45	1.35	1	7.31666e-30	1	7.31666e-30	9e-09	1.27365	54392	1	1	1e+08	16000
1e+08	2.75	-0.45	1.4	1	1.18485e-31	1	1.18485e-31	9e-09	1.37958	54392	1	1	1e+08	16000
1e+08	2.75	-0.45	1.45	1	1.76009e-33	1	1.76009e-33	9e-09	1.48773	54392	1	1	1e+08	16000
1e+08	2.75	-0.45	1.5	1	2.39841e-35	1	2.39841e-35	9e-09	1.5981	54392	1	1	1e+08	16000
1e+08	2.75	-0.45	1.55	1	2.99799e-37	1	2.99799e-37	9e-09	1.71069	54392	1	1	1e+08	16000
1e+08	2.75	-0.45	1.6	1	3.43761e-39	1	3.43761e-39	9e-09	1.82549	54392	1	1	1e+08	16000
1e+08	2.75	-0.45	1.65	1	3.61578e-41	1	3.61578e-41	9e-09	1.94251	54392	1	1	1e+08	16000
1e+08	2.75	-0.45	1.7	1	3.48872e-43	1	3.48872e-43	9e-09	2.06175	54392	1	1	1e+08	16000
1e+08	2.8	-0.45	-1.25	0.00114099	0.998859	0.00114099	0.998859	2.62378e-11	-0.62406	54392	1	1	1e+08	16000
1e+08	2.8	-0.45	-1.2	0.00301663	0.996983	0.00301663	0.996983	6.92198e-11	-0.599032	54392	1	1	1e+08	16000
1e+08	2.8	-0.45	-1.15	0.00796495	0.992035	0.00796495	0.992035	1.81728e-10	-0.573959	54392	1	1	1e+08	16000
1e+08	2.8	-0.45	-1.1	0.0209544	0.979046	0.0209544	0.979046	4.71038e-10	-0.548768	54392	1	1	1e+08	16000
1e+08	2.8	-0.45	-1.05	0.0545722	0.945428	0.0545722	0.945428	1.18083e-09	-0.523278	54392	1	1	1e+08	16000
1e+08	2.8	-0.45	-1	0.137896	0.862104	0.137896	0.862104	2.72046e-09	-0.497091	54392	1	1	1e+08	16000
1e+08	2.8	-0.45	-0.95	0.317465	0.682535	0.317465	0.682535	5.18568e-09	-0.469666	54392	1	1	1e+08	16000
1e+08	2.8	-0.45	-0.9	0.582847	0.417153	0.582847	0.417153	7.38692e-09	-0.441407	54392	1	1	1e+08	16000
1e+08	2.8	-0.45	-0.85	0.802453	0.197547	0.802453	0.197547	8.42403e-09	-0.413987	54392	1	1	1e+08	16000
1e+08	2.8	-0.45	-0.8	0.918398	0.0816025	0.918398	0.0816025	8.79329e-09	-0.387804	54392	1	1	1e+08	16000
1e+08	2.8	-0.45	-0.75	0.968102	0.0318977	0.968102	0.0318977	8.92379e-09	-0.362316	54392	1	1	1e+08	16000
1e+08	2.8	-0.45	-0.7	0.98779	0.0122096	0.98779	0.0122096	8.97149e-09	-0.337126	54392	1	1	1e+08	16000
1e+08	2.8	-0.45	-0.65	0.995363	0.00463663	0.995363	0.00463663	8.98927e-09	-0.312053	54392	1	1	1e+08	16000
1e+08	2.8	-0.45	-0.6	0.998244	0.00175551	0.998245	0.00175551	8.99595e-09	-0.287026	54392	1	1	1e+08	16000
1e+08	2.8	-0.45	-0.55	0.999336	0.000663919	0.999336	0.000663919	8.99847e-09	-0.262015	54392	1	1	1e+08	16000
1e+08	2.8	-0.45	-0.5	0.999749	0.000250981	0.999749	0.000250981	8.99942e-09	-0.237012	54392	1	1	1e+08	16000
1e+08	2.8	-0.45	-0.45	0.999905	9.48627e-05	0.999905	9.48627e-05	8.99978e-09	-0.21201	54392	1	1	1e+08	16000
1e+08	2.8	-0.45	-0.4	0.999964	3.58529e-05	0.999964	3.58529e-05	8.99992e-09	-0.187009	54392	1	1	1e+08	16000
1e+08	2.8	-0.45	-0.35	0.999986	1.35501e-05	0.999986	1.35501e-05	8.99997e-09	-0.162009	54392	1	1	1e+08	16000
1e+08	2.8	-0.45	-0.3	0.999995	5.12103e-06	0.999995	5.12103e-06	8.99999e-09	-0.137009	54392	1	1	1e+08	16000
1e+08	2.8	-0.45	-0.25	0.999998	1.9354e-06	0.999998	1.9354e-06	9e-09	-0.112009	54392	1	1	1e+08	16000
1e+08	2.8	-0.45	-0.2	0.999999	7.31448e-07	0.999999	7.31448e-07	9e-09	-0.0870091	54392	1	1	1e+08	16000
1e+08	2.8	-0.45	-0.15	1	2.76437e-07	1	2.76437e-07	9e-09	-0.0620091	54392	1	1	1e+08	16000
1e+08	2.8	-0.45	-0.1	1	1.04474e-07	1	1.04474e-07	9e-09	-0.0370091	54392	1	1	1e+08	16000
1e+08	2.8	-0.45	-0.05	1	3.9484e-08	1	3.9484e-08	9e-09	-0.0120091	54392	1	1	1e+08	16000
1e+08	2.8	-0.45	0	1	1.49222e-08	1	1.49222e-08	9e-09	0.0129909	54392	1	1	1e+08	16000
1e+08	2.8	-0.45	0.05	1	5.63958e-09	1	5.63958e-09	9e-09	0.0379909	54392	1	1	1e+08	16000
1e+08	2.8	-0.45	0.1	1	2.13137e-09	1	2.13137e-09	9e-09	0.0629909	54392	1	1	1e+08	16000
1e+08	2.8	-0.45	0.15	1	8.05511e-10	1	8.05511e-10	9e-09	0.0879909	54392	1	1	1e+08	16000
1e+08	2.8	-0.45	0.2	1	3.04428e-10	1	3.04428e-10	9e-09	0.112991	54392	1	1	1e+08	16000
1e+08	2.8	-0.45	0.25	1	1.15053e-10	1	1.15053e-10	9e-09	0.137991	54392	1	1	1e+08	16000
1e+08	2.8	-0.45	0.3	1	4.3482e-11	1	4.3482e-11	9e-09	0.162991	54392	1	1	1e+08	16000
1e+08	2.8	-0.45	0.35	1	1.64332e-11	1	1.64332e-11	9e-09	0.187991	54392	1	1	1e+08	16000
1e+08	2.8	-0.45	0.4	1	6.21061e-12	1	6.21061e-12	9e-09	0.212991	54392	1	1	1e+08	16000
1e+08	2.8	-0.45	0.45	1	2.34718e-12	1	2.34718e-12	9e-09	0.237991	54392	1	1	1e+08	16000
1e+08	2.8	-0.45	0.5	1	8.87082e-13	1	8.87082e-13	9e-09	0.262991	54392	1	1	1e+08	16000
1e+08	2.8	-0.45	0.55	1	4.74336e-13	1	4.74336e-13	9e-09	0.279075	54392	1	1	1e+08	16000
1e+08	2.8	-0.45	0.6	1	1.30775e-13	1	1.30775e-13	9e-09	0.312178	54392	1	1	1e+08	16000
1e+08	2.8	-0.45	0.65	1	2.90534e-13	1	2.90534e-13	9e-09	0.291669	54392	1	1	1e+08	16000
1e+08	2.8	-0.45	0.7	1	1.8098e-14	1	1.8098e-14	9e-09	0.36299	54392	1	1	1e+08	16000
1e+08	2.8	-0.45	0.75	1	-1.50329e-14	1	-1.50329e-14	9e-09	nan	54392	1	1	1e+08	16000
1e+08	2.8	-0.45	0.8	1	4.81056e-15	1	4.81056e-15	9e-09	0.397032	54392	1	1	1e+08	16000
1e+08	2.8	-0.45	0.85	1	9.8654e-16	1	9.8654e-16	9e-09	0.437738	54392	1	1	1e+08	16000
1e+08	2.8	-0.45	0.9	1	3.97519e-16	1	3.97519e-16	9e-09	0.461092	54392	1	1	1e+08	16000
1e+08	2.8	-0.45	0.95	1	6.19846e-17	1	6.19846e-17	9e-09	0.508838	54392	1	1	1e+08	16000
1e+08	2.8	-0.45	1	1	2.23355e-18	1	2.23355e-18	9e-09	0.594222	54392	1	1	1e+08	16000
1e+08	2.8	-0.45	1.05	1	6.62369e-20	1	6.62369e-20	9e-09	0.684611	54392	1	1	1e+08	16000
1e+08	2.8	-0.45	1.1	1	1.80028e-21	1	1.80028e-21	9e-09	0.777241	54392	1	1	1e+08	16000
1e+08	2.8	-0.45	1.15	1	4.48846e-23	1	4.48846e-23	9e-09	0.872087	54392	1	1	1e+08	16000
1e+08	2.8	-0.45	1.2	1	1.02653e-24	1	1.02653e-24	9e-09	0.969152	54392	1	1	1e+08	16000
1e+08	2.8	-0.45	1.25	1	2.15361e-26	1	2.15361e-26	9e-09	1.06843	54392	1	1	1e+08	16000
1e+08	2.8	-0.45	1.3	1	4.14458e-28	1	4.14458e-28	9e-09	1.16993	54392	1	1	1e+08	16000
1e+08	2.8	-0.45	1.35	1	7.31666e-30	1	7.31666e-30	9e-09	1.27365	54392	1	1	1e+08	16000
1e+08	2.8	-0.45	1.4	1	1.18485e-31	1	1.18485e-31	9e-09	1.37958	54392	1	1	1e+08	16000
1e+08	2.8	-0.45	1.45	1	1.76009e-33	1	1.76009e-33	9e-09	1.48773	54392	1	1	1e+08	16000
1e+08	2.8	-0.45	1.5	1	2.39841e-35	1	2.39841e-35	9e-09	1.5981	54392	1	1	1e+08	16000
1e+08	2.8	-0.45	1.55	1	2.99799e-37	1	2.99799e-37	9e-09	1.71069	54392	1	1	1e+08	16000
1e+08	2.8	-0.45	1.6	1	3.43761e-39	1	3.43761e-39	9e-09	1.82549	54392	1	1	1e+08	16000
1e+08	2.8	-0.45	1.65	1	3.61578e-41	1	3.61578e-41	9e-09	1.94251	54392	1	1	1e+08	16000
1e+08	2.8	-0.45	1.7	1	3.48872e-43	1	3.48872e-43	9e-09	2.06175	54392	1	1	1e+08	16000
1e+08	2.8	-0.45	1.75	1	3.0878e-45	1	3.0878e-45	9e-09	2.1832	54392	1	1	1e+08	16000
1e+08	2.85	-0.45	-1.2	0.00301663	0.996983	0.00301663	0.996983	6.92198e-11	-0.599032	54392	1	1	1e+08	16000
1e+08	2.85	-0.45	-1.15	0.00796495	0.992035	0.00796495	0.992035	1.81728e-10	-0.573959	54392	1	1	1e+08	16000
1e+08	2.85	-0.45	-1.1	0.0209544	0.979046	0.0209544	0.979046	4.71038e-10	-0.548768	54392	1	1	1e+08	16000
1e+08	2.85	-0.45	-1.05	0.0545722	0.945428	0.0545722	0.945428	1.18083e-09	-0.523278	54392	1	1	1e+08	16000
1e+08	2.85	-0.45	-1	0.137896	0.862104	0.137896	0.862104	2.72046e-09	-0.497091	54392	1	1	1e+08	16000
1e+08	2.85	-0.45	-0.95	0.317465	0.682535	0.317465	0.682535	5.18568e-09	-0.469666	54392	1	1	1e+08	16000
1e+08	2.85	-0.45	-0.9	0.582847	0.417153	0.582847	0.417153	7.38692e-09	-0.441407	54392	1	1	1e+08	16000
1e+08	2.85	-0.45	-0.85	0.802453	0.197547	0.802453	0.197547	8.42403e-09	-0.413987	54392	1	1	1e+08	16000
1e+08	2.85	-0.45	-0.8	0.918398	0.0816025	0.918398	0.0816025	8.79329e-09	-0.387804	54392	1	1	1e+08	16000
1e+08	2.85	-0.45	-0.75	0.968102	0.0318977	0.968102	0.0318977	8.92379e-09	-0.362316	54392	1	1	1e+08	16000
1e+08	2.85	-0.45	-0.7	0.98779	0.0122096	0.98779	0.0122096	8.97149e-09	-0.337126	54392	1	1	1e+08	16000
1e+08	2.85	-0.45	-0.65	0.995363	0.00463663	0.995363	0.00463663	8.98927e-09	-0.312053	54392	1	1	1e+08	16000
1e+08	2.85	-0.45	-0.6	0.998244	0.00175551	0.998245	0.00175551	8.99595e-09	-0.287026	54392	1	1	1e+08	16000
1e+08	2.85	-0.45	-0.55	0.999336	0.000663919	0.999336	0.000663919	8.99847e-09	-0.262015	54392	1	1	1e+08	16000
1e+08	2.85	-0.45	-0.5	0.999749	0.000250981	0.999749	0.000250981	8.99942e-09	-0.237012	54392	1	1	1e+08	16000
1e+08	2.85	-0.45	-0.45	0.999905	9.48627e-05	0.999905	9.48627e-05	8.99978e-09	-0.21201	54392	1	1	1e+08	16000
1e+08	2.85	-0.45	-0.4	0.999964	3.58529e-05	0.999964	3.58529e-05	8.99992e-09	-0.187009	54392	1	1	1e+08	16000
1e+08	2.85	-0.45	-0.35	0.999986	1.35501e-05	0.999986	1.35501e-05	8.99997e-09	-0.162009	54392	1	1	1e+08	16000
1e+08	2.85	-0.45	-0.3	0.999995	5.12103e-06	0.999995	5.12103e-06	8.99999e-09	-0.137009	54392	1	1	1e+08	16000
1e+08	2.85	-0.45	-0.25	0.999998	1.9354e-06	0.999998	1.9354e-06	9e-09	-0.112009	54392	1	1	1e+08	16000
1e+08	2.85	-0.45	-0.2	0.999999	7.31448e-07	0.999999	7.31448e-07	9e-09	-0.0870091	54392	1	1	1e+08	16000
1e+08	2.85	-0.45	-0.15	1	2.76437e-07	1	2.76437e-07	9e-09	-0.0620091	54392	1	1	1e+08	16000
1e+08	2.85	-0.45	-0.1	1	1.04474e-07	1	1.04474e-07	9e-09	-0.0370091	54392	1	1	1e+08	16000
1e+08	2.85	-0.45	-0.05	1	3.9484e-08	1	3.9484e-08	9e-09	-0.0120091	54392	1	1	1e+08	16000
1e+08	2.85	-0.45	0	1	1.49222e-08	1	1.49222e-08	9e-09	0.0129909	54392	1	1	1e+08	16000
1e+08	2.85	-0.45	0.05	1	5.63958e-09	1	5.63958e-09	9e-09	0.0379909	54392	1	1	1e+08	16000
1e+08	2.85	-0.45	0.1	1	2.13137e-09	1	2.13137e-09	9e-09	0.0629909	54392	1	1	1e+08	16000
1e+08	2.85	-0.45	0.15	1	8.05511e-10	1	8.05511e-10	9e-09	0.0879909	54392	1	1	1e+08	16000
1e+08	2.85	-0.45	0.2	1	3.04428e-10	1	3.04428e-10	9e-09	0.112991	54392	1	1	1e+08	16000
1e+08	2.85	-0.45	0.25	1	1.15053e-10	1	1.15053e-10	9e-09	0.137991	54392	1	1	1e+08	16000
1e+08	2.85	-0.45	0.3	1	4.3482e-11	1	4.3482e-11	9e-09	0.162991	54392	1	1	1e+08	16000
1e+08	2.85	-0.45	0.35	1	1.64332e-11	1	1.64332e-11	9e-09	0.187991	54392	1	1	1e+08	16000
1e+08	2.85	-0.45	0.4	1	6.21061e-12	1	6.21061e-12	9e-09	0.212991	54392	1	1	1e+08	16000
1e+08	2.85	-0.45	0.45	1	2.34718e-12	1	2.34718e-12	9e-09	0.237991	54392	1	1	1e+08	16000
1e+08	2.85	-0.45	0.5	1	8.87082e-13	1	8.87082e-13	9e-09	0.262991	54392	1	1	1e+08	16000
1e+08	2.85	-0.45	0.55	1	6.12262e-13	1	6.12262e-13	9e-09	0.272517	54392	1	1	1e+08	16000
1e+08	2.85	-0.45	0.6	1	1.30775e-13	1	1.30775e-13	9e-09	0.312178	54392	1	1	1e+08	16000
1e+08	2.85	-0.45	0.65	1	3.56511e-13	1	3.56511e-13	9e-09	0.286411	54392	1	1	1e+08	16000
1e+08	2.85	-0.45	0.7	1	1.8098e-14	1	1.8098e-14	9e-09	0.36299	54392	1	1	1e+08	16000
1e+08	2.85	-0.45	0.75	1	-1.50329e-14	1	-1.50329e-14	9e-09	nan	54392	1	1	1e+08	16000
1e+08	2.85	-0.45	0.8	1	4.81056e-15	1	4.81056e-15	9e-09	0.397032	54392	1	1	1e+08	16000
1e+08	2.85	-0.45	0.85	1	9.8654e-16	1	9.8654e-16	9e-09	0.437738	54392	1	1	1e+08	16000
1e+08	2.85	-0.45	0.9	1	3.97519e-16	1	3.97519e-16	9e-09	0.461092	54392	1	1	1e+08	16000
1e+08	2.85	-0.45	0.95	1	6.19846e-17	1	6.19846e-17	9e-09	0.508838	54392	1	1	1e+08	16000
1e+08	2.85	-0.45	1	1	2.23355e-18	1	2.23355e-18	9e-09	0.594222	54392	1	1	1e+08	16000
1e+08	2.85	-0.45	1.05	1	6.62369e-20	1	6.62369e-20	9e-09	0.684611	54392	1	1	1e+08	16000
1e+08	2.85	-0.45	1.1	1	1.80028e-21	1	1.80028e-21	9e-09	0.777241	54392	1	1	1e+08	16000
1e+08	2.85	-0.45	1.15	1	4.48846e-23	1	4.48846e-23	9e-09	0.872087	54392	1	1	1e+08	16000
1e+08	2.85	-0.45	1.2	1	1.02653e-24	1	1.02653e-24	9e-09	0.969152	54392	1	1	1e+08	16000
1e+08	2.85	-0.45	1.25	1	2.15361e-26	1	2.15361e-26	9e-09	1.06843	54392	1	1	1e+08	16000
1e+08	2.85	-0.45	1.3	1	4.14458e-28	1	4.14458e-28	9e-09	1.16993	54392	1	1	1e+08	16000
1e+08	2.85	-0.45	1.35	1	7.31666e-30	1	7.31666e-30	9e-09	1.27365	54392	1	1	1e+08	16000
1e+08	2.85	-0.45	1.4	1	1.18485e-31	1	1.18485e-31	9e-09	1.37958	54392	1	1	1e+08	16000
1e+08	2.85	-0.45	1.45	1	1.76009e-33	1	1.76009e-33	9e-09	1.48773	54392	1	1	1e+08	16000
1e+08	2.85	-0.45	1.5	1	2.39841e-35	1	2.39841e-35	9e-09	1.5981	54392	1	1	1e+08	16000
1e+08	2.85	-0.45	1.55	1	2.99799e-37	1	2.99799e-37	9e-09	1.71069	54392	1	1	1e+08	16000
1e+08	2.85	-0.45	1.6	1	3.43761e-39	1	3.43761e-39	9e-09	1.82549	54392	1	1	1e+08	16000
1e+08	2.85	-0.45	1.65	1	3.61578e-41	1	3.61578e-41	9e-09	1.94251	54392	1	1	1e+08	16000
1e+08	2.85	-0.45	1.7	1	3.48872e-43	1	3.48872e-43	9e-09	2.06175	54392	1	1	1e+08	16000
1e+08	2.85	-0.45	1.75	1	3.0878e-45	1	3.0878e-45	9e-09	2.1832	54392	1	1	1e+08	16000
1e+08	2.85	-0.45	1.8	1	2.50699e-47	1	2.50699e-47	9e-09	2.30688	54392	1	1	1e+08	16000
1e+08	2.9	-0.45	-1.15	0.00796495	0.992035	0.00796495	0.992035	1.81728e-10	-0.573959	54392	1	1	1e+08	16000
1e+08	2.9	-0.45	-1.1	0.0209544	0.979046	0.0209544	0.979046	4.71038e-10	-0.548768	54392	1	1	1e+08	16000
1e+08	2.9	-0.45	-1.05	0.0545722	0.945428	0.0545722	0.945428	1.18083e-09	-0.523278	54392	1	1	1e+08	16000
1e+08	2.9	-0.45	-1	0.137896	0.862104	0.137896	0.862104	2.72046e-09	-0.497091	54392	1	1	1e+08	16000
1e+08	2.9	-0.45	-0.95	0.317465	0.682535	0.317465	0.682535	5.18568e-09	-0.469666	54392	1	1	1e+08	16000
1e+08	2.9	-0.45	-0.9	0.582847	0.417153	0.582847	0.417153	7.38692e-09	-0.441407	54392	1	1	1e+08	16000
1e+08	2.9	-0.45	-0.85	0.802453	0.197547	0.802453	0.197547	8.42403e-09	-0.413987	54392	1	1	1e+08	16000
1e+08	2.9	-0.45	-0.8	0.918398	0.0816025	0.918398	0.0816025	8.79329e-09	-0.387804	54392	1	1	1e+08	16000
1e+08	2.9	-0.45	-0.75	0.968102	0.0318977	0.968102	0.0318977	8.92379e-09	-0.362316	54392	1	1	1e+08	16000
1e+08	2.9	-0.45	-0.7	0.98779	0.0122096	0.98779	0.0122096	8.97149e-09	-0.337126	54392	1	1	1e+08	16000
1e+08	2.9	-0.45	-0.65	0.995363	0.00463663	0.995363	0.00463663	8.98927e-09	-0.312053	54392	1	1	1e+08	16000
1e+08	2.9	-0.45	-0.6	0.998244	0.00175551	0.998245	0.00175551	8.99595e-09	-0.287026	54392	1	1	1e+08	16000
1e+08	2.9	-0.45	-0.55	0.999336	0.000663919	0.999336	0.000663919	8.99847e-09	-0.262015	54392	1	1	1e+08	16000
1e+08	2.9	-0.45	-0.5	0.999749	0.000250981	0.999749	0.000250981	8.99942e-09	-0.237012	54392	1	1	1e+08	16000
1e+08	2.9	-0.45	-0.45	0.999905	9.48627e-05	0.999905	9.48627e-05	8.99978e-09	-0.21201	54392	1	1	1e+08	16000
1e+08	2.9	-0.45	-0.4	0.999964	3.58529e-05	0.999964	3.58529e-05	8.99992e-09	-0.187009	54392	1	1	1e+08	16000
1e+08	2.9	-0.45	-0.35	0.999986	1.35501e-05	0.999986	1.35501e-05	8.99997e-09	-0.162009	54392	1	1	1e+08	16000
1e+08	2.9	-0.45	-0.3	0.999995	5.12103e-06	0.999995	5.12103e-06	8.99999e-09	-0.137009	54392	1	1	1e+08	16000
1e+08	2.9	-0.45	-0.25	0.999998	1.9354e-06	0.999998	1.9354e-06	9e-09	-0.112009	54392	1	1	1e+08	16000
1e+08	2.9	-0.45	-0.2	0.999999	7.31448e-07	0.999999	7.31448e-07	9e-09	-0.0870091	54392	1	1	1e+08	16000
1e+08	2.9	-0.45	-0.15	1	2.76437e-07	1	2.76437e-07	9e-09	-0.0620091	54392	1	1	1e+08	16000
1e+08	2.9	-0.45	-0.1	1	1.04474e-07	1	1.04474e-07	9e-09	-0.0370091	54392	1	1	1e+08	16000
1e+08	2.9	-0.45	-0.05	1	3.9484e-08	1	3.9484e-08	9e-09	-0.0120091	54392	1	1	1e+08	16000
1e+08	2.9	-0.45	0	1	1.49222e-08	1	1.49222e-08	9e-09	0.0129909	54392	1	1	1e+08	16000
1e+08	2.9	-0.45	0.05	1	5.63958e-09	1	5.63958e-09	9e-09	0.0379909	54392	1	1	1e+08	16000
1e+08	2.9	-0.45	0.1	1	2.13137e-09	1	2.13137e-09	9e-09	0.0629909	54392	1	1	1e+08	16000
1e+08	2.9	-0.45	0.15	1	8.05511e-10	1	8.05511e-10	9e-09	0.0879909	54392	1	1	1e+08	16000
1e+08	2.9	-0.45	0.2	1	3.04428e-10	1	3.04428e-10	9e-09	0.112991	54392	1	1	1e+08	16000
1e+08	2.9	-0.45	0.25	1	1.15053e-10	1	1.15053e-10	9e-09	0.137991	54392	1	1	1e+08	16000
1e+08	2.9	-0.45	0.3	1	4.3482e-11	1	4.3482e-11	9e-09	0.162991	54392	1	1	1e+08	16000
1e+08	2.9	-0.45	0.35	1	1.64332e-11	1	1.64332e-11	9e-09	0.187991	54392	1	1	1e+08	16000
1e+08	2.9	-0.45	0.4	1	6.21061e-12	1	6.21061e-12	9e-09	0.212991	54392	1	1	1e+08	16000
1e+08	2.9	-0.45	0.45	1	2.34718e-12	1	2.34718e-12	9e-09	0.237991	54392	1	1	1e+08	16000
1e+08	2.9	-0.45	0.5	1	8.87082e-13	1	8.87082e-13	9e-09	0.262991	54392	1	1	1e+08	16000
1e+08	2.9	-0.45	0.55	1	-1.32988e-12	1	-1.32988e-12	9e-09	nan	54392	1	1	1e+08	16000
1e+08	2.9	-0.45	0.6	1	1.30775e-13	1	1.30775e-13	9e-09	0.312178	54392	1	1	1e+08	16000
1e+08	2.9	-0.45	0.65	1	3.56511e-13	1	3.56511e-13	9e-09	0.286411	54392	1	1	1e+08	16000
1e+08	2.9	-0.45	0.7	1	1.8098e-14	1	1.8098e-14	9e-09	0.36299	54392	1	1	1e+08	16000
1e+08	2.9	-0.45	0.75	1	-1.50329e-14	1	-1.50329e-14	9e-09	nan	54392	1	1	1e+08	16000
1e+08	2.9	-0.45	0.8	1	4.81056e-15	1	4.81056e-15	9e-09	0.397032	54392	1	1	1e+08	16000
1e+08	2.9	-0.45	0.85	1	9.8654e-16	1	9.8654e-16	9e-09	0.437738	54392	1	1	1e+08	16000
1e+08	2.9	-0.45	0.9	1	3.97519e-16	1	3.97519e-16	9e-09	0.461092	54392	1	1	1e+08	16000
1e+08	2.9	-0.45	0.95	1	6.19846e-17	1	6.19846e-17	9e-09	0.508838	54392	1	1	1e+08	16000
1e+08	2.9	-0.45	1	1	2.23355e-18	1	2.23355e-18	9e-09	0.594222	54392	1	1	1e+08	16000
1e+08	2.9	-0.45	1.05	1	6.62369e-20	1	6.62369e-20	9e-09	0.684611	54392	1	1	1e+08	16000
1e+08	2.9	-0.45	1.1	1	1.80028e-21	1	1.80028e-21	9e-09	0.777241	54392	1	1	1e+08	16000
1e+08	2.9	-0.45	1.15	1	4.48846e-23	1	4.48846e-23	9e-09	0.872087	54392	1	1	1e+08	16000
1e+08	2.9	-0.45	1.2	1	1.02653e-24	1	1.02653e-24	9e-09	0.969152	54392	1	1	1e+08	16000
1e+08	2.9	-0.45	1.25	1	2.15361e-26	1	2.15361e-26	9e-09	1.06843	54392	1	1	1e+08	16000
1e+08	2.9	-0.45	1.3	1	4.14458e-28	1	4.14458e-28	9e-09	1.16993	54392	1	1	1e+08	16000
1e+08	2.9	-0.45	1.35	1	7.31666e-30	1	7.31666e-30	9e-09	1.27365	54392	1	1	1e+08	16000
1e+08	2.9	-0.45	1.4	1	1.18485e-31	1	1.18485e-31	9e-09	1.37958	54392	1	1	1e+08	16000
1e+08	2.9	-0.45	1.45	1	1.76009e-33	1	1.76009e-33	9e-09	1.48773	54392	1	1	1e+08	16000
1e+08	2.9	-0.45	1.5	1	2.39841e-35	1	2.39841e-35	9e-09	1.5981	54392	1	1	1e+08	16000
1e+08	2.9	-0.45	1.55	1	2.99799e-37	1	2.99799e-37	9e-09	1.71069	54392	1	1	1e+08	16000
1e+08	2.9	-0.45	1.6	1	3.43761e-39	1	3.43761e-39	9e-09	1.82549	54392	1	1	1e+08	16000
1e+08	2.9	-0.45	1.65	1	3.61578e-41	1	3.61578e-41	9e-09	1.94251	54392	1	1	1e+08	16000
1e+08	2.9	-0.45	1.7	1	3.48872e-43	1	3.48872e-43	9e-09	2.06175	54392	1	1	1e+08	16000
1e+08	2.9	-0.45	1.75	1	3.0878e-45	1	3.0878e-45	9e-09	2.1832	54392	1	1	1e+08	16000
1e+08	2.9	-0.45	1.8	1	2.50699e-47	1	2.50699e-47	9e-09	2.30688	54392	1	1	1e+08	16000
1e+08	2.9	-0.45	1.85	1	1.86712e-49	1	1.86712e-49	9e-09	2.43277	54392	1	1	1e+08	16000
1e+08	2.95	-0.45	-1.1	0.0209544	0.979046	0.0209544	0.979046	4.71038e-10	-0.548768	54392	1	1	1e+08	16000
1e+08	2.95	-0.45	-1.05	0.0545722	0.945428	0.0545722	0.945428	1.18083e-09	-0.523278	54392	1	1	1e+08	16000
1e+08	2.95	-0.45	-1	0.137896	0.862104	0.137896	0.862104	2.72046e-09	-0.497091	54392	1	1	1e+08	16000
1e+08	2.95	-0.45	-0.95	0.317465	0.682535	0.317465	0.682535	5.18568e-09	-0.469666	54392	1	1	1e+08	16000
1e+08	2.95	-0.45	-0.9	0.582847	0.417153	0.582847	0.417153	7.38692e-09	-0.441407	54392	1	1	1e+08	16000
1e+08	2.95	-0.45	-0.85	0.802453	0.197547	0.802453	0.197547	8.42403e-09	-0.413987	54392	1	1	1e+08	16000
1e+08	2.95	-0.45	-0.8	0.918398	0.0816025	0.918398	0.0816025	8.79329e-09	-0.387804	54392	1	1	1e+08	16000
1e+08	2.95	-0.45	-0.75	0.968102	0.0318977	0.968102	0.0318977	8.92379e-09	-0.362316	54392	1	1	1e+08	16000
1e+08	2.95	-0.45	-0.7	0.98779	0.0122096	0.98779	0.0122096	8.97149e-09	-0.337126	54392	1	1	1e+08	16000
1e+08	2.95	-0.45	-0.65	0.995363	0.00463663	0.995363	0.00463663	8.98927e-09	-0.312053	54392	1	1	1e+08	16000
1e+08	2.95	-0.45	-0.6	0.998244	0.00175551	0.998245	0.00175551	8.99595e-09	-0.287026	54392	1	1	1e+08	16000
1e+08	2.95	-0.45	-0.55	0.999336	0.000663919	0.999336	0.000663919	8.99847e-09	-0.262015	54392	1	1	1e+08	16000
1e+08	2.95	-0.45	-0.5	0.999749	0.000250981	0.999749	0.000250981	8.99942e-09	-0.237012	54392	1	1	1e+08	16000
1e+08	2.95	-0.45	-0.45	0.999905	9.48627e-05	0.999905	9.48627e-05	8.99978e-09	-0.21201	54392	1	1	1e+08	16000
1e+08	2.95	-0.45	-0.4	0.999964	3.58529e-05	0.999964	3.58529e-05	8.99992e-09	-0.187009	54392	1	1	1e+08	16000
1e+08	2.95	-0.45	-0.35	0.999986	1.35501e-05	0.999986	1.35501e-05	8.99997e-09	-0.162009	54392	1	1	1e+08	16000
1e+08	2.95	-0.45	-0.3	0.999995	5.12103e-06	0.999995	5.12103e-06	8.99999e-09	-0.137009	54392	1	1	1e+08	16000
1e+08	2.95	-0.45	-0.25	0.999998	1.9354e-06	0.999998	1.9354e-06	9e-09	-0.112009	54392	1	1	1e+08	16000
1e+08	2.95	-0.45	-0.2	0.999999	7.31448e-07	0.999999	7.31448e-07	9e-09	-0.0870091	54392	1	1	1e+08	16000
1e+08	2.95	-0.45	-0.15	1	2.76437e-07	1	2.76437e-07	9e-09	-0.0620091	54392	1	1	1e+08	16000
1e+08	2.95	-0.45	-0.1	1	1.04474e-07	1	1.04474e-07	9e-09	-0.0370091	54392	1	1	1e+08	16000
1e+08	2.95	-0.45	-0.05	1	3.9484e-08	1	3.9484e-08	9e-09	-0.0120091	54392	1	1	1e+08	16000
1e+08	2.95	-0.45	0	1	1.49222e-08	1	1.49222e-08	9e-09	0.0129909	54392	1	1	1e+08	16000
1e+08	2.95	-0.45	0.05	1	5.63958e-09	1	5.63958e-09	9e-09	0.0379909	54392	1	1	1e+08	16000
1e+08	2.95	-0.45	0.1	1	2.13137e-09	1	2.13137e-09	9e-09	0.0629909	54392	1	1	1e+08	16000
1e+08	2.95	-0.45	0.15	1	8.05511e-10	1	8.05511e-10	9e-09	0.0879909	54392	1	1	1e+08	16000
1e+08	2.95	-0.45	0.2	1	3.04428e-10	1	3.04428e-10	9e-09	0.112991	54392	1	1	1e+08	16000
1e+08	2.95	-0.45	0.25	1	1.15053e-10	1	1.15053e-10	9e-09	0.137991	54392	1	1	1e+08	16000
1e+08	2.95	-0.45	0.3	1	4.3482e-11	1	4.3482e-11	9e-09	0.162991	54392	1	1	1e+08	16000
1e+08	2.95	-0.45	0.35	1	1.64332e-11	1	1.64332e-11	9e-09	0.187991	54392	1	1	1e+08	16000
1e+08	2.95	-0.45	0.4	1	6.21061e-12	1	6.21061e-12	9e-09	0.212991	54392	1	1	1e+08	16000
1e+08	2.95	-0.45	0.45	1	2.34718e-12	1	2.34718e-12	9e-09	0.237991	54392	1	1	1e+08	16000
1e+08	2.95	-0.45	0.5	1	8.87082e-13	1	8.87082e-13	9e-09	0.262991	54392	1	1	1e+08	16000
1e+08	2.95	-0.45	0.55	1	-1.32988e-12	1	-1.32988e-12	9e-09	nan	54392	1	1	1e+08	16000
1e+08	2.95	-0.45	0.6	1	1.30775e-13	1	1.30775e-13	9e-09	0.312178	54392	1	1	1e+08	16000
1e+08	2.95	-0.45	0.65	1	2.90534e-13	1	2.90534e-13	9e-09	0.291669	54392	1	1	1e+08	16000
1e+08	2.95	-0.45	0.7	1	1.8098e-14	1	1.8098e-14	9e-09	0.36299	54392	1	1	1e+08	16000
1e+08	2.95	-0.45	0.75	1	-1.50329e-14	1	-1.50329e-14	9e-09	nan	54392	1	1	1e+08	16000
1e+08	2.95	-0.45	0.8	1	4.81056e-15	1	4.81056e-15	9e-09	0.397032	54392	1	1	1e+08	16000
1e+08	2.95	-0.45	0.85	1	9.8654e-16	1	9.8654e-16	9e-09	0.437738	54392	1	1	1e+08	16000
1e+08	2.95	-0.45	0.9	1	3.97519e-16	1	3.97519e-16	9e-09	0.461092	54392	1	1	1e+08	16000
1e+08	2.95	-0.45	0.95	1	6.19846e-17	1	6.19846e-17	9e-09	0.508838	54392	1	1	1e+08	16000
1e+08	2.95	-0.45	1	1	2.23355e-18	1	2.23355e-18	9e-09	0.594222	54392	1	1	1e+08	16000
1e+08	2.95	-0.45	1.05	1	6.62369e-20	1	6.62369e-20	9e-09	0.684611	54392	1	1	1e+08	16000
1e+08	2.95	-0.45	1.1	1	1.80028e-21	1	1.80028e-21	9e-09	0.777241	54392	1	1	1e+08	16000
1e+08	2.95	-0.45	1.15	1	4.48846e-23	1	4.48846e-23	9e-09	0.872087	54392	1	1	1e+08	16000
1e+08	2.95	-0.45	1.2	1	1.02653e-24	1	1.02653e-24	9e-09	0.969152	54392	1	1	1e+08	16000
1e+08	2.95	-0.45	1.25	1	2.15361e-26	1	2.15361e-26	9e-09	1.06843	54392	1	1	1e+08	16000
1e+08	2.95	-0.45	1.3	1	4.14458e-28	1	4.14458e-28	9e-09	1.16993	54392	1	1	1e+08	16000
1e+08	2.95	-0.45	1.35	1	7.31666e-30	1	7.31666e-30	9e-09	1.27365	54392	1	1	1e+08	16000
1e+08	2.95	-0.45	1.4	1	1.18485e-31	1	1.18485e-31	9e-09	1.37958	54392	1	1	1e+08	16000
1e+08	2.95	-0.45	1.45	1	1.76009e-33	1	1.76009e-33	9e-09	1.48773	54392	1	1	1e+08	16000
1e+08	2.95	-0.45	1.5	1	2.39841e-35	1	2.39841e-35	9e-09	1.5981	54392	1	1	1e+08	16000
1e+08	2.95	-0.45	1.55	1	2.99799e-37	1	2.99799e-37	9e-09	1.71069	54392	1	1	1e+08	16000
1e+08	2.95	-0.45	1.6	1	3.43761e-39	1	3.43761e-39	9e-09	1.82549	54392	1	1	1e+08	16000
1e+08	2.95	-0.45	1.65	1	3.61578e-41	1	3.61578e-41	9e-09	1.94251	54392	1	1	1e+08	16000
1e+08	2.95	-0.45	1.7	1	3.48872e-43	1	3.48872e-43	9e-09	2.06175	54392	1	1	1e+08	16000
1e+08	2.95	-0.45	1.75	1	3.0878e-45	1	3.0878e-45	9e-09	2.1832	54392	1	1	1e+08	16000
1e+08	2.95	-0.45	1.8	1	2.50699e-47	1	2.50699e-47	9e-09	2.30688	54392	1	1	1e+08	16000
1e+08	2.95	-0.45	1.85	1	1.86712e-49	1	1.86712e-49	9e-09	2.43277	54392	1	1	1e+08	16000
1e+08	2.95	-0.45	1.9	1	1.27559e-51	1	1.27559e-51	9e-09	2.56087	54392	1	1	1e+08	16000
1e+08	2.95	-0.45	1.95	1	7.99413e-54	1	7.99413e-54	9e-09	2.6912	54392	1	1	1e+08	16000
1e+08	3	-0.45	-1.05	0.0545722	0.945428	0.0545722	0.945428	1.18083e-09	-0.523278	54392	1	1	1e+08	16000
1e+08	3	-0.45	-1	0.137896	0.862104	0.137896	0.862104	2.72046e-09	-0.497091	54392	1	1	1e+08	16000
1e+08	3	-0.45	-0.95	0.317465	0.682535	0.317465	0.682535	5.18568e-09	-0.469666	54392	1	1	1e+08	16000
1e+08	3	-0.45	-0.9	0.582847	0.417153	0.582847	0.417153	7.38692e-09	-0.441407	54392	1	1	1e+08	16000
1e+08	3	-0.45	-0.85	0.802453	0.197547	0.802453	0.197547	8.42403e-09	-0.413987	54392	1	1	1e+08	16000
1e+08	3	-0.45	-0.8	0.918398	0.0816025	0.918398	0.0816025	8.79329e-09	-0.387804	54392	1	1	1e+08	16000
1e+08	3	-0.45	-0.75	0.968102	0.0318977	0.968102	0.0318977	8.92379e-09	-0.362316	54392	1	1	1e+08	16000
1e+08	3	-0.45	-0.7	0.98779	0.0122096	0.98779	0.0122096	8.97149e-09	-0.337126	54392	1	1	1e+08	16000
1e+08	3	-0.45	-0.65	0.995363	0.00463663	0.995363	0.00463663	8.98927e-09	-0.312053	54392	1	1	1e+08	16000
1e+08	3	-0.45	-0.6	0.998244	0.00175551	0.998245	0.00175551	8.99595e-09	-0.287026	54392	1	1	1e+08	16000
1e+08	3	-0.45	-0.55	0.999336	0.000663919	0.999336	0.000663919	8.99847e-09	-0.262015	54392	1	1	1e+08	16000
1e+08	3	-0.45	-0.5	0.999749	0.000250981	0.999749	0.000250981	8.99942e-09	-0.237012	54392	1	1	1e+08	16000
1e+08	3	-0.45	-0.45	0.999905	9.48627e-05	0.999905	9.48627e-05	8.99978e-09	-0.21201	54392	1	1	1e+08	16000
1e+08	3	-0.45	-0.4	0.999964	3.58529e-05	0.999964	3.58529e-05	8.99992e-09	-0.187009	54392	1	1	1e+08	16000
1e+08	3	-0.45	-0.35	0.999986	1.35501e-05	0.999986	1.35501e-05	8.99997e-09	-0.162009	54392	1	1	1e+08	16000
1e+08	3	-0.45	-0.3	0.999995	5.12103e-06	0.999995	5.12103e-06	8.99999e-09	-0.137009	54392	1	1	1e+08	16000
1e+08	3	-0.45	-0.25	0.999998	1.9354e-06	0.999998	1.9354e-06	9e-09	-0.112009	54392	1	1	1e+08	16000
1e+08	3	-0.45	-0.2	0.999999	7.31448e-07	0.999999	7.31448e-07	9e-09	-0.0870091	54392	1	1	1e+08	16000
1e+08	3	-0.45	-0.15	1	2.76437e-07	1	2.76437e-07	9e-09	-0.0620091	54392	1	1	1e+08	16000
1e+08	3	-0.45	-0.1	1	1.04474e-07	1	1.04474e-07	9e-09	-0.0370091	54392	1	1	1e+08	16000
1e+08	3	-0.45	-0.05	1	3.9484e-08	1	3.9484e-08	9e-09	-0.0120091	54392	1	1	1e+08	16000
1e+08	3	-0.45	0	1	1.49222e-08	1	1.49222e-08	9e-09	0.0129909	54392	1	1	1e+08	16000
1e+08	3	-0.45	0.05	1	5.63958e-09	1	5.63958e-09	9e-09	0.0379909	54392	1	1	1e+08	16000
1e+08	3	-0.45	0.1	1	2.13137e-09	1	2.13137e-09	9e-09	0.0629909	54392	1	1	1e+08	16000
1e+08	3	-0.45	0.15	1	8.05511e-10	1	8.05511e-10	9e-09	0.0879909	54392	1	1	1e+08	16000
1e+08	3	-0.45	0.2	1	3.04428e-10	1	3.04428e-10	9e-09	0.112991	54392	1	1	1e+08	16000
1e+08	3	-0.45	0.25	1	1.15053e-10	1	1.15053e-10	9e-09	0.137991	54392	1	1	1e+08	16000
1e+08	3	-0.45	0.3	1	4.3482e-11	1	4.3482e-11	9e-09	0.162991	54392	1	1	1e+08	16000
1e+08	3	-0.45	0.35	1	1.64332e-11	1	1.64332e-11	9e-09	0.187991	54392	1	1	1e+08	16000
1e+08	3	-0.45	0.4	1	6.21061e-12	1	6.21061e-12	9e-09	0.212991	54392	1	1	1e+08	16000
1e+08	3	-0.45	0.45	1	2.34718e-12	1	2.34718e-12	9e-09	0.237991	54392	1	1	1e+08	16000
1e+08	3	-0.45	0.5	1	8.87082e-13	1	8.87082e-13	9e-09	0.262991	54392	1	1	1e+08	16000
1e+08	3	-0.45	0.55	1	-1.32988e-12	1	-1.32988e-12	9e-09	nan	54392	1	1	1e+08	16000
1e+08	3	-0.45	0.6	1	1.30775e-13	1	1.30775e-13	9e-09	0.312178	54392	1	1	1e+08	16000
1e+08	3	-0.45	0.65	1	2.90534e-13	1	2.90534e-13	9e-09	0.291669	54392	1	1	1e+08	16000
1e+08	3	-0.45	0.7	1	1.8098e-14	1	1.8098e-14	9e-09	0.36299	54392	1	1	1e+08	16000
1e+08	3	-0.45	0.75	1	-1.50329e-14	1	-1.50329e-14	9e-09	nan	54392	1	1	1e+08	16000
1e+08	3	-0.45	0.8	1	4.81056e-15	1	4.81056e-15	9e-09	0.397032	54392	1	1	1e+08	16000
1e+08	3	-0.45	0.85	1	9.8654e-16	1	9.8654e-16	9e-09	0.437738	54392	1	1	1e+08	16000
1e+08	3	-0.45	0.9	1	3.97519e-16	1	3.97519e-16	9e-09	0.461092	54392	1	1	1e+08	16000
1e+08	3	-0.45	0.95	1	6.19846e-17	1	6.19846e-17	9e-09	0.508838	54392	1	1	1e+08	16000
1e+08	3	-0.45	1	1	2.23355e-18	1	2.23355e-18	9e-09	0.594222	54392	1	1	1e+08	16000
1e+08	3	-0.45	1.05	1	6.62369e-20	1	6.62369e-20	9e-09	0.684611	54392	1	1	1e+08	16000
1e+08	3	-0.45	1.1	1	1.80028e-21	1	1.80028e-21	9e-09	0.777241	54392	1	1	1e+08	16000
1e+08	3	-0.45	1.15	1	4.48846e-23	1	4.48846e-23	9e-09	0.872087	54392	1	1	1e+08	16000
1e+08	3	-0.45	1.2	1	1.02653e-24	1	1.02653e-24	9e-09	0.969152	54392	1	1	1e+08	16000
1e+08	3	-0.45	1.25	1	2.15361e-26	1	2.15361e-26	9e-09	1.06843	54392	1	1	1e+08	16000
1e+08	3	-0.45	1.3	1	4.14458e-28	1	4.14458e-28	9e-09	1.16993	54392	1	1	1e+08	16000
1e+08	3	-0.45	1.35	1	7.31666e-30	1	7.31666e-30	9e-09	1.27365	54392	1	1	1e+08	16000
1e+08	3	-0.45	1.4	1	1.18485e-31	1	1.18485e-31	9e-09	1.37958	54392	1	1	1e+08	16000
1e+08	3	-0.45	1.45	1	1.76009e-33	1	1.76009e-33	9e-09	1.48773	54392	1	1	1e+08	16000
1e+08	3	-0.45	1.5	1	2.39841e-35	1	2.39841e-35	9e-09	1.5981	54392	1	1	1e+08	16000
1e+08	3	-0.45	1.55	1	2.99799e-37	1	2.99799e-37	9e-09	1.71069	54392	1	1	1e+08	16000
1e+08	3	-0.45	1.6	1	3.43761e-39	1	3.43761e-39	9e-09	1.82549	54392	1	1	1e+08	16000
1e+08	3	-0.45	1.65	1	3.61578e-41	1	3.61578e-41	9e-09	1.94251	54392	1	1	1e+08	16000
1e+08	3	-0.45	1.7	1	3.48872e-43	1	3.48872e-43	9e-09	2.06175	54392	1	1	1e+08	16000
1e+08	3	-0.45	1.75	1	3.0878e-45	1	3.0878e-45	9e-09	2.1832	54392	1	1	1e+08	16000
1e+08	3	-0.45	1.8	1	2.50699e-47	1	2.50699e-47	9e-09	2.30688	54392	1	1	1e+08	16000
1e+08	3	-0.45	1.85	1	1.86712e-49	1	1.86712e-49	9e-09	2.43277	54392	1	1	1e+08	16000
1e+08	3	-0.45	1.9	1	1.27559e-51	1	1.27559e-51	9e-09	2.56087	54392	1	1	1e+08	16000
1e+08	3	-0.45	1.95	1	7.99413e-54	1	7.99413e-54	9e-09	2.6912	54392	1	1	1e+08	16000
